[2024-09-21 23:06:24] production.ERROR: No application encryption key has been specified. {"exception":"[object] (Illuminate\\Encryption\\MissingAppKeyException(code: 0): No application encryption key has been specified. at /Applications/XAMPP/xamppfiles/htdocs/Project (Laravel)/phplaravel/Module_03/vendor/laravel/framework/src/Illuminate/Encryption/EncryptionServiceProvider.php:83)
[stacktrace]
#0 /Applications/XAMPP/xamppfiles/htdocs/Project (Laravel)/phplaravel/Module_03/vendor/laravel/framework/src/Illuminate/Support/helpers.php(380): Illuminate\\Encryption\\EncryptionServiceProvider->Illuminate\\Encryption\\{closure}(NULL)
#1 /Applications/XAMPP/xamppfiles/htdocs/Project (Laravel)/phplaravel/Module_03/vendor/laravel/framework/src/Illuminate/Encryption/EncryptionServiceProvider.php(81): tap(NULL, Object(Closure))
#2 /Applications/XAMPP/xamppfiles/htdocs/Project (Laravel)/phplaravel/Module_03/vendor/laravel/framework/src/Illuminate/Encryption/EncryptionServiceProvider.php(64): Illuminate\\Encryption\\EncryptionServiceProvider->key(Array)
#3 /Applications/XAMPP/xamppfiles/htdocs/Project (Laravel)/phplaravel/Module_03/vendor/laravel/framework/src/Illuminate/Encryption/EncryptionServiceProvider.php(32): Illuminate\\Encryption\\EncryptionServiceProvider->parseKey(Array)
#4 /Applications/XAMPP/xamppfiles/htdocs/Project (Laravel)/phplaravel/Module_03/vendor/laravel/framework/src/Illuminate/Container/Container.php(931): Illuminate\\Encryption\\EncryptionServiceProvider->Illuminate\\Encryption\\{closure}(Object(Illuminate\\Foundation\\Application), Array)
#5 /Applications/XAMPP/xamppfiles/htdocs/Project (Laravel)/phplaravel/Module_03/vendor/laravel/framework/src/Illuminate/Container/Container.php(815): Illuminate\\Container\\Container->build(Object(Closure))
#6 /Applications/XAMPP/xamppfiles/htdocs/Project (Laravel)/phplaravel/Module_03/vendor/laravel/framework/src/Illuminate/Foundation/Application.php(1046): Illuminate\\Container\\Container->resolve('encrypter', Array, true)
#7 /Applications/XAMPP/xamppfiles/htdocs/Project (Laravel)/phplaravel/Module_03/vendor/laravel/framework/src/Illuminate/Container/Container.php(751): Illuminate\\Foundation\\Application->resolve('encrypter', Array)
#8 /Applications/XAMPP/xamppfiles/htdocs/Project (Laravel)/phplaravel/Module_03/vendor/laravel/framework/src/Illuminate/Foundation/Application.php(1028): Illuminate\\Container\\Container->make('encrypter', Array)
#9 /Applications/XAMPP/xamppfiles/htdocs/Project (Laravel)/phplaravel/Module_03/vendor/laravel/framework/src/Illuminate/Container/Container.php(1108): Illuminate\\Foundation\\Application->make('encrypter')
#10 /Applications/XAMPP/xamppfiles/htdocs/Project (Laravel)/phplaravel/Module_03/vendor/laravel/framework/src/Illuminate/Container/Container.php(1022): Illuminate\\Container\\Container->resolveClass(Object(ReflectionParameter))
#11 /Applications/XAMPP/xamppfiles/htdocs/Project (Laravel)/phplaravel/Module_03/vendor/laravel/framework/src/Illuminate/Container/Container.php(973): Illuminate\\Container\\Container->resolveDependencies(Array)
#12 /Applications/XAMPP/xamppfiles/htdocs/Project (Laravel)/phplaravel/Module_03/vendor/laravel/framework/src/Illuminate/Container/Container.php(815): Illuminate\\Container\\Container->build('Illuminate\\\\Cook...')
#13 /Applications/XAMPP/xamppfiles/htdocs/Project (Laravel)/phplaravel/Module_03/vendor/laravel/framework/src/Illuminate/Foundation/Application.php(1046): Illuminate\\Container\\Container->resolve('Illuminate\\\\Cook...', Array, true)
#14 /Applications/XAMPP/xamppfiles/htdocs/Project (Laravel)/phplaravel/Module_03/vendor/laravel/framework/src/Illuminate/Container/Container.php(751): Illuminate\\Foundation\\Application->resolve('Illuminate\\\\Cook...', Array)
#15 /Applications/XAMPP/xamppfiles/htdocs/Project (Laravel)/phplaravel/Module_03/vendor/laravel/framework/src/Illuminate/Foundation/Application.php(1028): Illuminate\\Container\\Container->make('Illuminate\\\\Cook...', Array)
#16 /Applications/XAMPP/xamppfiles/htdocs/Project (Laravel)/phplaravel/Module_03/vendor/laravel/framework/src/Illuminate/Pipeline/Pipeline.php(172): Illuminate\\Foundation\\Application->make('Illuminate\\\\Cook...')
#17 /Applications/XAMPP/xamppfiles/htdocs/Project (Laravel)/phplaravel/Module_03/vendor/laravel/framework/src/Illuminate/Pipeline/Pipeline.php(119): Illuminate\\Pipeline\\Pipeline->Illuminate\\Pipeline\\{closure}(Object(Illuminate\\Http\\Request))
#18 /Applications/XAMPP/xamppfiles/htdocs/Project (Laravel)/phplaravel/Module_03/vendor/laravel/framework/src/Illuminate/Routing/Router.php(807): Illuminate\\Pipeline\\Pipeline->then(Object(Closure))
#19 /Applications/XAMPP/xamppfiles/htdocs/Project (Laravel)/phplaravel/Module_03/vendor/laravel/framework/src/Illuminate/Routing/Router.php(786): Illuminate\\Routing\\Router->runRouteWithinStack(Object(Illuminate\\Routing\\Route), Object(Illuminate\\Http\\Request))
#20 /Applications/XAMPP/xamppfiles/htdocs/Project (Laravel)/phplaravel/Module_03/vendor/laravel/framework/src/Illuminate/Routing/Router.php(750): Illuminate\\Routing\\Router->runRoute(Object(Illuminate\\Http\\Request), Object(Illuminate\\Routing\\Route))
#21 /Applications/XAMPP/xamppfiles/htdocs/Project (Laravel)/phplaravel/Module_03/vendor/laravel/framework/src/Illuminate/Routing/Router.php(739): Illuminate\\Routing\\Router->dispatchToRoute(Object(Illuminate\\Http\\Request))
#22 /Applications/XAMPP/xamppfiles/htdocs/Project (Laravel)/phplaravel/Module_03/vendor/laravel/framework/src/Illuminate/Foundation/Http/Kernel.php(201): Illuminate\\Routing\\Router->dispatch(Object(Illuminate\\Http\\Request))
#23 /Applications/XAMPP/xamppfiles/htdocs/Project (Laravel)/phplaravel/Module_03/vendor/laravel/framework/src/Illuminate/Pipeline/Pipeline.php(144): Illuminate\\Foundation\\Http\\Kernel->Illuminate\\Foundation\\Http\\{closure}(Object(Illuminate\\Http\\Request))
#24 /Applications/XAMPP/xamppfiles/htdocs/Project (Laravel)/phplaravel/Module_03/vendor/laravel/framework/src/Illuminate/Foundation/Http/Middleware/TransformsRequest.php(21): Illuminate\\Pipeline\\Pipeline->Illuminate\\Pipeline\\{closure}(Object(Illuminate\\Http\\Request))
#25 /Applications/XAMPP/xamppfiles/htdocs/Project (Laravel)/phplaravel/Module_03/vendor/laravel/framework/src/Illuminate/Foundation/Http/Middleware/ConvertEmptyStringsToNull.php(31): Illuminate\\Foundation\\Http\\Middleware\\TransformsRequest->handle(Object(Illuminate\\Http\\Request), Object(Closure))
#26 /Applications/XAMPP/xamppfiles/htdocs/Project (Laravel)/phplaravel/Module_03/vendor/laravel/framework/src/Illuminate/Pipeline/Pipeline.php(183): Illuminate\\Foundation\\Http\\Middleware\\ConvertEmptyStringsToNull->handle(Object(Illuminate\\Http\\Request), Object(Closure))
#27 /Applications/XAMPP/xamppfiles/htdocs/Project (Laravel)/phplaravel/Module_03/vendor/laravel/framework/src/Illuminate/Foundation/Http/Middleware/TransformsRequest.php(21): Illuminate\\Pipeline\\Pipeline->Illuminate\\Pipeline\\{closure}(Object(Illuminate\\Http\\Request))
#28 /Applications/XAMPP/xamppfiles/htdocs/Project (Laravel)/phplaravel/Module_03/vendor/laravel/framework/src/Illuminate/Foundation/Http/Middleware/TrimStrings.php(51): Illuminate\\Foundation\\Http\\Middleware\\TransformsRequest->handle(Object(Illuminate\\Http\\Request), Object(Closure))
#29 /Applications/XAMPP/xamppfiles/htdocs/Project (Laravel)/phplaravel/Module_03/vendor/laravel/framework/src/Illuminate/Pipeline/Pipeline.php(183): Illuminate\\Foundation\\Http\\Middleware\\TrimStrings->handle(Object(Illuminate\\Http\\Request), Object(Closure))
#30 /Applications/XAMPP/xamppfiles/htdocs/Project (Laravel)/phplaravel/Module_03/vendor/laravel/framework/src/Illuminate/Http/Middleware/ValidatePostSize.php(27): Illuminate\\Pipeline\\Pipeline->Illuminate\\Pipeline\\{closure}(Object(Illuminate\\Http\\Request))
#31 /Applications/XAMPP/xamppfiles/htdocs/Project (Laravel)/phplaravel/Module_03/vendor/laravel/framework/src/Illuminate/Pipeline/Pipeline.php(183): Illuminate\\Http\\Middleware\\ValidatePostSize->handle(Object(Illuminate\\Http\\Request), Object(Closure))
#32 /Applications/XAMPP/xamppfiles/htdocs/Project (Laravel)/phplaravel/Module_03/vendor/laravel/framework/src/Illuminate/Foundation/Http/Middleware/PreventRequestsDuringMaintenance.php(110): Illuminate\\Pipeline\\Pipeline->Illuminate\\Pipeline\\{closure}(Object(Illuminate\\Http\\Request))
#33 /Applications/XAMPP/xamppfiles/htdocs/Project (Laravel)/phplaravel/Module_03/vendor/laravel/framework/src/Illuminate/Pipeline/Pipeline.php(183): Illuminate\\Foundation\\Http\\Middleware\\PreventRequestsDuringMaintenance->handle(Object(Illuminate\\Http\\Request), Object(Closure))
#34 /Applications/XAMPP/xamppfiles/htdocs/Project (Laravel)/phplaravel/Module_03/vendor/laravel/framework/src/Illuminate/Http/Middleware/HandleCors.php(49): Illuminate\\Pipeline\\Pipeline->Illuminate\\Pipeline\\{closure}(Object(Illuminate\\Http\\Request))
#35 /Applications/XAMPP/xamppfiles/htdocs/Project (Laravel)/phplaravel/Module_03/vendor/laravel/framework/src/Illuminate/Pipeline/Pipeline.php(183): Illuminate\\Http\\Middleware\\HandleCors->handle(Object(Illuminate\\Http\\Request), Object(Closure))
#36 /Applications/XAMPP/xamppfiles/htdocs/Project (Laravel)/phplaravel/Module_03/vendor/laravel/framework/src/Illuminate/Http/Middleware/TrustProxies.php(58): Illuminate\\Pipeline\\Pipeline->Illuminate\\Pipeline\\{closure}(Object(Illuminate\\Http\\Request))
#37 /Applications/XAMPP/xamppfiles/htdocs/Project (Laravel)/phplaravel/Module_03/vendor/laravel/framework/src/Illuminate/Pipeline/Pipeline.php(183): Illuminate\\Http\\Middleware\\TrustProxies->handle(Object(Illuminate\\Http\\Request), Object(Closure))
#38 /Applications/XAMPP/xamppfiles/htdocs/Project (Laravel)/phplaravel/Module_03/vendor/laravel/framework/src/Illuminate/Foundation/Http/Middleware/InvokeDeferredCallbacks.php(22): Illuminate\\Pipeline\\Pipeline->Illuminate\\Pipeline\\{closure}(Object(Illuminate\\Http\\Request))
#39 /Applications/XAMPP/xamppfiles/htdocs/Project (Laravel)/phplaravel/Module_03/vendor/laravel/framework/src/Illuminate/Pipeline/Pipeline.php(183): Illuminate\\Foundation\\Http\\Middleware\\InvokeDeferredCallbacks->handle(Object(Illuminate\\Http\\Request), Object(Closure))
#40 /Applications/XAMPP/xamppfiles/htdocs/Project (Laravel)/phplaravel/Module_03/vendor/laravel/framework/src/Illuminate/Pipeline/Pipeline.php(119): Illuminate\\Pipeline\\Pipeline->Illuminate\\Pipeline\\{closure}(Object(Illuminate\\Http\\Request))
#41 /Applications/XAMPP/xamppfiles/htdocs/Project (Laravel)/phplaravel/Module_03/vendor/laravel/framework/src/Illuminate/Foundation/Http/Kernel.php(176): Illuminate\\Pipeline\\Pipeline->then(Object(Closure))
#42 /Applications/XAMPP/xamppfiles/htdocs/Project (Laravel)/phplaravel/Module_03/vendor/laravel/framework/src/Illuminate/Foundation/Http/Kernel.php(145): Illuminate\\Foundation\\Http\\Kernel->sendRequestThroughRouter(Object(Illuminate\\Http\\Request))
#43 /Applications/XAMPP/xamppfiles/htdocs/Project (Laravel)/phplaravel/Module_03/vendor/laravel/framework/src/Illuminate/Foundation/Application.php(1188): Illuminate\\Foundation\\Http\\Kernel->handle(Object(Illuminate\\Http\\Request))
#44 /Applications/XAMPP/xamppfiles/htdocs/Project (Laravel)/phplaravel/Module_03/public/index.php(17): Illuminate\\Foundation\\Application->handleRequest(Object(Illuminate\\Http\\Request))
#45 /Applications/XAMPP/xamppfiles/htdocs/Project (Laravel)/phplaravel/Module_03/vendor/laravel/framework/src/Illuminate/Foundation/resources/server.php(23): require_once('/Applications/X...')
#46 {main}
"} 
[2024-09-21 23:06:24] production.ERROR: No application encryption key has been specified. {"exception":"[object] (Illuminate\\Encryption\\MissingAppKeyException(code: 0): No application encryption key has been specified. at /Applications/XAMPP/xamppfiles/htdocs/Project (Laravel)/phplaravel/Module_03/vendor/laravel/framework/src/Illuminate/Encryption/EncryptionServiceProvider.php:83)
[stacktrace]
#0 /Applications/XAMPP/xamppfiles/htdocs/Project (Laravel)/phplaravel/Module_03/vendor/laravel/framework/src/Illuminate/Support/helpers.php(380): Illuminate\\Encryption\\EncryptionServiceProvider->Illuminate\\Encryption\\{closure}(NULL)
#1 /Applications/XAMPP/xamppfiles/htdocs/Project (Laravel)/phplaravel/Module_03/vendor/laravel/framework/src/Illuminate/Encryption/EncryptionServiceProvider.php(81): tap(NULL, Object(Closure))
#2 /Applications/XAMPP/xamppfiles/htdocs/Project (Laravel)/phplaravel/Module_03/vendor/laravel/framework/src/Illuminate/Encryption/EncryptionServiceProvider.php(64): Illuminate\\Encryption\\EncryptionServiceProvider->key(Array)
#3 /Applications/XAMPP/xamppfiles/htdocs/Project (Laravel)/phplaravel/Module_03/vendor/laravel/framework/src/Illuminate/Encryption/EncryptionServiceProvider.php(32): Illuminate\\Encryption\\EncryptionServiceProvider->parseKey(Array)
#4 /Applications/XAMPP/xamppfiles/htdocs/Project (Laravel)/phplaravel/Module_03/vendor/laravel/framework/src/Illuminate/Container/Container.php(931): Illuminate\\Encryption\\EncryptionServiceProvider->Illuminate\\Encryption\\{closure}(Object(Illuminate\\Foundation\\Application), Array)
#5 /Applications/XAMPP/xamppfiles/htdocs/Project (Laravel)/phplaravel/Module_03/vendor/laravel/framework/src/Illuminate/Container/Container.php(815): Illuminate\\Container\\Container->build(Object(Closure))
#6 /Applications/XAMPP/xamppfiles/htdocs/Project (Laravel)/phplaravel/Module_03/vendor/laravel/framework/src/Illuminate/Foundation/Application.php(1046): Illuminate\\Container\\Container->resolve('encrypter', Array, true)
#7 /Applications/XAMPP/xamppfiles/htdocs/Project (Laravel)/phplaravel/Module_03/vendor/laravel/framework/src/Illuminate/Container/Container.php(751): Illuminate\\Foundation\\Application->resolve('encrypter', Array)
#8 /Applications/XAMPP/xamppfiles/htdocs/Project (Laravel)/phplaravel/Module_03/vendor/laravel/framework/src/Illuminate/Foundation/Application.php(1028): Illuminate\\Container\\Container->make('encrypter', Array)
#9 /Applications/XAMPP/xamppfiles/htdocs/Project (Laravel)/phplaravel/Module_03/vendor/laravel/framework/src/Illuminate/Container/Container.php(1108): Illuminate\\Foundation\\Application->make('encrypter')
#10 /Applications/XAMPP/xamppfiles/htdocs/Project (Laravel)/phplaravel/Module_03/vendor/laravel/framework/src/Illuminate/Container/Container.php(1022): Illuminate\\Container\\Container->resolveClass(Object(ReflectionParameter))
#11 /Applications/XAMPP/xamppfiles/htdocs/Project (Laravel)/phplaravel/Module_03/vendor/laravel/framework/src/Illuminate/Container/Container.php(973): Illuminate\\Container\\Container->resolveDependencies(Array)
#12 /Applications/XAMPP/xamppfiles/htdocs/Project (Laravel)/phplaravel/Module_03/vendor/laravel/framework/src/Illuminate/Container/Container.php(815): Illuminate\\Container\\Container->build('Illuminate\\\\Cook...')
#13 /Applications/XAMPP/xamppfiles/htdocs/Project (Laravel)/phplaravel/Module_03/vendor/laravel/framework/src/Illuminate/Foundation/Application.php(1046): Illuminate\\Container\\Container->resolve('Illuminate\\\\Cook...', Array, true)
#14 /Applications/XAMPP/xamppfiles/htdocs/Project (Laravel)/phplaravel/Module_03/vendor/laravel/framework/src/Illuminate/Container/Container.php(751): Illuminate\\Foundation\\Application->resolve('Illuminate\\\\Cook...', Array)
#15 /Applications/XAMPP/xamppfiles/htdocs/Project (Laravel)/phplaravel/Module_03/vendor/laravel/framework/src/Illuminate/Foundation/Application.php(1028): Illuminate\\Container\\Container->make('Illuminate\\\\Cook...', Array)
#16 /Applications/XAMPP/xamppfiles/htdocs/Project (Laravel)/phplaravel/Module_03/vendor/laravel/framework/src/Illuminate/Foundation/Http/Kernel.php(258): Illuminate\\Foundation\\Application->make('Illuminate\\\\Cook...')
#17 /Applications/XAMPP/xamppfiles/htdocs/Project (Laravel)/phplaravel/Module_03/vendor/laravel/framework/src/Illuminate/Foundation/Http/Kernel.php(216): Illuminate\\Foundation\\Http\\Kernel->terminateMiddleware(Object(Illuminate\\Http\\Request), Object(Illuminate\\Http\\Response))
#18 /Applications/XAMPP/xamppfiles/htdocs/Project (Laravel)/phplaravel/Module_03/vendor/laravel/framework/src/Illuminate/Foundation/Application.php(1190): Illuminate\\Foundation\\Http\\Kernel->terminate(Object(Illuminate\\Http\\Request), Object(Illuminate\\Http\\Response))
#19 /Applications/XAMPP/xamppfiles/htdocs/Project (Laravel)/phplaravel/Module_03/public/index.php(17): Illuminate\\Foundation\\Application->handleRequest(Object(Illuminate\\Http\\Request))
#20 /Applications/XAMPP/xamppfiles/htdocs/Project (Laravel)/phplaravel/Module_03/vendor/laravel/framework/src/Illuminate/Foundation/resources/server.php(23): require_once('/Applications/X...')
#21 {main}
"} 
[2024-09-21 23:06:29] production.ERROR: No application encryption key has been specified. {"exception":"[object] (Illuminate\\Encryption\\MissingAppKeyException(code: 0): No application encryption key has been specified. at /Applications/XAMPP/xamppfiles/htdocs/Project (Laravel)/phplaravel/Module_03/vendor/laravel/framework/src/Illuminate/Encryption/EncryptionServiceProvider.php:83)
[stacktrace]
#0 /Applications/XAMPP/xamppfiles/htdocs/Project (Laravel)/phplaravel/Module_03/vendor/laravel/framework/src/Illuminate/Support/helpers.php(380): Illuminate\\Encryption\\EncryptionServiceProvider->Illuminate\\Encryption\\{closure}(NULL)
#1 /Applications/XAMPP/xamppfiles/htdocs/Project (Laravel)/phplaravel/Module_03/vendor/laravel/framework/src/Illuminate/Encryption/EncryptionServiceProvider.php(81): tap(NULL, Object(Closure))
#2 /Applications/XAMPP/xamppfiles/htdocs/Project (Laravel)/phplaravel/Module_03/vendor/laravel/framework/src/Illuminate/Encryption/EncryptionServiceProvider.php(64): Illuminate\\Encryption\\EncryptionServiceProvider->key(Array)
#3 /Applications/XAMPP/xamppfiles/htdocs/Project (Laravel)/phplaravel/Module_03/vendor/laravel/framework/src/Illuminate/Encryption/EncryptionServiceProvider.php(32): Illuminate\\Encryption\\EncryptionServiceProvider->parseKey(Array)
#4 /Applications/XAMPP/xamppfiles/htdocs/Project (Laravel)/phplaravel/Module_03/vendor/laravel/framework/src/Illuminate/Container/Container.php(931): Illuminate\\Encryption\\EncryptionServiceProvider->Illuminate\\Encryption\\{closure}(Object(Illuminate\\Foundation\\Application), Array)
#5 /Applications/XAMPP/xamppfiles/htdocs/Project (Laravel)/phplaravel/Module_03/vendor/laravel/framework/src/Illuminate/Container/Container.php(815): Illuminate\\Container\\Container->build(Object(Closure))
#6 /Applications/XAMPP/xamppfiles/htdocs/Project (Laravel)/phplaravel/Module_03/vendor/laravel/framework/src/Illuminate/Foundation/Application.php(1046): Illuminate\\Container\\Container->resolve('encrypter', Array, true)
#7 /Applications/XAMPP/xamppfiles/htdocs/Project (Laravel)/phplaravel/Module_03/vendor/laravel/framework/src/Illuminate/Container/Container.php(751): Illuminate\\Foundation\\Application->resolve('encrypter', Array)
#8 /Applications/XAMPP/xamppfiles/htdocs/Project (Laravel)/phplaravel/Module_03/vendor/laravel/framework/src/Illuminate/Foundation/Application.php(1028): Illuminate\\Container\\Container->make('encrypter', Array)
#9 /Applications/XAMPP/xamppfiles/htdocs/Project (Laravel)/phplaravel/Module_03/vendor/laravel/framework/src/Illuminate/Container/Container.php(1108): Illuminate\\Foundation\\Application->make('encrypter')
#10 /Applications/XAMPP/xamppfiles/htdocs/Project (Laravel)/phplaravel/Module_03/vendor/laravel/framework/src/Illuminate/Container/Container.php(1022): Illuminate\\Container\\Container->resolveClass(Object(ReflectionParameter))
#11 /Applications/XAMPP/xamppfiles/htdocs/Project (Laravel)/phplaravel/Module_03/vendor/laravel/framework/src/Illuminate/Container/Container.php(973): Illuminate\\Container\\Container->resolveDependencies(Array)
#12 /Applications/XAMPP/xamppfiles/htdocs/Project (Laravel)/phplaravel/Module_03/vendor/laravel/framework/src/Illuminate/Container/Container.php(815): Illuminate\\Container\\Container->build('Illuminate\\\\Cook...')
#13 /Applications/XAMPP/xamppfiles/htdocs/Project (Laravel)/phplaravel/Module_03/vendor/laravel/framework/src/Illuminate/Foundation/Application.php(1046): Illuminate\\Container\\Container->resolve('Illuminate\\\\Cook...', Array, true)
#14 /Applications/XAMPP/xamppfiles/htdocs/Project (Laravel)/phplaravel/Module_03/vendor/laravel/framework/src/Illuminate/Container/Container.php(751): Illuminate\\Foundation\\Application->resolve('Illuminate\\\\Cook...', Array)
#15 /Applications/XAMPP/xamppfiles/htdocs/Project (Laravel)/phplaravel/Module_03/vendor/laravel/framework/src/Illuminate/Foundation/Application.php(1028): Illuminate\\Container\\Container->make('Illuminate\\\\Cook...', Array)
#16 /Applications/XAMPP/xamppfiles/htdocs/Project (Laravel)/phplaravel/Module_03/vendor/laravel/framework/src/Illuminate/Pipeline/Pipeline.php(172): Illuminate\\Foundation\\Application->make('Illuminate\\\\Cook...')
#17 /Applications/XAMPP/xamppfiles/htdocs/Project (Laravel)/phplaravel/Module_03/vendor/laravel/framework/src/Illuminate/Pipeline/Pipeline.php(119): Illuminate\\Pipeline\\Pipeline->Illuminate\\Pipeline\\{closure}(Object(Illuminate\\Http\\Request))
#18 /Applications/XAMPP/xamppfiles/htdocs/Project (Laravel)/phplaravel/Module_03/vendor/laravel/framework/src/Illuminate/Routing/Router.php(807): Illuminate\\Pipeline\\Pipeline->then(Object(Closure))
#19 /Applications/XAMPP/xamppfiles/htdocs/Project (Laravel)/phplaravel/Module_03/vendor/laravel/framework/src/Illuminate/Routing/Router.php(786): Illuminate\\Routing\\Router->runRouteWithinStack(Object(Illuminate\\Routing\\Route), Object(Illuminate\\Http\\Request))
#20 /Applications/XAMPP/xamppfiles/htdocs/Project (Laravel)/phplaravel/Module_03/vendor/laravel/framework/src/Illuminate/Routing/Router.php(750): Illuminate\\Routing\\Router->runRoute(Object(Illuminate\\Http\\Request), Object(Illuminate\\Routing\\Route))
#21 /Applications/XAMPP/xamppfiles/htdocs/Project (Laravel)/phplaravel/Module_03/vendor/laravel/framework/src/Illuminate/Routing/Router.php(739): Illuminate\\Routing\\Router->dispatchToRoute(Object(Illuminate\\Http\\Request))
#22 /Applications/XAMPP/xamppfiles/htdocs/Project (Laravel)/phplaravel/Module_03/vendor/laravel/framework/src/Illuminate/Foundation/Http/Kernel.php(201): Illuminate\\Routing\\Router->dispatch(Object(Illuminate\\Http\\Request))
#23 /Applications/XAMPP/xamppfiles/htdocs/Project (Laravel)/phplaravel/Module_03/vendor/laravel/framework/src/Illuminate/Pipeline/Pipeline.php(144): Illuminate\\Foundation\\Http\\Kernel->Illuminate\\Foundation\\Http\\{closure}(Object(Illuminate\\Http\\Request))
#24 /Applications/XAMPP/xamppfiles/htdocs/Project (Laravel)/phplaravel/Module_03/vendor/laravel/framework/src/Illuminate/Foundation/Http/Middleware/TransformsRequest.php(21): Illuminate\\Pipeline\\Pipeline->Illuminate\\Pipeline\\{closure}(Object(Illuminate\\Http\\Request))
#25 /Applications/XAMPP/xamppfiles/htdocs/Project (Laravel)/phplaravel/Module_03/vendor/laravel/framework/src/Illuminate/Foundation/Http/Middleware/ConvertEmptyStringsToNull.php(31): Illuminate\\Foundation\\Http\\Middleware\\TransformsRequest->handle(Object(Illuminate\\Http\\Request), Object(Closure))
#26 /Applications/XAMPP/xamppfiles/htdocs/Project (Laravel)/phplaravel/Module_03/vendor/laravel/framework/src/Illuminate/Pipeline/Pipeline.php(183): Illuminate\\Foundation\\Http\\Middleware\\ConvertEmptyStringsToNull->handle(Object(Illuminate\\Http\\Request), Object(Closure))
#27 /Applications/XAMPP/xamppfiles/htdocs/Project (Laravel)/phplaravel/Module_03/vendor/laravel/framework/src/Illuminate/Foundation/Http/Middleware/TransformsRequest.php(21): Illuminate\\Pipeline\\Pipeline->Illuminate\\Pipeline\\{closure}(Object(Illuminate\\Http\\Request))
#28 /Applications/XAMPP/xamppfiles/htdocs/Project (Laravel)/phplaravel/Module_03/vendor/laravel/framework/src/Illuminate/Foundation/Http/Middleware/TrimStrings.php(51): Illuminate\\Foundation\\Http\\Middleware\\TransformsRequest->handle(Object(Illuminate\\Http\\Request), Object(Closure))
#29 /Applications/XAMPP/xamppfiles/htdocs/Project (Laravel)/phplaravel/Module_03/vendor/laravel/framework/src/Illuminate/Pipeline/Pipeline.php(183): Illuminate\\Foundation\\Http\\Middleware\\TrimStrings->handle(Object(Illuminate\\Http\\Request), Object(Closure))
#30 /Applications/XAMPP/xamppfiles/htdocs/Project (Laravel)/phplaravel/Module_03/vendor/laravel/framework/src/Illuminate/Http/Middleware/ValidatePostSize.php(27): Illuminate\\Pipeline\\Pipeline->Illuminate\\Pipeline\\{closure}(Object(Illuminate\\Http\\Request))
#31 /Applications/XAMPP/xamppfiles/htdocs/Project (Laravel)/phplaravel/Module_03/vendor/laravel/framework/src/Illuminate/Pipeline/Pipeline.php(183): Illuminate\\Http\\Middleware\\ValidatePostSize->handle(Object(Illuminate\\Http\\Request), Object(Closure))
#32 /Applications/XAMPP/xamppfiles/htdocs/Project (Laravel)/phplaravel/Module_03/vendor/laravel/framework/src/Illuminate/Foundation/Http/Middleware/PreventRequestsDuringMaintenance.php(110): Illuminate\\Pipeline\\Pipeline->Illuminate\\Pipeline\\{closure}(Object(Illuminate\\Http\\Request))
#33 /Applications/XAMPP/xamppfiles/htdocs/Project (Laravel)/phplaravel/Module_03/vendor/laravel/framework/src/Illuminate/Pipeline/Pipeline.php(183): Illuminate\\Foundation\\Http\\Middleware\\PreventRequestsDuringMaintenance->handle(Object(Illuminate\\Http\\Request), Object(Closure))
#34 /Applications/XAMPP/xamppfiles/htdocs/Project (Laravel)/phplaravel/Module_03/vendor/laravel/framework/src/Illuminate/Http/Middleware/HandleCors.php(49): Illuminate\\Pipeline\\Pipeline->Illuminate\\Pipeline\\{closure}(Object(Illuminate\\Http\\Request))
#35 /Applications/XAMPP/xamppfiles/htdocs/Project (Laravel)/phplaravel/Module_03/vendor/laravel/framework/src/Illuminate/Pipeline/Pipeline.php(183): Illuminate\\Http\\Middleware\\HandleCors->handle(Object(Illuminate\\Http\\Request), Object(Closure))
#36 /Applications/XAMPP/xamppfiles/htdocs/Project (Laravel)/phplaravel/Module_03/vendor/laravel/framework/src/Illuminate/Http/Middleware/TrustProxies.php(58): Illuminate\\Pipeline\\Pipeline->Illuminate\\Pipeline\\{closure}(Object(Illuminate\\Http\\Request))
#37 /Applications/XAMPP/xamppfiles/htdocs/Project (Laravel)/phplaravel/Module_03/vendor/laravel/framework/src/Illuminate/Pipeline/Pipeline.php(183): Illuminate\\Http\\Middleware\\TrustProxies->handle(Object(Illuminate\\Http\\Request), Object(Closure))
#38 /Applications/XAMPP/xamppfiles/htdocs/Project (Laravel)/phplaravel/Module_03/vendor/laravel/framework/src/Illuminate/Foundation/Http/Middleware/InvokeDeferredCallbacks.php(22): Illuminate\\Pipeline\\Pipeline->Illuminate\\Pipeline\\{closure}(Object(Illuminate\\Http\\Request))
#39 /Applications/XAMPP/xamppfiles/htdocs/Project (Laravel)/phplaravel/Module_03/vendor/laravel/framework/src/Illuminate/Pipeline/Pipeline.php(183): Illuminate\\Foundation\\Http\\Middleware\\InvokeDeferredCallbacks->handle(Object(Illuminate\\Http\\Request), Object(Closure))
#40 /Applications/XAMPP/xamppfiles/htdocs/Project (Laravel)/phplaravel/Module_03/vendor/laravel/framework/src/Illuminate/Pipeline/Pipeline.php(119): Illuminate\\Pipeline\\Pipeline->Illuminate\\Pipeline\\{closure}(Object(Illuminate\\Http\\Request))
#41 /Applications/XAMPP/xamppfiles/htdocs/Project (Laravel)/phplaravel/Module_03/vendor/laravel/framework/src/Illuminate/Foundation/Http/Kernel.php(176): Illuminate\\Pipeline\\Pipeline->then(Object(Closure))
#42 /Applications/XAMPP/xamppfiles/htdocs/Project (Laravel)/phplaravel/Module_03/vendor/laravel/framework/src/Illuminate/Foundation/Http/Kernel.php(145): Illuminate\\Foundation\\Http\\Kernel->sendRequestThroughRouter(Object(Illuminate\\Http\\Request))
#43 /Applications/XAMPP/xamppfiles/htdocs/Project (Laravel)/phplaravel/Module_03/vendor/laravel/framework/src/Illuminate/Foundation/Application.php(1188): Illuminate\\Foundation\\Http\\Kernel->handle(Object(Illuminate\\Http\\Request))
#44 /Applications/XAMPP/xamppfiles/htdocs/Project (Laravel)/phplaravel/Module_03/public/index.php(17): Illuminate\\Foundation\\Application->handleRequest(Object(Illuminate\\Http\\Request))
#45 /Applications/XAMPP/xamppfiles/htdocs/Project (Laravel)/phplaravel/Module_03/vendor/laravel/framework/src/Illuminate/Foundation/resources/server.php(23): require_once('/Applications/X...')
#46 {main}
"} 
[2024-09-21 23:06:29] production.ERROR: No application encryption key has been specified. {"exception":"[object] (Illuminate\\Encryption\\MissingAppKeyException(code: 0): No application encryption key has been specified. at /Applications/XAMPP/xamppfiles/htdocs/Project (Laravel)/phplaravel/Module_03/vendor/laravel/framework/src/Illuminate/Encryption/EncryptionServiceProvider.php:83)
[stacktrace]
#0 /Applications/XAMPP/xamppfiles/htdocs/Project (Laravel)/phplaravel/Module_03/vendor/laravel/framework/src/Illuminate/Support/helpers.php(380): Illuminate\\Encryption\\EncryptionServiceProvider->Illuminate\\Encryption\\{closure}(NULL)
#1 /Applications/XAMPP/xamppfiles/htdocs/Project (Laravel)/phplaravel/Module_03/vendor/laravel/framework/src/Illuminate/Encryption/EncryptionServiceProvider.php(81): tap(NULL, Object(Closure))
#2 /Applications/XAMPP/xamppfiles/htdocs/Project (Laravel)/phplaravel/Module_03/vendor/laravel/framework/src/Illuminate/Encryption/EncryptionServiceProvider.php(64): Illuminate\\Encryption\\EncryptionServiceProvider->key(Array)
#3 /Applications/XAMPP/xamppfiles/htdocs/Project (Laravel)/phplaravel/Module_03/vendor/laravel/framework/src/Illuminate/Encryption/EncryptionServiceProvider.php(32): Illuminate\\Encryption\\EncryptionServiceProvider->parseKey(Array)
#4 /Applications/XAMPP/xamppfiles/htdocs/Project (Laravel)/phplaravel/Module_03/vendor/laravel/framework/src/Illuminate/Container/Container.php(931): Illuminate\\Encryption\\EncryptionServiceProvider->Illuminate\\Encryption\\{closure}(Object(Illuminate\\Foundation\\Application), Array)
#5 /Applications/XAMPP/xamppfiles/htdocs/Project (Laravel)/phplaravel/Module_03/vendor/laravel/framework/src/Illuminate/Container/Container.php(815): Illuminate\\Container\\Container->build(Object(Closure))
#6 /Applications/XAMPP/xamppfiles/htdocs/Project (Laravel)/phplaravel/Module_03/vendor/laravel/framework/src/Illuminate/Foundation/Application.php(1046): Illuminate\\Container\\Container->resolve('encrypter', Array, true)
#7 /Applications/XAMPP/xamppfiles/htdocs/Project (Laravel)/phplaravel/Module_03/vendor/laravel/framework/src/Illuminate/Container/Container.php(751): Illuminate\\Foundation\\Application->resolve('encrypter', Array)
#8 /Applications/XAMPP/xamppfiles/htdocs/Project (Laravel)/phplaravel/Module_03/vendor/laravel/framework/src/Illuminate/Foundation/Application.php(1028): Illuminate\\Container\\Container->make('encrypter', Array)
#9 /Applications/XAMPP/xamppfiles/htdocs/Project (Laravel)/phplaravel/Module_03/vendor/laravel/framework/src/Illuminate/Container/Container.php(1108): Illuminate\\Foundation\\Application->make('encrypter')
#10 /Applications/XAMPP/xamppfiles/htdocs/Project (Laravel)/phplaravel/Module_03/vendor/laravel/framework/src/Illuminate/Container/Container.php(1022): Illuminate\\Container\\Container->resolveClass(Object(ReflectionParameter))
#11 /Applications/XAMPP/xamppfiles/htdocs/Project (Laravel)/phplaravel/Module_03/vendor/laravel/framework/src/Illuminate/Container/Container.php(973): Illuminate\\Container\\Container->resolveDependencies(Array)
#12 /Applications/XAMPP/xamppfiles/htdocs/Project (Laravel)/phplaravel/Module_03/vendor/laravel/framework/src/Illuminate/Container/Container.php(815): Illuminate\\Container\\Container->build('Illuminate\\\\Cook...')
#13 /Applications/XAMPP/xamppfiles/htdocs/Project (Laravel)/phplaravel/Module_03/vendor/laravel/framework/src/Illuminate/Foundation/Application.php(1046): Illuminate\\Container\\Container->resolve('Illuminate\\\\Cook...', Array, true)
#14 /Applications/XAMPP/xamppfiles/htdocs/Project (Laravel)/phplaravel/Module_03/vendor/laravel/framework/src/Illuminate/Container/Container.php(751): Illuminate\\Foundation\\Application->resolve('Illuminate\\\\Cook...', Array)
#15 /Applications/XAMPP/xamppfiles/htdocs/Project (Laravel)/phplaravel/Module_03/vendor/laravel/framework/src/Illuminate/Foundation/Application.php(1028): Illuminate\\Container\\Container->make('Illuminate\\\\Cook...', Array)
#16 /Applications/XAMPP/xamppfiles/htdocs/Project (Laravel)/phplaravel/Module_03/vendor/laravel/framework/src/Illuminate/Foundation/Http/Kernel.php(258): Illuminate\\Foundation\\Application->make('Illuminate\\\\Cook...')
#17 /Applications/XAMPP/xamppfiles/htdocs/Project (Laravel)/phplaravel/Module_03/vendor/laravel/framework/src/Illuminate/Foundation/Http/Kernel.php(216): Illuminate\\Foundation\\Http\\Kernel->terminateMiddleware(Object(Illuminate\\Http\\Request), Object(Illuminate\\Http\\Response))
#18 /Applications/XAMPP/xamppfiles/htdocs/Project (Laravel)/phplaravel/Module_03/vendor/laravel/framework/src/Illuminate/Foundation/Application.php(1190): Illuminate\\Foundation\\Http\\Kernel->terminate(Object(Illuminate\\Http\\Request), Object(Illuminate\\Http\\Response))
#19 /Applications/XAMPP/xamppfiles/htdocs/Project (Laravel)/phplaravel/Module_03/public/index.php(17): Illuminate\\Foundation\\Application->handleRequest(Object(Illuminate\\Http\\Request))
#20 /Applications/XAMPP/xamppfiles/htdocs/Project (Laravel)/phplaravel/Module_03/vendor/laravel/framework/src/Illuminate/Foundation/resources/server.php(23): require_once('/Applications/X...')
#21 {main}
"} 
[2024-09-21 23:06:32] production.ERROR: No application encryption key has been specified. {"exception":"[object] (Illuminate\\Encryption\\MissingAppKeyException(code: 0): No application encryption key has been specified. at /Applications/XAMPP/xamppfiles/htdocs/Project (Laravel)/phplaravel/Module_03/vendor/laravel/framework/src/Illuminate/Encryption/EncryptionServiceProvider.php:83)
[stacktrace]
#0 /Applications/XAMPP/xamppfiles/htdocs/Project (Laravel)/phplaravel/Module_03/vendor/laravel/framework/src/Illuminate/Support/helpers.php(380): Illuminate\\Encryption\\EncryptionServiceProvider->Illuminate\\Encryption\\{closure}(NULL)
#1 /Applications/XAMPP/xamppfiles/htdocs/Project (Laravel)/phplaravel/Module_03/vendor/laravel/framework/src/Illuminate/Encryption/EncryptionServiceProvider.php(81): tap(NULL, Object(Closure))
#2 /Applications/XAMPP/xamppfiles/htdocs/Project (Laravel)/phplaravel/Module_03/vendor/laravel/framework/src/Illuminate/Encryption/EncryptionServiceProvider.php(64): Illuminate\\Encryption\\EncryptionServiceProvider->key(Array)
#3 /Applications/XAMPP/xamppfiles/htdocs/Project (Laravel)/phplaravel/Module_03/vendor/laravel/framework/src/Illuminate/Encryption/EncryptionServiceProvider.php(32): Illuminate\\Encryption\\EncryptionServiceProvider->parseKey(Array)
#4 /Applications/XAMPP/xamppfiles/htdocs/Project (Laravel)/phplaravel/Module_03/vendor/laravel/framework/src/Illuminate/Container/Container.php(931): Illuminate\\Encryption\\EncryptionServiceProvider->Illuminate\\Encryption\\{closure}(Object(Illuminate\\Foundation\\Application), Array)
#5 /Applications/XAMPP/xamppfiles/htdocs/Project (Laravel)/phplaravel/Module_03/vendor/laravel/framework/src/Illuminate/Container/Container.php(815): Illuminate\\Container\\Container->build(Object(Closure))
#6 /Applications/XAMPP/xamppfiles/htdocs/Project (Laravel)/phplaravel/Module_03/vendor/laravel/framework/src/Illuminate/Foundation/Application.php(1046): Illuminate\\Container\\Container->resolve('encrypter', Array, true)
#7 /Applications/XAMPP/xamppfiles/htdocs/Project (Laravel)/phplaravel/Module_03/vendor/laravel/framework/src/Illuminate/Container/Container.php(751): Illuminate\\Foundation\\Application->resolve('encrypter', Array)
#8 /Applications/XAMPP/xamppfiles/htdocs/Project (Laravel)/phplaravel/Module_03/vendor/laravel/framework/src/Illuminate/Foundation/Application.php(1028): Illuminate\\Container\\Container->make('encrypter', Array)
#9 /Applications/XAMPP/xamppfiles/htdocs/Project (Laravel)/phplaravel/Module_03/vendor/laravel/framework/src/Illuminate/Container/Container.php(1108): Illuminate\\Foundation\\Application->make('encrypter')
#10 /Applications/XAMPP/xamppfiles/htdocs/Project (Laravel)/phplaravel/Module_03/vendor/laravel/framework/src/Illuminate/Container/Container.php(1022): Illuminate\\Container\\Container->resolveClass(Object(ReflectionParameter))
#11 /Applications/XAMPP/xamppfiles/htdocs/Project (Laravel)/phplaravel/Module_03/vendor/laravel/framework/src/Illuminate/Container/Container.php(973): Illuminate\\Container\\Container->resolveDependencies(Array)
#12 /Applications/XAMPP/xamppfiles/htdocs/Project (Laravel)/phplaravel/Module_03/vendor/laravel/framework/src/Illuminate/Container/Container.php(815): Illuminate\\Container\\Container->build('Illuminate\\\\Cook...')
#13 /Applications/XAMPP/xamppfiles/htdocs/Project (Laravel)/phplaravel/Module_03/vendor/laravel/framework/src/Illuminate/Foundation/Application.php(1046): Illuminate\\Container\\Container->resolve('Illuminate\\\\Cook...', Array, true)
#14 /Applications/XAMPP/xamppfiles/htdocs/Project (Laravel)/phplaravel/Module_03/vendor/laravel/framework/src/Illuminate/Container/Container.php(751): Illuminate\\Foundation\\Application->resolve('Illuminate\\\\Cook...', Array)
#15 /Applications/XAMPP/xamppfiles/htdocs/Project (Laravel)/phplaravel/Module_03/vendor/laravel/framework/src/Illuminate/Foundation/Application.php(1028): Illuminate\\Container\\Container->make('Illuminate\\\\Cook...', Array)
#16 /Applications/XAMPP/xamppfiles/htdocs/Project (Laravel)/phplaravel/Module_03/vendor/laravel/framework/src/Illuminate/Pipeline/Pipeline.php(172): Illuminate\\Foundation\\Application->make('Illuminate\\\\Cook...')
#17 /Applications/XAMPP/xamppfiles/htdocs/Project (Laravel)/phplaravel/Module_03/vendor/laravel/framework/src/Illuminate/Pipeline/Pipeline.php(119): Illuminate\\Pipeline\\Pipeline->Illuminate\\Pipeline\\{closure}(Object(Illuminate\\Http\\Request))
#18 /Applications/XAMPP/xamppfiles/htdocs/Project (Laravel)/phplaravel/Module_03/vendor/laravel/framework/src/Illuminate/Routing/Router.php(807): Illuminate\\Pipeline\\Pipeline->then(Object(Closure))
#19 /Applications/XAMPP/xamppfiles/htdocs/Project (Laravel)/phplaravel/Module_03/vendor/laravel/framework/src/Illuminate/Routing/Router.php(786): Illuminate\\Routing\\Router->runRouteWithinStack(Object(Illuminate\\Routing\\Route), Object(Illuminate\\Http\\Request))
#20 /Applications/XAMPP/xamppfiles/htdocs/Project (Laravel)/phplaravel/Module_03/vendor/laravel/framework/src/Illuminate/Routing/Router.php(750): Illuminate\\Routing\\Router->runRoute(Object(Illuminate\\Http\\Request), Object(Illuminate\\Routing\\Route))
#21 /Applications/XAMPP/xamppfiles/htdocs/Project (Laravel)/phplaravel/Module_03/vendor/laravel/framework/src/Illuminate/Routing/Router.php(739): Illuminate\\Routing\\Router->dispatchToRoute(Object(Illuminate\\Http\\Request))
#22 /Applications/XAMPP/xamppfiles/htdocs/Project (Laravel)/phplaravel/Module_03/vendor/laravel/framework/src/Illuminate/Foundation/Http/Kernel.php(201): Illuminate\\Routing\\Router->dispatch(Object(Illuminate\\Http\\Request))
#23 /Applications/XAMPP/xamppfiles/htdocs/Project (Laravel)/phplaravel/Module_03/vendor/laravel/framework/src/Illuminate/Pipeline/Pipeline.php(144): Illuminate\\Foundation\\Http\\Kernel->Illuminate\\Foundation\\Http\\{closure}(Object(Illuminate\\Http\\Request))
#24 /Applications/XAMPP/xamppfiles/htdocs/Project (Laravel)/phplaravel/Module_03/vendor/laravel/framework/src/Illuminate/Foundation/Http/Middleware/TransformsRequest.php(21): Illuminate\\Pipeline\\Pipeline->Illuminate\\Pipeline\\{closure}(Object(Illuminate\\Http\\Request))
#25 /Applications/XAMPP/xamppfiles/htdocs/Project (Laravel)/phplaravel/Module_03/vendor/laravel/framework/src/Illuminate/Foundation/Http/Middleware/ConvertEmptyStringsToNull.php(31): Illuminate\\Foundation\\Http\\Middleware\\TransformsRequest->handle(Object(Illuminate\\Http\\Request), Object(Closure))
#26 /Applications/XAMPP/xamppfiles/htdocs/Project (Laravel)/phplaravel/Module_03/vendor/laravel/framework/src/Illuminate/Pipeline/Pipeline.php(183): Illuminate\\Foundation\\Http\\Middleware\\ConvertEmptyStringsToNull->handle(Object(Illuminate\\Http\\Request), Object(Closure))
#27 /Applications/XAMPP/xamppfiles/htdocs/Project (Laravel)/phplaravel/Module_03/vendor/laravel/framework/src/Illuminate/Foundation/Http/Middleware/TransformsRequest.php(21): Illuminate\\Pipeline\\Pipeline->Illuminate\\Pipeline\\{closure}(Object(Illuminate\\Http\\Request))
#28 /Applications/XAMPP/xamppfiles/htdocs/Project (Laravel)/phplaravel/Module_03/vendor/laravel/framework/src/Illuminate/Foundation/Http/Middleware/TrimStrings.php(51): Illuminate\\Foundation\\Http\\Middleware\\TransformsRequest->handle(Object(Illuminate\\Http\\Request), Object(Closure))
#29 /Applications/XAMPP/xamppfiles/htdocs/Project (Laravel)/phplaravel/Module_03/vendor/laravel/framework/src/Illuminate/Pipeline/Pipeline.php(183): Illuminate\\Foundation\\Http\\Middleware\\TrimStrings->handle(Object(Illuminate\\Http\\Request), Object(Closure))
#30 /Applications/XAMPP/xamppfiles/htdocs/Project (Laravel)/phplaravel/Module_03/vendor/laravel/framework/src/Illuminate/Http/Middleware/ValidatePostSize.php(27): Illuminate\\Pipeline\\Pipeline->Illuminate\\Pipeline\\{closure}(Object(Illuminate\\Http\\Request))
#31 /Applications/XAMPP/xamppfiles/htdocs/Project (Laravel)/phplaravel/Module_03/vendor/laravel/framework/src/Illuminate/Pipeline/Pipeline.php(183): Illuminate\\Http\\Middleware\\ValidatePostSize->handle(Object(Illuminate\\Http\\Request), Object(Closure))
#32 /Applications/XAMPP/xamppfiles/htdocs/Project (Laravel)/phplaravel/Module_03/vendor/laravel/framework/src/Illuminate/Foundation/Http/Middleware/PreventRequestsDuringMaintenance.php(110): Illuminate\\Pipeline\\Pipeline->Illuminate\\Pipeline\\{closure}(Object(Illuminate\\Http\\Request))
#33 /Applications/XAMPP/xamppfiles/htdocs/Project (Laravel)/phplaravel/Module_03/vendor/laravel/framework/src/Illuminate/Pipeline/Pipeline.php(183): Illuminate\\Foundation\\Http\\Middleware\\PreventRequestsDuringMaintenance->handle(Object(Illuminate\\Http\\Request), Object(Closure))
#34 /Applications/XAMPP/xamppfiles/htdocs/Project (Laravel)/phplaravel/Module_03/vendor/laravel/framework/src/Illuminate/Http/Middleware/HandleCors.php(49): Illuminate\\Pipeline\\Pipeline->Illuminate\\Pipeline\\{closure}(Object(Illuminate\\Http\\Request))
#35 /Applications/XAMPP/xamppfiles/htdocs/Project (Laravel)/phplaravel/Module_03/vendor/laravel/framework/src/Illuminate/Pipeline/Pipeline.php(183): Illuminate\\Http\\Middleware\\HandleCors->handle(Object(Illuminate\\Http\\Request), Object(Closure))
#36 /Applications/XAMPP/xamppfiles/htdocs/Project (Laravel)/phplaravel/Module_03/vendor/laravel/framework/src/Illuminate/Http/Middleware/TrustProxies.php(58): Illuminate\\Pipeline\\Pipeline->Illuminate\\Pipeline\\{closure}(Object(Illuminate\\Http\\Request))
#37 /Applications/XAMPP/xamppfiles/htdocs/Project (Laravel)/phplaravel/Module_03/vendor/laravel/framework/src/Illuminate/Pipeline/Pipeline.php(183): Illuminate\\Http\\Middleware\\TrustProxies->handle(Object(Illuminate\\Http\\Request), Object(Closure))
#38 /Applications/XAMPP/xamppfiles/htdocs/Project (Laravel)/phplaravel/Module_03/vendor/laravel/framework/src/Illuminate/Foundation/Http/Middleware/InvokeDeferredCallbacks.php(22): Illuminate\\Pipeline\\Pipeline->Illuminate\\Pipeline\\{closure}(Object(Illuminate\\Http\\Request))
#39 /Applications/XAMPP/xamppfiles/htdocs/Project (Laravel)/phplaravel/Module_03/vendor/laravel/framework/src/Illuminate/Pipeline/Pipeline.php(183): Illuminate\\Foundation\\Http\\Middleware\\InvokeDeferredCallbacks->handle(Object(Illuminate\\Http\\Request), Object(Closure))
#40 /Applications/XAMPP/xamppfiles/htdocs/Project (Laravel)/phplaravel/Module_03/vendor/laravel/framework/src/Illuminate/Pipeline/Pipeline.php(119): Illuminate\\Pipeline\\Pipeline->Illuminate\\Pipeline\\{closure}(Object(Illuminate\\Http\\Request))
#41 /Applications/XAMPP/xamppfiles/htdocs/Project (Laravel)/phplaravel/Module_03/vendor/laravel/framework/src/Illuminate/Foundation/Http/Kernel.php(176): Illuminate\\Pipeline\\Pipeline->then(Object(Closure))
#42 /Applications/XAMPP/xamppfiles/htdocs/Project (Laravel)/phplaravel/Module_03/vendor/laravel/framework/src/Illuminate/Foundation/Http/Kernel.php(145): Illuminate\\Foundation\\Http\\Kernel->sendRequestThroughRouter(Object(Illuminate\\Http\\Request))
#43 /Applications/XAMPP/xamppfiles/htdocs/Project (Laravel)/phplaravel/Module_03/vendor/laravel/framework/src/Illuminate/Foundation/Application.php(1188): Illuminate\\Foundation\\Http\\Kernel->handle(Object(Illuminate\\Http\\Request))
#44 /Applications/XAMPP/xamppfiles/htdocs/Project (Laravel)/phplaravel/Module_03/public/index.php(17): Illuminate\\Foundation\\Application->handleRequest(Object(Illuminate\\Http\\Request))
#45 /Applications/XAMPP/xamppfiles/htdocs/Project (Laravel)/phplaravel/Module_03/vendor/laravel/framework/src/Illuminate/Foundation/resources/server.php(23): require_once('/Applications/X...')
#46 {main}
"} 
[2024-09-21 23:06:32] production.ERROR: No application encryption key has been specified. {"exception":"[object] (Illuminate\\Encryption\\MissingAppKeyException(code: 0): No application encryption key has been specified. at /Applications/XAMPP/xamppfiles/htdocs/Project (Laravel)/phplaravel/Module_03/vendor/laravel/framework/src/Illuminate/Encryption/EncryptionServiceProvider.php:83)
[stacktrace]
#0 /Applications/XAMPP/xamppfiles/htdocs/Project (Laravel)/phplaravel/Module_03/vendor/laravel/framework/src/Illuminate/Support/helpers.php(380): Illuminate\\Encryption\\EncryptionServiceProvider->Illuminate\\Encryption\\{closure}(NULL)
#1 /Applications/XAMPP/xamppfiles/htdocs/Project (Laravel)/phplaravel/Module_03/vendor/laravel/framework/src/Illuminate/Encryption/EncryptionServiceProvider.php(81): tap(NULL, Object(Closure))
#2 /Applications/XAMPP/xamppfiles/htdocs/Project (Laravel)/phplaravel/Module_03/vendor/laravel/framework/src/Illuminate/Encryption/EncryptionServiceProvider.php(64): Illuminate\\Encryption\\EncryptionServiceProvider->key(Array)
#3 /Applications/XAMPP/xamppfiles/htdocs/Project (Laravel)/phplaravel/Module_03/vendor/laravel/framework/src/Illuminate/Encryption/EncryptionServiceProvider.php(32): Illuminate\\Encryption\\EncryptionServiceProvider->parseKey(Array)
#4 /Applications/XAMPP/xamppfiles/htdocs/Project (Laravel)/phplaravel/Module_03/vendor/laravel/framework/src/Illuminate/Container/Container.php(931): Illuminate\\Encryption\\EncryptionServiceProvider->Illuminate\\Encryption\\{closure}(Object(Illuminate\\Foundation\\Application), Array)
#5 /Applications/XAMPP/xamppfiles/htdocs/Project (Laravel)/phplaravel/Module_03/vendor/laravel/framework/src/Illuminate/Container/Container.php(815): Illuminate\\Container\\Container->build(Object(Closure))
#6 /Applications/XAMPP/xamppfiles/htdocs/Project (Laravel)/phplaravel/Module_03/vendor/laravel/framework/src/Illuminate/Foundation/Application.php(1046): Illuminate\\Container\\Container->resolve('encrypter', Array, true)
#7 /Applications/XAMPP/xamppfiles/htdocs/Project (Laravel)/phplaravel/Module_03/vendor/laravel/framework/src/Illuminate/Container/Container.php(751): Illuminate\\Foundation\\Application->resolve('encrypter', Array)
#8 /Applications/XAMPP/xamppfiles/htdocs/Project (Laravel)/phplaravel/Module_03/vendor/laravel/framework/src/Illuminate/Foundation/Application.php(1028): Illuminate\\Container\\Container->make('encrypter', Array)
#9 /Applications/XAMPP/xamppfiles/htdocs/Project (Laravel)/phplaravel/Module_03/vendor/laravel/framework/src/Illuminate/Container/Container.php(1108): Illuminate\\Foundation\\Application->make('encrypter')
#10 /Applications/XAMPP/xamppfiles/htdocs/Project (Laravel)/phplaravel/Module_03/vendor/laravel/framework/src/Illuminate/Container/Container.php(1022): Illuminate\\Container\\Container->resolveClass(Object(ReflectionParameter))
#11 /Applications/XAMPP/xamppfiles/htdocs/Project (Laravel)/phplaravel/Module_03/vendor/laravel/framework/src/Illuminate/Container/Container.php(973): Illuminate\\Container\\Container->resolveDependencies(Array)
#12 /Applications/XAMPP/xamppfiles/htdocs/Project (Laravel)/phplaravel/Module_03/vendor/laravel/framework/src/Illuminate/Container/Container.php(815): Illuminate\\Container\\Container->build('Illuminate\\\\Cook...')
#13 /Applications/XAMPP/xamppfiles/htdocs/Project (Laravel)/phplaravel/Module_03/vendor/laravel/framework/src/Illuminate/Foundation/Application.php(1046): Illuminate\\Container\\Container->resolve('Illuminate\\\\Cook...', Array, true)
#14 /Applications/XAMPP/xamppfiles/htdocs/Project (Laravel)/phplaravel/Module_03/vendor/laravel/framework/src/Illuminate/Container/Container.php(751): Illuminate\\Foundation\\Application->resolve('Illuminate\\\\Cook...', Array)
#15 /Applications/XAMPP/xamppfiles/htdocs/Project (Laravel)/phplaravel/Module_03/vendor/laravel/framework/src/Illuminate/Foundation/Application.php(1028): Illuminate\\Container\\Container->make('Illuminate\\\\Cook...', Array)
#16 /Applications/XAMPP/xamppfiles/htdocs/Project (Laravel)/phplaravel/Module_03/vendor/laravel/framework/src/Illuminate/Foundation/Http/Kernel.php(258): Illuminate\\Foundation\\Application->make('Illuminate\\\\Cook...')
#17 /Applications/XAMPP/xamppfiles/htdocs/Project (Laravel)/phplaravel/Module_03/vendor/laravel/framework/src/Illuminate/Foundation/Http/Kernel.php(216): Illuminate\\Foundation\\Http\\Kernel->terminateMiddleware(Object(Illuminate\\Http\\Request), Object(Illuminate\\Http\\Response))
#18 /Applications/XAMPP/xamppfiles/htdocs/Project (Laravel)/phplaravel/Module_03/vendor/laravel/framework/src/Illuminate/Foundation/Application.php(1190): Illuminate\\Foundation\\Http\\Kernel->terminate(Object(Illuminate\\Http\\Request), Object(Illuminate\\Http\\Response))
#19 /Applications/XAMPP/xamppfiles/htdocs/Project (Laravel)/phplaravel/Module_03/public/index.php(17): Illuminate\\Foundation\\Application->handleRequest(Object(Illuminate\\Http\\Request))
#20 /Applications/XAMPP/xamppfiles/htdocs/Project (Laravel)/phplaravel/Module_03/vendor/laravel/framework/src/Illuminate/Foundation/resources/server.php(23): require_once('/Applications/X...')
#21 {main}
"} 
[2024-09-21 23:06:43] production.ERROR: No application encryption key has been specified. {"exception":"[object] (Illuminate\\Encryption\\MissingAppKeyException(code: 0): No application encryption key has been specified. at /Applications/XAMPP/xamppfiles/htdocs/Project (Laravel)/phplaravel/Module_03/vendor/laravel/framework/src/Illuminate/Encryption/EncryptionServiceProvider.php:83)
[stacktrace]
#0 /Applications/XAMPP/xamppfiles/htdocs/Project (Laravel)/phplaravel/Module_03/vendor/laravel/framework/src/Illuminate/Support/helpers.php(380): Illuminate\\Encryption\\EncryptionServiceProvider->Illuminate\\Encryption\\{closure}(NULL)
#1 /Applications/XAMPP/xamppfiles/htdocs/Project (Laravel)/phplaravel/Module_03/vendor/laravel/framework/src/Illuminate/Encryption/EncryptionServiceProvider.php(81): tap(NULL, Object(Closure))
#2 /Applications/XAMPP/xamppfiles/htdocs/Project (Laravel)/phplaravel/Module_03/vendor/laravel/framework/src/Illuminate/Encryption/EncryptionServiceProvider.php(64): Illuminate\\Encryption\\EncryptionServiceProvider->key(Array)
#3 /Applications/XAMPP/xamppfiles/htdocs/Project (Laravel)/phplaravel/Module_03/vendor/laravel/framework/src/Illuminate/Encryption/EncryptionServiceProvider.php(32): Illuminate\\Encryption\\EncryptionServiceProvider->parseKey(Array)
#4 /Applications/XAMPP/xamppfiles/htdocs/Project (Laravel)/phplaravel/Module_03/vendor/laravel/framework/src/Illuminate/Container/Container.php(931): Illuminate\\Encryption\\EncryptionServiceProvider->Illuminate\\Encryption\\{closure}(Object(Illuminate\\Foundation\\Application), Array)
#5 /Applications/XAMPP/xamppfiles/htdocs/Project (Laravel)/phplaravel/Module_03/vendor/laravel/framework/src/Illuminate/Container/Container.php(815): Illuminate\\Container\\Container->build(Object(Closure))
#6 /Applications/XAMPP/xamppfiles/htdocs/Project (Laravel)/phplaravel/Module_03/vendor/laravel/framework/src/Illuminate/Foundation/Application.php(1046): Illuminate\\Container\\Container->resolve('encrypter', Array, true)
#7 /Applications/XAMPP/xamppfiles/htdocs/Project (Laravel)/phplaravel/Module_03/vendor/laravel/framework/src/Illuminate/Container/Container.php(751): Illuminate\\Foundation\\Application->resolve('encrypter', Array)
#8 /Applications/XAMPP/xamppfiles/htdocs/Project (Laravel)/phplaravel/Module_03/vendor/laravel/framework/src/Illuminate/Foundation/Application.php(1028): Illuminate\\Container\\Container->make('encrypter', Array)
#9 /Applications/XAMPP/xamppfiles/htdocs/Project (Laravel)/phplaravel/Module_03/vendor/laravel/framework/src/Illuminate/Container/Container.php(1108): Illuminate\\Foundation\\Application->make('encrypter')
#10 /Applications/XAMPP/xamppfiles/htdocs/Project (Laravel)/phplaravel/Module_03/vendor/laravel/framework/src/Illuminate/Container/Container.php(1022): Illuminate\\Container\\Container->resolveClass(Object(ReflectionParameter))
#11 /Applications/XAMPP/xamppfiles/htdocs/Project (Laravel)/phplaravel/Module_03/vendor/laravel/framework/src/Illuminate/Container/Container.php(973): Illuminate\\Container\\Container->resolveDependencies(Array)
#12 /Applications/XAMPP/xamppfiles/htdocs/Project (Laravel)/phplaravel/Module_03/vendor/laravel/framework/src/Illuminate/Container/Container.php(815): Illuminate\\Container\\Container->build('Illuminate\\\\Cook...')
#13 /Applications/XAMPP/xamppfiles/htdocs/Project (Laravel)/phplaravel/Module_03/vendor/laravel/framework/src/Illuminate/Foundation/Application.php(1046): Illuminate\\Container\\Container->resolve('Illuminate\\\\Cook...', Array, true)
#14 /Applications/XAMPP/xamppfiles/htdocs/Project (Laravel)/phplaravel/Module_03/vendor/laravel/framework/src/Illuminate/Container/Container.php(751): Illuminate\\Foundation\\Application->resolve('Illuminate\\\\Cook...', Array)
#15 /Applications/XAMPP/xamppfiles/htdocs/Project (Laravel)/phplaravel/Module_03/vendor/laravel/framework/src/Illuminate/Foundation/Application.php(1028): Illuminate\\Container\\Container->make('Illuminate\\\\Cook...', Array)
#16 /Applications/XAMPP/xamppfiles/htdocs/Project (Laravel)/phplaravel/Module_03/vendor/laravel/framework/src/Illuminate/Pipeline/Pipeline.php(172): Illuminate\\Foundation\\Application->make('Illuminate\\\\Cook...')
#17 /Applications/XAMPP/xamppfiles/htdocs/Project (Laravel)/phplaravel/Module_03/vendor/laravel/framework/src/Illuminate/Pipeline/Pipeline.php(119): Illuminate\\Pipeline\\Pipeline->Illuminate\\Pipeline\\{closure}(Object(Illuminate\\Http\\Request))
#18 /Applications/XAMPP/xamppfiles/htdocs/Project (Laravel)/phplaravel/Module_03/vendor/laravel/framework/src/Illuminate/Routing/Router.php(807): Illuminate\\Pipeline\\Pipeline->then(Object(Closure))
#19 /Applications/XAMPP/xamppfiles/htdocs/Project (Laravel)/phplaravel/Module_03/vendor/laravel/framework/src/Illuminate/Routing/Router.php(786): Illuminate\\Routing\\Router->runRouteWithinStack(Object(Illuminate\\Routing\\Route), Object(Illuminate\\Http\\Request))
#20 /Applications/XAMPP/xamppfiles/htdocs/Project (Laravel)/phplaravel/Module_03/vendor/laravel/framework/src/Illuminate/Routing/Router.php(750): Illuminate\\Routing\\Router->runRoute(Object(Illuminate\\Http\\Request), Object(Illuminate\\Routing\\Route))
#21 /Applications/XAMPP/xamppfiles/htdocs/Project (Laravel)/phplaravel/Module_03/vendor/laravel/framework/src/Illuminate/Routing/Router.php(739): Illuminate\\Routing\\Router->dispatchToRoute(Object(Illuminate\\Http\\Request))
#22 /Applications/XAMPP/xamppfiles/htdocs/Project (Laravel)/phplaravel/Module_03/vendor/laravel/framework/src/Illuminate/Foundation/Http/Kernel.php(201): Illuminate\\Routing\\Router->dispatch(Object(Illuminate\\Http\\Request))
#23 /Applications/XAMPP/xamppfiles/htdocs/Project (Laravel)/phplaravel/Module_03/vendor/laravel/framework/src/Illuminate/Pipeline/Pipeline.php(144): Illuminate\\Foundation\\Http\\Kernel->Illuminate\\Foundation\\Http\\{closure}(Object(Illuminate\\Http\\Request))
#24 /Applications/XAMPP/xamppfiles/htdocs/Project (Laravel)/phplaravel/Module_03/vendor/laravel/framework/src/Illuminate/Foundation/Http/Middleware/TransformsRequest.php(21): Illuminate\\Pipeline\\Pipeline->Illuminate\\Pipeline\\{closure}(Object(Illuminate\\Http\\Request))
#25 /Applications/XAMPP/xamppfiles/htdocs/Project (Laravel)/phplaravel/Module_03/vendor/laravel/framework/src/Illuminate/Foundation/Http/Middleware/ConvertEmptyStringsToNull.php(31): Illuminate\\Foundation\\Http\\Middleware\\TransformsRequest->handle(Object(Illuminate\\Http\\Request), Object(Closure))
#26 /Applications/XAMPP/xamppfiles/htdocs/Project (Laravel)/phplaravel/Module_03/vendor/laravel/framework/src/Illuminate/Pipeline/Pipeline.php(183): Illuminate\\Foundation\\Http\\Middleware\\ConvertEmptyStringsToNull->handle(Object(Illuminate\\Http\\Request), Object(Closure))
#27 /Applications/XAMPP/xamppfiles/htdocs/Project (Laravel)/phplaravel/Module_03/vendor/laravel/framework/src/Illuminate/Foundation/Http/Middleware/TransformsRequest.php(21): Illuminate\\Pipeline\\Pipeline->Illuminate\\Pipeline\\{closure}(Object(Illuminate\\Http\\Request))
#28 /Applications/XAMPP/xamppfiles/htdocs/Project (Laravel)/phplaravel/Module_03/vendor/laravel/framework/src/Illuminate/Foundation/Http/Middleware/TrimStrings.php(51): Illuminate\\Foundation\\Http\\Middleware\\TransformsRequest->handle(Object(Illuminate\\Http\\Request), Object(Closure))
#29 /Applications/XAMPP/xamppfiles/htdocs/Project (Laravel)/phplaravel/Module_03/vendor/laravel/framework/src/Illuminate/Pipeline/Pipeline.php(183): Illuminate\\Foundation\\Http\\Middleware\\TrimStrings->handle(Object(Illuminate\\Http\\Request), Object(Closure))
#30 /Applications/XAMPP/xamppfiles/htdocs/Project (Laravel)/phplaravel/Module_03/vendor/laravel/framework/src/Illuminate/Http/Middleware/ValidatePostSize.php(27): Illuminate\\Pipeline\\Pipeline->Illuminate\\Pipeline\\{closure}(Object(Illuminate\\Http\\Request))
#31 /Applications/XAMPP/xamppfiles/htdocs/Project (Laravel)/phplaravel/Module_03/vendor/laravel/framework/src/Illuminate/Pipeline/Pipeline.php(183): Illuminate\\Http\\Middleware\\ValidatePostSize->handle(Object(Illuminate\\Http\\Request), Object(Closure))
#32 /Applications/XAMPP/xamppfiles/htdocs/Project (Laravel)/phplaravel/Module_03/vendor/laravel/framework/src/Illuminate/Foundation/Http/Middleware/PreventRequestsDuringMaintenance.php(110): Illuminate\\Pipeline\\Pipeline->Illuminate\\Pipeline\\{closure}(Object(Illuminate\\Http\\Request))
#33 /Applications/XAMPP/xamppfiles/htdocs/Project (Laravel)/phplaravel/Module_03/vendor/laravel/framework/src/Illuminate/Pipeline/Pipeline.php(183): Illuminate\\Foundation\\Http\\Middleware\\PreventRequestsDuringMaintenance->handle(Object(Illuminate\\Http\\Request), Object(Closure))
#34 /Applications/XAMPP/xamppfiles/htdocs/Project (Laravel)/phplaravel/Module_03/vendor/laravel/framework/src/Illuminate/Http/Middleware/HandleCors.php(49): Illuminate\\Pipeline\\Pipeline->Illuminate\\Pipeline\\{closure}(Object(Illuminate\\Http\\Request))
#35 /Applications/XAMPP/xamppfiles/htdocs/Project (Laravel)/phplaravel/Module_03/vendor/laravel/framework/src/Illuminate/Pipeline/Pipeline.php(183): Illuminate\\Http\\Middleware\\HandleCors->handle(Object(Illuminate\\Http\\Request), Object(Closure))
#36 /Applications/XAMPP/xamppfiles/htdocs/Project (Laravel)/phplaravel/Module_03/vendor/laravel/framework/src/Illuminate/Http/Middleware/TrustProxies.php(58): Illuminate\\Pipeline\\Pipeline->Illuminate\\Pipeline\\{closure}(Object(Illuminate\\Http\\Request))
#37 /Applications/XAMPP/xamppfiles/htdocs/Project (Laravel)/phplaravel/Module_03/vendor/laravel/framework/src/Illuminate/Pipeline/Pipeline.php(183): Illuminate\\Http\\Middleware\\TrustProxies->handle(Object(Illuminate\\Http\\Request), Object(Closure))
#38 /Applications/XAMPP/xamppfiles/htdocs/Project (Laravel)/phplaravel/Module_03/vendor/laravel/framework/src/Illuminate/Foundation/Http/Middleware/InvokeDeferredCallbacks.php(22): Illuminate\\Pipeline\\Pipeline->Illuminate\\Pipeline\\{closure}(Object(Illuminate\\Http\\Request))
#39 /Applications/XAMPP/xamppfiles/htdocs/Project (Laravel)/phplaravel/Module_03/vendor/laravel/framework/src/Illuminate/Pipeline/Pipeline.php(183): Illuminate\\Foundation\\Http\\Middleware\\InvokeDeferredCallbacks->handle(Object(Illuminate\\Http\\Request), Object(Closure))
#40 /Applications/XAMPP/xamppfiles/htdocs/Project (Laravel)/phplaravel/Module_03/vendor/laravel/framework/src/Illuminate/Pipeline/Pipeline.php(119): Illuminate\\Pipeline\\Pipeline->Illuminate\\Pipeline\\{closure}(Object(Illuminate\\Http\\Request))
#41 /Applications/XAMPP/xamppfiles/htdocs/Project (Laravel)/phplaravel/Module_03/vendor/laravel/framework/src/Illuminate/Foundation/Http/Kernel.php(176): Illuminate\\Pipeline\\Pipeline->then(Object(Closure))
#42 /Applications/XAMPP/xamppfiles/htdocs/Project (Laravel)/phplaravel/Module_03/vendor/laravel/framework/src/Illuminate/Foundation/Http/Kernel.php(145): Illuminate\\Foundation\\Http\\Kernel->sendRequestThroughRouter(Object(Illuminate\\Http\\Request))
#43 /Applications/XAMPP/xamppfiles/htdocs/Project (Laravel)/phplaravel/Module_03/vendor/laravel/framework/src/Illuminate/Foundation/Application.php(1188): Illuminate\\Foundation\\Http\\Kernel->handle(Object(Illuminate\\Http\\Request))
#44 /Applications/XAMPP/xamppfiles/htdocs/Project (Laravel)/phplaravel/Module_03/public/index.php(17): Illuminate\\Foundation\\Application->handleRequest(Object(Illuminate\\Http\\Request))
#45 /Applications/XAMPP/xamppfiles/htdocs/Project (Laravel)/phplaravel/Module_03/vendor/laravel/framework/src/Illuminate/Foundation/resources/server.php(23): require_once('/Applications/X...')
#46 {main}
"} 
[2024-09-21 23:06:43] production.ERROR: No application encryption key has been specified. {"exception":"[object] (Illuminate\\Encryption\\MissingAppKeyException(code: 0): No application encryption key has been specified. at /Applications/XAMPP/xamppfiles/htdocs/Project (Laravel)/phplaravel/Module_03/vendor/laravel/framework/src/Illuminate/Encryption/EncryptionServiceProvider.php:83)
[stacktrace]
#0 /Applications/XAMPP/xamppfiles/htdocs/Project (Laravel)/phplaravel/Module_03/vendor/laravel/framework/src/Illuminate/Support/helpers.php(380): Illuminate\\Encryption\\EncryptionServiceProvider->Illuminate\\Encryption\\{closure}(NULL)
#1 /Applications/XAMPP/xamppfiles/htdocs/Project (Laravel)/phplaravel/Module_03/vendor/laravel/framework/src/Illuminate/Encryption/EncryptionServiceProvider.php(81): tap(NULL, Object(Closure))
#2 /Applications/XAMPP/xamppfiles/htdocs/Project (Laravel)/phplaravel/Module_03/vendor/laravel/framework/src/Illuminate/Encryption/EncryptionServiceProvider.php(64): Illuminate\\Encryption\\EncryptionServiceProvider->key(Array)
#3 /Applications/XAMPP/xamppfiles/htdocs/Project (Laravel)/phplaravel/Module_03/vendor/laravel/framework/src/Illuminate/Encryption/EncryptionServiceProvider.php(32): Illuminate\\Encryption\\EncryptionServiceProvider->parseKey(Array)
#4 /Applications/XAMPP/xamppfiles/htdocs/Project (Laravel)/phplaravel/Module_03/vendor/laravel/framework/src/Illuminate/Container/Container.php(931): Illuminate\\Encryption\\EncryptionServiceProvider->Illuminate\\Encryption\\{closure}(Object(Illuminate\\Foundation\\Application), Array)
#5 /Applications/XAMPP/xamppfiles/htdocs/Project (Laravel)/phplaravel/Module_03/vendor/laravel/framework/src/Illuminate/Container/Container.php(815): Illuminate\\Container\\Container->build(Object(Closure))
#6 /Applications/XAMPP/xamppfiles/htdocs/Project (Laravel)/phplaravel/Module_03/vendor/laravel/framework/src/Illuminate/Foundation/Application.php(1046): Illuminate\\Container\\Container->resolve('encrypter', Array, true)
#7 /Applications/XAMPP/xamppfiles/htdocs/Project (Laravel)/phplaravel/Module_03/vendor/laravel/framework/src/Illuminate/Container/Container.php(751): Illuminate\\Foundation\\Application->resolve('encrypter', Array)
#8 /Applications/XAMPP/xamppfiles/htdocs/Project (Laravel)/phplaravel/Module_03/vendor/laravel/framework/src/Illuminate/Foundation/Application.php(1028): Illuminate\\Container\\Container->make('encrypter', Array)
#9 /Applications/XAMPP/xamppfiles/htdocs/Project (Laravel)/phplaravel/Module_03/vendor/laravel/framework/src/Illuminate/Container/Container.php(1108): Illuminate\\Foundation\\Application->make('encrypter')
#10 /Applications/XAMPP/xamppfiles/htdocs/Project (Laravel)/phplaravel/Module_03/vendor/laravel/framework/src/Illuminate/Container/Container.php(1022): Illuminate\\Container\\Container->resolveClass(Object(ReflectionParameter))
#11 /Applications/XAMPP/xamppfiles/htdocs/Project (Laravel)/phplaravel/Module_03/vendor/laravel/framework/src/Illuminate/Container/Container.php(973): Illuminate\\Container\\Container->resolveDependencies(Array)
#12 /Applications/XAMPP/xamppfiles/htdocs/Project (Laravel)/phplaravel/Module_03/vendor/laravel/framework/src/Illuminate/Container/Container.php(815): Illuminate\\Container\\Container->build('Illuminate\\\\Cook...')
#13 /Applications/XAMPP/xamppfiles/htdocs/Project (Laravel)/phplaravel/Module_03/vendor/laravel/framework/src/Illuminate/Foundation/Application.php(1046): Illuminate\\Container\\Container->resolve('Illuminate\\\\Cook...', Array, true)
#14 /Applications/XAMPP/xamppfiles/htdocs/Project (Laravel)/phplaravel/Module_03/vendor/laravel/framework/src/Illuminate/Container/Container.php(751): Illuminate\\Foundation\\Application->resolve('Illuminate\\\\Cook...', Array)
#15 /Applications/XAMPP/xamppfiles/htdocs/Project (Laravel)/phplaravel/Module_03/vendor/laravel/framework/src/Illuminate/Foundation/Application.php(1028): Illuminate\\Container\\Container->make('Illuminate\\\\Cook...', Array)
#16 /Applications/XAMPP/xamppfiles/htdocs/Project (Laravel)/phplaravel/Module_03/vendor/laravel/framework/src/Illuminate/Foundation/Http/Kernel.php(258): Illuminate\\Foundation\\Application->make('Illuminate\\\\Cook...')
#17 /Applications/XAMPP/xamppfiles/htdocs/Project (Laravel)/phplaravel/Module_03/vendor/laravel/framework/src/Illuminate/Foundation/Http/Kernel.php(216): Illuminate\\Foundation\\Http\\Kernel->terminateMiddleware(Object(Illuminate\\Http\\Request), Object(Illuminate\\Http\\Response))
#18 /Applications/XAMPP/xamppfiles/htdocs/Project (Laravel)/phplaravel/Module_03/vendor/laravel/framework/src/Illuminate/Foundation/Application.php(1190): Illuminate\\Foundation\\Http\\Kernel->terminate(Object(Illuminate\\Http\\Request), Object(Illuminate\\Http\\Response))
#19 /Applications/XAMPP/xamppfiles/htdocs/Project (Laravel)/phplaravel/Module_03/public/index.php(17): Illuminate\\Foundation\\Application->handleRequest(Object(Illuminate\\Http\\Request))
#20 /Applications/XAMPP/xamppfiles/htdocs/Project (Laravel)/phplaravel/Module_03/vendor/laravel/framework/src/Illuminate/Foundation/resources/server.php(23): require_once('/Applications/X...')
#21 {main}
"} 
[2024-09-21 23:06:51] production.ERROR: No application encryption key has been specified. {"exception":"[object] (Illuminate\\Encryption\\MissingAppKeyException(code: 0): No application encryption key has been specified. at /Applications/XAMPP/xamppfiles/htdocs/Project (Laravel)/phplaravel/Module_03/vendor/laravel/framework/src/Illuminate/Encryption/EncryptionServiceProvider.php:83)
[stacktrace]
#0 /Applications/XAMPP/xamppfiles/htdocs/Project (Laravel)/phplaravel/Module_03/vendor/laravel/framework/src/Illuminate/Support/helpers.php(380): Illuminate\\Encryption\\EncryptionServiceProvider->Illuminate\\Encryption\\{closure}(NULL)
#1 /Applications/XAMPP/xamppfiles/htdocs/Project (Laravel)/phplaravel/Module_03/vendor/laravel/framework/src/Illuminate/Encryption/EncryptionServiceProvider.php(81): tap(NULL, Object(Closure))
#2 /Applications/XAMPP/xamppfiles/htdocs/Project (Laravel)/phplaravel/Module_03/vendor/laravel/framework/src/Illuminate/Encryption/EncryptionServiceProvider.php(64): Illuminate\\Encryption\\EncryptionServiceProvider->key(Array)
#3 /Applications/XAMPP/xamppfiles/htdocs/Project (Laravel)/phplaravel/Module_03/vendor/laravel/framework/src/Illuminate/Encryption/EncryptionServiceProvider.php(32): Illuminate\\Encryption\\EncryptionServiceProvider->parseKey(Array)
#4 /Applications/XAMPP/xamppfiles/htdocs/Project (Laravel)/phplaravel/Module_03/vendor/laravel/framework/src/Illuminate/Container/Container.php(931): Illuminate\\Encryption\\EncryptionServiceProvider->Illuminate\\Encryption\\{closure}(Object(Illuminate\\Foundation\\Application), Array)
#5 /Applications/XAMPP/xamppfiles/htdocs/Project (Laravel)/phplaravel/Module_03/vendor/laravel/framework/src/Illuminate/Container/Container.php(815): Illuminate\\Container\\Container->build(Object(Closure))
#6 /Applications/XAMPP/xamppfiles/htdocs/Project (Laravel)/phplaravel/Module_03/vendor/laravel/framework/src/Illuminate/Foundation/Application.php(1046): Illuminate\\Container\\Container->resolve('encrypter', Array, true)
#7 /Applications/XAMPP/xamppfiles/htdocs/Project (Laravel)/phplaravel/Module_03/vendor/laravel/framework/src/Illuminate/Container/Container.php(751): Illuminate\\Foundation\\Application->resolve('encrypter', Array)
#8 /Applications/XAMPP/xamppfiles/htdocs/Project (Laravel)/phplaravel/Module_03/vendor/laravel/framework/src/Illuminate/Foundation/Application.php(1028): Illuminate\\Container\\Container->make('encrypter', Array)
#9 /Applications/XAMPP/xamppfiles/htdocs/Project (Laravel)/phplaravel/Module_03/vendor/laravel/framework/src/Illuminate/Container/Container.php(1108): Illuminate\\Foundation\\Application->make('encrypter')
#10 /Applications/XAMPP/xamppfiles/htdocs/Project (Laravel)/phplaravel/Module_03/vendor/laravel/framework/src/Illuminate/Container/Container.php(1022): Illuminate\\Container\\Container->resolveClass(Object(ReflectionParameter))
#11 /Applications/XAMPP/xamppfiles/htdocs/Project (Laravel)/phplaravel/Module_03/vendor/laravel/framework/src/Illuminate/Container/Container.php(973): Illuminate\\Container\\Container->resolveDependencies(Array)
#12 /Applications/XAMPP/xamppfiles/htdocs/Project (Laravel)/phplaravel/Module_03/vendor/laravel/framework/src/Illuminate/Container/Container.php(815): Illuminate\\Container\\Container->build('Illuminate\\\\Cook...')
#13 /Applications/XAMPP/xamppfiles/htdocs/Project (Laravel)/phplaravel/Module_03/vendor/laravel/framework/src/Illuminate/Foundation/Application.php(1046): Illuminate\\Container\\Container->resolve('Illuminate\\\\Cook...', Array, true)
#14 /Applications/XAMPP/xamppfiles/htdocs/Project (Laravel)/phplaravel/Module_03/vendor/laravel/framework/src/Illuminate/Container/Container.php(751): Illuminate\\Foundation\\Application->resolve('Illuminate\\\\Cook...', Array)
#15 /Applications/XAMPP/xamppfiles/htdocs/Project (Laravel)/phplaravel/Module_03/vendor/laravel/framework/src/Illuminate/Foundation/Application.php(1028): Illuminate\\Container\\Container->make('Illuminate\\\\Cook...', Array)
#16 /Applications/XAMPP/xamppfiles/htdocs/Project (Laravel)/phplaravel/Module_03/vendor/laravel/framework/src/Illuminate/Pipeline/Pipeline.php(172): Illuminate\\Foundation\\Application->make('Illuminate\\\\Cook...')
#17 /Applications/XAMPP/xamppfiles/htdocs/Project (Laravel)/phplaravel/Module_03/vendor/laravel/framework/src/Illuminate/Pipeline/Pipeline.php(119): Illuminate\\Pipeline\\Pipeline->Illuminate\\Pipeline\\{closure}(Object(Illuminate\\Http\\Request))
#18 /Applications/XAMPP/xamppfiles/htdocs/Project (Laravel)/phplaravel/Module_03/vendor/laravel/framework/src/Illuminate/Routing/Router.php(807): Illuminate\\Pipeline\\Pipeline->then(Object(Closure))
#19 /Applications/XAMPP/xamppfiles/htdocs/Project (Laravel)/phplaravel/Module_03/vendor/laravel/framework/src/Illuminate/Routing/Router.php(786): Illuminate\\Routing\\Router->runRouteWithinStack(Object(Illuminate\\Routing\\Route), Object(Illuminate\\Http\\Request))
#20 /Applications/XAMPP/xamppfiles/htdocs/Project (Laravel)/phplaravel/Module_03/vendor/laravel/framework/src/Illuminate/Routing/Router.php(750): Illuminate\\Routing\\Router->runRoute(Object(Illuminate\\Http\\Request), Object(Illuminate\\Routing\\Route))
#21 /Applications/XAMPP/xamppfiles/htdocs/Project (Laravel)/phplaravel/Module_03/vendor/laravel/framework/src/Illuminate/Routing/Router.php(739): Illuminate\\Routing\\Router->dispatchToRoute(Object(Illuminate\\Http\\Request))
#22 /Applications/XAMPP/xamppfiles/htdocs/Project (Laravel)/phplaravel/Module_03/vendor/laravel/framework/src/Illuminate/Foundation/Http/Kernel.php(201): Illuminate\\Routing\\Router->dispatch(Object(Illuminate\\Http\\Request))
#23 /Applications/XAMPP/xamppfiles/htdocs/Project (Laravel)/phplaravel/Module_03/vendor/laravel/framework/src/Illuminate/Pipeline/Pipeline.php(144): Illuminate\\Foundation\\Http\\Kernel->Illuminate\\Foundation\\Http\\{closure}(Object(Illuminate\\Http\\Request))
#24 /Applications/XAMPP/xamppfiles/htdocs/Project (Laravel)/phplaravel/Module_03/vendor/laravel/framework/src/Illuminate/Foundation/Http/Middleware/TransformsRequest.php(21): Illuminate\\Pipeline\\Pipeline->Illuminate\\Pipeline\\{closure}(Object(Illuminate\\Http\\Request))
#25 /Applications/XAMPP/xamppfiles/htdocs/Project (Laravel)/phplaravel/Module_03/vendor/laravel/framework/src/Illuminate/Foundation/Http/Middleware/ConvertEmptyStringsToNull.php(31): Illuminate\\Foundation\\Http\\Middleware\\TransformsRequest->handle(Object(Illuminate\\Http\\Request), Object(Closure))
#26 /Applications/XAMPP/xamppfiles/htdocs/Project (Laravel)/phplaravel/Module_03/vendor/laravel/framework/src/Illuminate/Pipeline/Pipeline.php(183): Illuminate\\Foundation\\Http\\Middleware\\ConvertEmptyStringsToNull->handle(Object(Illuminate\\Http\\Request), Object(Closure))
#27 /Applications/XAMPP/xamppfiles/htdocs/Project (Laravel)/phplaravel/Module_03/vendor/laravel/framework/src/Illuminate/Foundation/Http/Middleware/TransformsRequest.php(21): Illuminate\\Pipeline\\Pipeline->Illuminate\\Pipeline\\{closure}(Object(Illuminate\\Http\\Request))
#28 /Applications/XAMPP/xamppfiles/htdocs/Project (Laravel)/phplaravel/Module_03/vendor/laravel/framework/src/Illuminate/Foundation/Http/Middleware/TrimStrings.php(51): Illuminate\\Foundation\\Http\\Middleware\\TransformsRequest->handle(Object(Illuminate\\Http\\Request), Object(Closure))
#29 /Applications/XAMPP/xamppfiles/htdocs/Project (Laravel)/phplaravel/Module_03/vendor/laravel/framework/src/Illuminate/Pipeline/Pipeline.php(183): Illuminate\\Foundation\\Http\\Middleware\\TrimStrings->handle(Object(Illuminate\\Http\\Request), Object(Closure))
#30 /Applications/XAMPP/xamppfiles/htdocs/Project (Laravel)/phplaravel/Module_03/vendor/laravel/framework/src/Illuminate/Http/Middleware/ValidatePostSize.php(27): Illuminate\\Pipeline\\Pipeline->Illuminate\\Pipeline\\{closure}(Object(Illuminate\\Http\\Request))
#31 /Applications/XAMPP/xamppfiles/htdocs/Project (Laravel)/phplaravel/Module_03/vendor/laravel/framework/src/Illuminate/Pipeline/Pipeline.php(183): Illuminate\\Http\\Middleware\\ValidatePostSize->handle(Object(Illuminate\\Http\\Request), Object(Closure))
#32 /Applications/XAMPP/xamppfiles/htdocs/Project (Laravel)/phplaravel/Module_03/vendor/laravel/framework/src/Illuminate/Foundation/Http/Middleware/PreventRequestsDuringMaintenance.php(110): Illuminate\\Pipeline\\Pipeline->Illuminate\\Pipeline\\{closure}(Object(Illuminate\\Http\\Request))
#33 /Applications/XAMPP/xamppfiles/htdocs/Project (Laravel)/phplaravel/Module_03/vendor/laravel/framework/src/Illuminate/Pipeline/Pipeline.php(183): Illuminate\\Foundation\\Http\\Middleware\\PreventRequestsDuringMaintenance->handle(Object(Illuminate\\Http\\Request), Object(Closure))
#34 /Applications/XAMPP/xamppfiles/htdocs/Project (Laravel)/phplaravel/Module_03/vendor/laravel/framework/src/Illuminate/Http/Middleware/HandleCors.php(49): Illuminate\\Pipeline\\Pipeline->Illuminate\\Pipeline\\{closure}(Object(Illuminate\\Http\\Request))
#35 /Applications/XAMPP/xamppfiles/htdocs/Project (Laravel)/phplaravel/Module_03/vendor/laravel/framework/src/Illuminate/Pipeline/Pipeline.php(183): Illuminate\\Http\\Middleware\\HandleCors->handle(Object(Illuminate\\Http\\Request), Object(Closure))
#36 /Applications/XAMPP/xamppfiles/htdocs/Project (Laravel)/phplaravel/Module_03/vendor/laravel/framework/src/Illuminate/Http/Middleware/TrustProxies.php(58): Illuminate\\Pipeline\\Pipeline->Illuminate\\Pipeline\\{closure}(Object(Illuminate\\Http\\Request))
#37 /Applications/XAMPP/xamppfiles/htdocs/Project (Laravel)/phplaravel/Module_03/vendor/laravel/framework/src/Illuminate/Pipeline/Pipeline.php(183): Illuminate\\Http\\Middleware\\TrustProxies->handle(Object(Illuminate\\Http\\Request), Object(Closure))
#38 /Applications/XAMPP/xamppfiles/htdocs/Project (Laravel)/phplaravel/Module_03/vendor/laravel/framework/src/Illuminate/Foundation/Http/Middleware/InvokeDeferredCallbacks.php(22): Illuminate\\Pipeline\\Pipeline->Illuminate\\Pipeline\\{closure}(Object(Illuminate\\Http\\Request))
#39 /Applications/XAMPP/xamppfiles/htdocs/Project (Laravel)/phplaravel/Module_03/vendor/laravel/framework/src/Illuminate/Pipeline/Pipeline.php(183): Illuminate\\Foundation\\Http\\Middleware\\InvokeDeferredCallbacks->handle(Object(Illuminate\\Http\\Request), Object(Closure))
#40 /Applications/XAMPP/xamppfiles/htdocs/Project (Laravel)/phplaravel/Module_03/vendor/laravel/framework/src/Illuminate/Pipeline/Pipeline.php(119): Illuminate\\Pipeline\\Pipeline->Illuminate\\Pipeline\\{closure}(Object(Illuminate\\Http\\Request))
#41 /Applications/XAMPP/xamppfiles/htdocs/Project (Laravel)/phplaravel/Module_03/vendor/laravel/framework/src/Illuminate/Foundation/Http/Kernel.php(176): Illuminate\\Pipeline\\Pipeline->then(Object(Closure))
#42 /Applications/XAMPP/xamppfiles/htdocs/Project (Laravel)/phplaravel/Module_03/vendor/laravel/framework/src/Illuminate/Foundation/Http/Kernel.php(145): Illuminate\\Foundation\\Http\\Kernel->sendRequestThroughRouter(Object(Illuminate\\Http\\Request))
#43 /Applications/XAMPP/xamppfiles/htdocs/Project (Laravel)/phplaravel/Module_03/vendor/laravel/framework/src/Illuminate/Foundation/Application.php(1188): Illuminate\\Foundation\\Http\\Kernel->handle(Object(Illuminate\\Http\\Request))
#44 /Applications/XAMPP/xamppfiles/htdocs/Project (Laravel)/phplaravel/Module_03/public/index.php(17): Illuminate\\Foundation\\Application->handleRequest(Object(Illuminate\\Http\\Request))
#45 /Applications/XAMPP/xamppfiles/htdocs/Project (Laravel)/phplaravel/Module_03/vendor/laravel/framework/src/Illuminate/Foundation/resources/server.php(23): require_once('/Applications/X...')
#46 {main}
"} 
[2024-09-21 23:06:51] production.ERROR: No application encryption key has been specified. {"exception":"[object] (Illuminate\\Encryption\\MissingAppKeyException(code: 0): No application encryption key has been specified. at /Applications/XAMPP/xamppfiles/htdocs/Project (Laravel)/phplaravel/Module_03/vendor/laravel/framework/src/Illuminate/Encryption/EncryptionServiceProvider.php:83)
[stacktrace]
#0 /Applications/XAMPP/xamppfiles/htdocs/Project (Laravel)/phplaravel/Module_03/vendor/laravel/framework/src/Illuminate/Support/helpers.php(380): Illuminate\\Encryption\\EncryptionServiceProvider->Illuminate\\Encryption\\{closure}(NULL)
#1 /Applications/XAMPP/xamppfiles/htdocs/Project (Laravel)/phplaravel/Module_03/vendor/laravel/framework/src/Illuminate/Encryption/EncryptionServiceProvider.php(81): tap(NULL, Object(Closure))
#2 /Applications/XAMPP/xamppfiles/htdocs/Project (Laravel)/phplaravel/Module_03/vendor/laravel/framework/src/Illuminate/Encryption/EncryptionServiceProvider.php(64): Illuminate\\Encryption\\EncryptionServiceProvider->key(Array)
#3 /Applications/XAMPP/xamppfiles/htdocs/Project (Laravel)/phplaravel/Module_03/vendor/laravel/framework/src/Illuminate/Encryption/EncryptionServiceProvider.php(32): Illuminate\\Encryption\\EncryptionServiceProvider->parseKey(Array)
#4 /Applications/XAMPP/xamppfiles/htdocs/Project (Laravel)/phplaravel/Module_03/vendor/laravel/framework/src/Illuminate/Container/Container.php(931): Illuminate\\Encryption\\EncryptionServiceProvider->Illuminate\\Encryption\\{closure}(Object(Illuminate\\Foundation\\Application), Array)
#5 /Applications/XAMPP/xamppfiles/htdocs/Project (Laravel)/phplaravel/Module_03/vendor/laravel/framework/src/Illuminate/Container/Container.php(815): Illuminate\\Container\\Container->build(Object(Closure))
#6 /Applications/XAMPP/xamppfiles/htdocs/Project (Laravel)/phplaravel/Module_03/vendor/laravel/framework/src/Illuminate/Foundation/Application.php(1046): Illuminate\\Container\\Container->resolve('encrypter', Array, true)
#7 /Applications/XAMPP/xamppfiles/htdocs/Project (Laravel)/phplaravel/Module_03/vendor/laravel/framework/src/Illuminate/Container/Container.php(751): Illuminate\\Foundation\\Application->resolve('encrypter', Array)
#8 /Applications/XAMPP/xamppfiles/htdocs/Project (Laravel)/phplaravel/Module_03/vendor/laravel/framework/src/Illuminate/Foundation/Application.php(1028): Illuminate\\Container\\Container->make('encrypter', Array)
#9 /Applications/XAMPP/xamppfiles/htdocs/Project (Laravel)/phplaravel/Module_03/vendor/laravel/framework/src/Illuminate/Container/Container.php(1108): Illuminate\\Foundation\\Application->make('encrypter')
#10 /Applications/XAMPP/xamppfiles/htdocs/Project (Laravel)/phplaravel/Module_03/vendor/laravel/framework/src/Illuminate/Container/Container.php(1022): Illuminate\\Container\\Container->resolveClass(Object(ReflectionParameter))
#11 /Applications/XAMPP/xamppfiles/htdocs/Project (Laravel)/phplaravel/Module_03/vendor/laravel/framework/src/Illuminate/Container/Container.php(973): Illuminate\\Container\\Container->resolveDependencies(Array)
#12 /Applications/XAMPP/xamppfiles/htdocs/Project (Laravel)/phplaravel/Module_03/vendor/laravel/framework/src/Illuminate/Container/Container.php(815): Illuminate\\Container\\Container->build('Illuminate\\\\Cook...')
#13 /Applications/XAMPP/xamppfiles/htdocs/Project (Laravel)/phplaravel/Module_03/vendor/laravel/framework/src/Illuminate/Foundation/Application.php(1046): Illuminate\\Container\\Container->resolve('Illuminate\\\\Cook...', Array, true)
#14 /Applications/XAMPP/xamppfiles/htdocs/Project (Laravel)/phplaravel/Module_03/vendor/laravel/framework/src/Illuminate/Container/Container.php(751): Illuminate\\Foundation\\Application->resolve('Illuminate\\\\Cook...', Array)
#15 /Applications/XAMPP/xamppfiles/htdocs/Project (Laravel)/phplaravel/Module_03/vendor/laravel/framework/src/Illuminate/Foundation/Application.php(1028): Illuminate\\Container\\Container->make('Illuminate\\\\Cook...', Array)
#16 /Applications/XAMPP/xamppfiles/htdocs/Project (Laravel)/phplaravel/Module_03/vendor/laravel/framework/src/Illuminate/Foundation/Http/Kernel.php(258): Illuminate\\Foundation\\Application->make('Illuminate\\\\Cook...')
#17 /Applications/XAMPP/xamppfiles/htdocs/Project (Laravel)/phplaravel/Module_03/vendor/laravel/framework/src/Illuminate/Foundation/Http/Kernel.php(216): Illuminate\\Foundation\\Http\\Kernel->terminateMiddleware(Object(Illuminate\\Http\\Request), Object(Illuminate\\Http\\Response))
#18 /Applications/XAMPP/xamppfiles/htdocs/Project (Laravel)/phplaravel/Module_03/vendor/laravel/framework/src/Illuminate/Foundation/Application.php(1190): Illuminate\\Foundation\\Http\\Kernel->terminate(Object(Illuminate\\Http\\Request), Object(Illuminate\\Http\\Response))
#19 /Applications/XAMPP/xamppfiles/htdocs/Project (Laravel)/phplaravel/Module_03/public/index.php(17): Illuminate\\Foundation\\Application->handleRequest(Object(Illuminate\\Http\\Request))
#20 /Applications/XAMPP/xamppfiles/htdocs/Project (Laravel)/phplaravel/Module_03/vendor/laravel/framework/src/Illuminate/Foundation/resources/server.php(23): require_once('/Applications/X...')
#21 {main}
"} 
[2024-09-21 23:09:24] production.ERROR: file_get_contents(/Applications/XAMPP/xamppfiles/htdocs/Project (Laravel)/phplaravel/Module_03/.env): Failed to open stream: No such file or directory {"exception":"[object] (ErrorException(code: 0): file_get_contents(/Applications/XAMPP/xamppfiles/htdocs/Project (Laravel)/phplaravel/Module_03/.env): Failed to open stream: No such file or directory at /Applications/XAMPP/xamppfiles/htdocs/Project (Laravel)/phplaravel/Module_03/vendor/laravel/framework/src/Illuminate/Foundation/Console/KeyGenerateCommand.php:100)
[stacktrace]
#0 /Applications/XAMPP/xamppfiles/htdocs/Project (Laravel)/phplaravel/Module_03/vendor/laravel/framework/src/Illuminate/Foundation/Bootstrap/HandleExceptions.php(256): Illuminate\\Foundation\\Bootstrap\\HandleExceptions->handleError(2, 'file_get_conten...', '/Applications/X...', 100)
#1 [internal function]: Illuminate\\Foundation\\Bootstrap\\HandleExceptions->Illuminate\\Foundation\\Bootstrap\\{closure}(2, 'file_get_conten...', '/Applications/X...', 100)
#2 /Applications/XAMPP/xamppfiles/htdocs/Project (Laravel)/phplaravel/Module_03/vendor/laravel/framework/src/Illuminate/Foundation/Console/KeyGenerateCommand.php(100): file_get_contents('/Applications/X...')
#3 /Applications/XAMPP/xamppfiles/htdocs/Project (Laravel)/phplaravel/Module_03/vendor/laravel/framework/src/Illuminate/Foundation/Console/KeyGenerateCommand.php(82): Illuminate\\Foundation\\Console\\KeyGenerateCommand->writeNewEnvironmentFileWith('base64:w+hPLIH7...')
#4 /Applications/XAMPP/xamppfiles/htdocs/Project (Laravel)/phplaravel/Module_03/vendor/laravel/framework/src/Illuminate/Foundation/Console/KeyGenerateCommand.php(47): Illuminate\\Foundation\\Console\\KeyGenerateCommand->setKeyInEnvironmentFile('base64:w+hPLIH7...')
#5 /Applications/XAMPP/xamppfiles/htdocs/Project (Laravel)/phplaravel/Module_03/vendor/laravel/framework/src/Illuminate/Container/BoundMethod.php(36): Illuminate\\Foundation\\Console\\KeyGenerateCommand->handle()
#6 /Applications/XAMPP/xamppfiles/htdocs/Project (Laravel)/phplaravel/Module_03/vendor/laravel/framework/src/Illuminate/Container/Util.php(43): Illuminate\\Container\\BoundMethod::Illuminate\\Container\\{closure}()
#7 /Applications/XAMPP/xamppfiles/htdocs/Project (Laravel)/phplaravel/Module_03/vendor/laravel/framework/src/Illuminate/Container/BoundMethod.php(95): Illuminate\\Container\\Util::unwrapIfClosure(Object(Closure))
#8 /Applications/XAMPP/xamppfiles/htdocs/Project (Laravel)/phplaravel/Module_03/vendor/laravel/framework/src/Illuminate/Container/BoundMethod.php(35): Illuminate\\Container\\BoundMethod::callBoundMethod(Object(Illuminate\\Foundation\\Application), Array, Object(Closure))
#9 /Applications/XAMPP/xamppfiles/htdocs/Project (Laravel)/phplaravel/Module_03/vendor/laravel/framework/src/Illuminate/Container/Container.php(690): Illuminate\\Container\\BoundMethod::call(Object(Illuminate\\Foundation\\Application), Array, Array, NULL)
#10 /Applications/XAMPP/xamppfiles/htdocs/Project (Laravel)/phplaravel/Module_03/vendor/laravel/framework/src/Illuminate/Console/Command.php(213): Illuminate\\Container\\Container->call(Array)
#11 /Applications/XAMPP/xamppfiles/htdocs/Project (Laravel)/phplaravel/Module_03/vendor/symfony/console/Command/Command.php(279): Illuminate\\Console\\Command->execute(Object(Symfony\\Component\\Console\\Input\\ArgvInput), Object(Illuminate\\Console\\OutputStyle))
#12 /Applications/XAMPP/xamppfiles/htdocs/Project (Laravel)/phplaravel/Module_03/vendor/laravel/framework/src/Illuminate/Console/Command.php(182): Symfony\\Component\\Console\\Command\\Command->run(Object(Symfony\\Component\\Console\\Input\\ArgvInput), Object(Illuminate\\Console\\OutputStyle))
#13 /Applications/XAMPP/xamppfiles/htdocs/Project (Laravel)/phplaravel/Module_03/vendor/symfony/console/Application.php(1047): Illuminate\\Console\\Command->run(Object(Symfony\\Component\\Console\\Input\\ArgvInput), Object(Symfony\\Component\\Console\\Output\\ConsoleOutput))
#14 /Applications/XAMPP/xamppfiles/htdocs/Project (Laravel)/phplaravel/Module_03/vendor/symfony/console/Application.php(316): Symfony\\Component\\Console\\Application->doRunCommand(Object(Illuminate\\Foundation\\Console\\KeyGenerateCommand), Object(Symfony\\Component\\Console\\Input\\ArgvInput), Object(Symfony\\Component\\Console\\Output\\ConsoleOutput))
#15 /Applications/XAMPP/xamppfiles/htdocs/Project (Laravel)/phplaravel/Module_03/vendor/symfony/console/Application.php(167): Symfony\\Component\\Console\\Application->doRun(Object(Symfony\\Component\\Console\\Input\\ArgvInput), Object(Symfony\\Component\\Console\\Output\\ConsoleOutput))
#16 /Applications/XAMPP/xamppfiles/htdocs/Project (Laravel)/phplaravel/Module_03/vendor/laravel/framework/src/Illuminate/Foundation/Console/Kernel.php(197): Symfony\\Component\\Console\\Application->run(Object(Symfony\\Component\\Console\\Input\\ArgvInput), Object(Symfony\\Component\\Console\\Output\\ConsoleOutput))
#17 /Applications/XAMPP/xamppfiles/htdocs/Project (Laravel)/phplaravel/Module_03/vendor/laravel/framework/src/Illuminate/Foundation/Application.php(1203): Illuminate\\Foundation\\Console\\Kernel->handle(Object(Symfony\\Component\\Console\\Input\\ArgvInput), Object(Symfony\\Component\\Console\\Output\\ConsoleOutput))
#18 /Applications/XAMPP/xamppfiles/htdocs/Project (Laravel)/phplaravel/Module_03/artisan(13): Illuminate\\Foundation\\Application->handleCommand(Object(Symfony\\Component\\Console\\Input\\ArgvInput))
#19 {main}
"} 
[2024-09-21 23:10:34] local.ERROR: No application encryption key has been specified. {"exception":"[object] (Illuminate\\Encryption\\MissingAppKeyException(code: 0): No application encryption key has been specified. at /Applications/XAMPP/xamppfiles/htdocs/Project (Laravel)/phplaravel/Module_03/vendor/laravel/framework/src/Illuminate/Encryption/EncryptionServiceProvider.php:83)
[stacktrace]
#0 /Applications/XAMPP/xamppfiles/htdocs/Project (Laravel)/phplaravel/Module_03/vendor/laravel/framework/src/Illuminate/Support/helpers.php(380): Illuminate\\Encryption\\EncryptionServiceProvider->Illuminate\\Encryption\\{closure}('')
#1 /Applications/XAMPP/xamppfiles/htdocs/Project (Laravel)/phplaravel/Module_03/vendor/laravel/framework/src/Illuminate/Encryption/EncryptionServiceProvider.php(81): tap('', Object(Closure))
#2 /Applications/XAMPP/xamppfiles/htdocs/Project (Laravel)/phplaravel/Module_03/vendor/laravel/framework/src/Illuminate/Encryption/EncryptionServiceProvider.php(64): Illuminate\\Encryption\\EncryptionServiceProvider->key(Array)
#3 /Applications/XAMPP/xamppfiles/htdocs/Project (Laravel)/phplaravel/Module_03/vendor/laravel/framework/src/Illuminate/Encryption/EncryptionServiceProvider.php(32): Illuminate\\Encryption\\EncryptionServiceProvider->parseKey(Array)
#4 /Applications/XAMPP/xamppfiles/htdocs/Project (Laravel)/phplaravel/Module_03/vendor/laravel/framework/src/Illuminate/Container/Container.php(931): Illuminate\\Encryption\\EncryptionServiceProvider->Illuminate\\Encryption\\{closure}(Object(Illuminate\\Foundation\\Application), Array)
#5 /Applications/XAMPP/xamppfiles/htdocs/Project (Laravel)/phplaravel/Module_03/vendor/laravel/framework/src/Illuminate/Container/Container.php(815): Illuminate\\Container\\Container->build(Object(Closure))
#6 /Applications/XAMPP/xamppfiles/htdocs/Project (Laravel)/phplaravel/Module_03/vendor/laravel/framework/src/Illuminate/Foundation/Application.php(1046): Illuminate\\Container\\Container->resolve('encrypter', Array, true)
#7 /Applications/XAMPP/xamppfiles/htdocs/Project (Laravel)/phplaravel/Module_03/vendor/laravel/framework/src/Illuminate/Container/Container.php(751): Illuminate\\Foundation\\Application->resolve('encrypter', Array)
#8 /Applications/XAMPP/xamppfiles/htdocs/Project (Laravel)/phplaravel/Module_03/vendor/laravel/framework/src/Illuminate/Foundation/Application.php(1028): Illuminate\\Container\\Container->make('encrypter', Array)
#9 /Applications/XAMPP/xamppfiles/htdocs/Project (Laravel)/phplaravel/Module_03/vendor/laravel/framework/src/Illuminate/Container/Container.php(1108): Illuminate\\Foundation\\Application->make('encrypter')
#10 /Applications/XAMPP/xamppfiles/htdocs/Project (Laravel)/phplaravel/Module_03/vendor/laravel/framework/src/Illuminate/Container/Container.php(1022): Illuminate\\Container\\Container->resolveClass(Object(ReflectionParameter))
#11 /Applications/XAMPP/xamppfiles/htdocs/Project (Laravel)/phplaravel/Module_03/vendor/laravel/framework/src/Illuminate/Container/Container.php(973): Illuminate\\Container\\Container->resolveDependencies(Array)
#12 /Applications/XAMPP/xamppfiles/htdocs/Project (Laravel)/phplaravel/Module_03/vendor/laravel/framework/src/Illuminate/Container/Container.php(815): Illuminate\\Container\\Container->build('Illuminate\\\\Cook...')
#13 /Applications/XAMPP/xamppfiles/htdocs/Project (Laravel)/phplaravel/Module_03/vendor/laravel/framework/src/Illuminate/Foundation/Application.php(1046): Illuminate\\Container\\Container->resolve('Illuminate\\\\Cook...', Array, true)
#14 /Applications/XAMPP/xamppfiles/htdocs/Project (Laravel)/phplaravel/Module_03/vendor/laravel/framework/src/Illuminate/Container/Container.php(751): Illuminate\\Foundation\\Application->resolve('Illuminate\\\\Cook...', Array)
#15 /Applications/XAMPP/xamppfiles/htdocs/Project (Laravel)/phplaravel/Module_03/vendor/laravel/framework/src/Illuminate/Foundation/Application.php(1028): Illuminate\\Container\\Container->make('Illuminate\\\\Cook...', Array)
#16 /Applications/XAMPP/xamppfiles/htdocs/Project (Laravel)/phplaravel/Module_03/vendor/laravel/framework/src/Illuminate/Pipeline/Pipeline.php(172): Illuminate\\Foundation\\Application->make('Illuminate\\\\Cook...')
#17 /Applications/XAMPP/xamppfiles/htdocs/Project (Laravel)/phplaravel/Module_03/vendor/laravel/framework/src/Illuminate/Pipeline/Pipeline.php(119): Illuminate\\Pipeline\\Pipeline->Illuminate\\Pipeline\\{closure}(Object(Illuminate\\Http\\Request))
#18 /Applications/XAMPP/xamppfiles/htdocs/Project (Laravel)/phplaravel/Module_03/vendor/laravel/framework/src/Illuminate/Routing/Router.php(807): Illuminate\\Pipeline\\Pipeline->then(Object(Closure))
#19 /Applications/XAMPP/xamppfiles/htdocs/Project (Laravel)/phplaravel/Module_03/vendor/laravel/framework/src/Illuminate/Routing/Router.php(786): Illuminate\\Routing\\Router->runRouteWithinStack(Object(Illuminate\\Routing\\Route), Object(Illuminate\\Http\\Request))
#20 /Applications/XAMPP/xamppfiles/htdocs/Project (Laravel)/phplaravel/Module_03/vendor/laravel/framework/src/Illuminate/Routing/Router.php(750): Illuminate\\Routing\\Router->runRoute(Object(Illuminate\\Http\\Request), Object(Illuminate\\Routing\\Route))
#21 /Applications/XAMPP/xamppfiles/htdocs/Project (Laravel)/phplaravel/Module_03/vendor/laravel/framework/src/Illuminate/Routing/Router.php(739): Illuminate\\Routing\\Router->dispatchToRoute(Object(Illuminate\\Http\\Request))
#22 /Applications/XAMPP/xamppfiles/htdocs/Project (Laravel)/phplaravel/Module_03/vendor/laravel/framework/src/Illuminate/Foundation/Http/Kernel.php(201): Illuminate\\Routing\\Router->dispatch(Object(Illuminate\\Http\\Request))
#23 /Applications/XAMPP/xamppfiles/htdocs/Project (Laravel)/phplaravel/Module_03/vendor/laravel/framework/src/Illuminate/Pipeline/Pipeline.php(144): Illuminate\\Foundation\\Http\\Kernel->Illuminate\\Foundation\\Http\\{closure}(Object(Illuminate\\Http\\Request))
#24 /Applications/XAMPP/xamppfiles/htdocs/Project (Laravel)/phplaravel/Module_03/vendor/laravel/framework/src/Illuminate/Foundation/Http/Middleware/TransformsRequest.php(21): Illuminate\\Pipeline\\Pipeline->Illuminate\\Pipeline\\{closure}(Object(Illuminate\\Http\\Request))
#25 /Applications/XAMPP/xamppfiles/htdocs/Project (Laravel)/phplaravel/Module_03/vendor/laravel/framework/src/Illuminate/Foundation/Http/Middleware/ConvertEmptyStringsToNull.php(31): Illuminate\\Foundation\\Http\\Middleware\\TransformsRequest->handle(Object(Illuminate\\Http\\Request), Object(Closure))
#26 /Applications/XAMPP/xamppfiles/htdocs/Project (Laravel)/phplaravel/Module_03/vendor/laravel/framework/src/Illuminate/Pipeline/Pipeline.php(183): Illuminate\\Foundation\\Http\\Middleware\\ConvertEmptyStringsToNull->handle(Object(Illuminate\\Http\\Request), Object(Closure))
#27 /Applications/XAMPP/xamppfiles/htdocs/Project (Laravel)/phplaravel/Module_03/vendor/laravel/framework/src/Illuminate/Foundation/Http/Middleware/TransformsRequest.php(21): Illuminate\\Pipeline\\Pipeline->Illuminate\\Pipeline\\{closure}(Object(Illuminate\\Http\\Request))
#28 /Applications/XAMPP/xamppfiles/htdocs/Project (Laravel)/phplaravel/Module_03/vendor/laravel/framework/src/Illuminate/Foundation/Http/Middleware/TrimStrings.php(51): Illuminate\\Foundation\\Http\\Middleware\\TransformsRequest->handle(Object(Illuminate\\Http\\Request), Object(Closure))
#29 /Applications/XAMPP/xamppfiles/htdocs/Project (Laravel)/phplaravel/Module_03/vendor/laravel/framework/src/Illuminate/Pipeline/Pipeline.php(183): Illuminate\\Foundation\\Http\\Middleware\\TrimStrings->handle(Object(Illuminate\\Http\\Request), Object(Closure))
#30 /Applications/XAMPP/xamppfiles/htdocs/Project (Laravel)/phplaravel/Module_03/vendor/laravel/framework/src/Illuminate/Http/Middleware/ValidatePostSize.php(27): Illuminate\\Pipeline\\Pipeline->Illuminate\\Pipeline\\{closure}(Object(Illuminate\\Http\\Request))
#31 /Applications/XAMPP/xamppfiles/htdocs/Project (Laravel)/phplaravel/Module_03/vendor/laravel/framework/src/Illuminate/Pipeline/Pipeline.php(183): Illuminate\\Http\\Middleware\\ValidatePostSize->handle(Object(Illuminate\\Http\\Request), Object(Closure))
#32 /Applications/XAMPP/xamppfiles/htdocs/Project (Laravel)/phplaravel/Module_03/vendor/laravel/framework/src/Illuminate/Foundation/Http/Middleware/PreventRequestsDuringMaintenance.php(110): Illuminate\\Pipeline\\Pipeline->Illuminate\\Pipeline\\{closure}(Object(Illuminate\\Http\\Request))
#33 /Applications/XAMPP/xamppfiles/htdocs/Project (Laravel)/phplaravel/Module_03/vendor/laravel/framework/src/Illuminate/Pipeline/Pipeline.php(183): Illuminate\\Foundation\\Http\\Middleware\\PreventRequestsDuringMaintenance->handle(Object(Illuminate\\Http\\Request), Object(Closure))
#34 /Applications/XAMPP/xamppfiles/htdocs/Project (Laravel)/phplaravel/Module_03/vendor/laravel/framework/src/Illuminate/Http/Middleware/HandleCors.php(49): Illuminate\\Pipeline\\Pipeline->Illuminate\\Pipeline\\{closure}(Object(Illuminate\\Http\\Request))
#35 /Applications/XAMPP/xamppfiles/htdocs/Project (Laravel)/phplaravel/Module_03/vendor/laravel/framework/src/Illuminate/Pipeline/Pipeline.php(183): Illuminate\\Http\\Middleware\\HandleCors->handle(Object(Illuminate\\Http\\Request), Object(Closure))
#36 /Applications/XAMPP/xamppfiles/htdocs/Project (Laravel)/phplaravel/Module_03/vendor/laravel/framework/src/Illuminate/Http/Middleware/TrustProxies.php(58): Illuminate\\Pipeline\\Pipeline->Illuminate\\Pipeline\\{closure}(Object(Illuminate\\Http\\Request))
#37 /Applications/XAMPP/xamppfiles/htdocs/Project (Laravel)/phplaravel/Module_03/vendor/laravel/framework/src/Illuminate/Pipeline/Pipeline.php(183): Illuminate\\Http\\Middleware\\TrustProxies->handle(Object(Illuminate\\Http\\Request), Object(Closure))
#38 /Applications/XAMPP/xamppfiles/htdocs/Project (Laravel)/phplaravel/Module_03/vendor/laravel/framework/src/Illuminate/Foundation/Http/Middleware/InvokeDeferredCallbacks.php(22): Illuminate\\Pipeline\\Pipeline->Illuminate\\Pipeline\\{closure}(Object(Illuminate\\Http\\Request))
#39 /Applications/XAMPP/xamppfiles/htdocs/Project (Laravel)/phplaravel/Module_03/vendor/laravel/framework/src/Illuminate/Pipeline/Pipeline.php(183): Illuminate\\Foundation\\Http\\Middleware\\InvokeDeferredCallbacks->handle(Object(Illuminate\\Http\\Request), Object(Closure))
#40 /Applications/XAMPP/xamppfiles/htdocs/Project (Laravel)/phplaravel/Module_03/vendor/laravel/framework/src/Illuminate/Pipeline/Pipeline.php(119): Illuminate\\Pipeline\\Pipeline->Illuminate\\Pipeline\\{closure}(Object(Illuminate\\Http\\Request))
#41 /Applications/XAMPP/xamppfiles/htdocs/Project (Laravel)/phplaravel/Module_03/vendor/laravel/framework/src/Illuminate/Foundation/Http/Kernel.php(176): Illuminate\\Pipeline\\Pipeline->then(Object(Closure))
#42 /Applications/XAMPP/xamppfiles/htdocs/Project (Laravel)/phplaravel/Module_03/vendor/laravel/framework/src/Illuminate/Foundation/Http/Kernel.php(145): Illuminate\\Foundation\\Http\\Kernel->sendRequestThroughRouter(Object(Illuminate\\Http\\Request))
#43 /Applications/XAMPP/xamppfiles/htdocs/Project (Laravel)/phplaravel/Module_03/vendor/laravel/framework/src/Illuminate/Foundation/Application.php(1188): Illuminate\\Foundation\\Http\\Kernel->handle(Object(Illuminate\\Http\\Request))
#44 /Applications/XAMPP/xamppfiles/htdocs/Project (Laravel)/phplaravel/Module_03/public/index.php(17): Illuminate\\Foundation\\Application->handleRequest(Object(Illuminate\\Http\\Request))
#45 /Applications/XAMPP/xamppfiles/htdocs/Project (Laravel)/phplaravel/Module_03/vendor/laravel/framework/src/Illuminate/Foundation/resources/server.php(23): require_once('/Applications/X...')
#46 {main}
"} 
[2024-09-21 23:10:34] local.ERROR: No application encryption key has been specified. {"exception":"[object] (Illuminate\\Encryption\\MissingAppKeyException(code: 0): No application encryption key has been specified. at /Applications/XAMPP/xamppfiles/htdocs/Project (Laravel)/phplaravel/Module_03/vendor/laravel/framework/src/Illuminate/Encryption/EncryptionServiceProvider.php:83)
[stacktrace]
#0 /Applications/XAMPP/xamppfiles/htdocs/Project (Laravel)/phplaravel/Module_03/vendor/laravel/framework/src/Illuminate/Support/helpers.php(380): Illuminate\\Encryption\\EncryptionServiceProvider->Illuminate\\Encryption\\{closure}('')
#1 /Applications/XAMPP/xamppfiles/htdocs/Project (Laravel)/phplaravel/Module_03/vendor/laravel/framework/src/Illuminate/Encryption/EncryptionServiceProvider.php(81): tap('', Object(Closure))
#2 /Applications/XAMPP/xamppfiles/htdocs/Project (Laravel)/phplaravel/Module_03/vendor/laravel/framework/src/Illuminate/Encryption/EncryptionServiceProvider.php(64): Illuminate\\Encryption\\EncryptionServiceProvider->key(Array)
#3 /Applications/XAMPP/xamppfiles/htdocs/Project (Laravel)/phplaravel/Module_03/vendor/laravel/framework/src/Illuminate/Encryption/EncryptionServiceProvider.php(32): Illuminate\\Encryption\\EncryptionServiceProvider->parseKey(Array)
#4 /Applications/XAMPP/xamppfiles/htdocs/Project (Laravel)/phplaravel/Module_03/vendor/laravel/framework/src/Illuminate/Container/Container.php(931): Illuminate\\Encryption\\EncryptionServiceProvider->Illuminate\\Encryption\\{closure}(Object(Illuminate\\Foundation\\Application), Array)
#5 /Applications/XAMPP/xamppfiles/htdocs/Project (Laravel)/phplaravel/Module_03/vendor/laravel/framework/src/Illuminate/Container/Container.php(815): Illuminate\\Container\\Container->build(Object(Closure))
#6 /Applications/XAMPP/xamppfiles/htdocs/Project (Laravel)/phplaravel/Module_03/vendor/laravel/framework/src/Illuminate/Foundation/Application.php(1046): Illuminate\\Container\\Container->resolve('encrypter', Array, true)
#7 /Applications/XAMPP/xamppfiles/htdocs/Project (Laravel)/phplaravel/Module_03/vendor/laravel/framework/src/Illuminate/Container/Container.php(751): Illuminate\\Foundation\\Application->resolve('encrypter', Array)
#8 /Applications/XAMPP/xamppfiles/htdocs/Project (Laravel)/phplaravel/Module_03/vendor/laravel/framework/src/Illuminate/Foundation/Application.php(1028): Illuminate\\Container\\Container->make('encrypter', Array)
#9 /Applications/XAMPP/xamppfiles/htdocs/Project (Laravel)/phplaravel/Module_03/vendor/laravel/framework/src/Illuminate/Container/Container.php(1108): Illuminate\\Foundation\\Application->make('encrypter')
#10 /Applications/XAMPP/xamppfiles/htdocs/Project (Laravel)/phplaravel/Module_03/vendor/laravel/framework/src/Illuminate/Container/Container.php(1022): Illuminate\\Container\\Container->resolveClass(Object(ReflectionParameter))
#11 /Applications/XAMPP/xamppfiles/htdocs/Project (Laravel)/phplaravel/Module_03/vendor/laravel/framework/src/Illuminate/Container/Container.php(973): Illuminate\\Container\\Container->resolveDependencies(Array)
#12 /Applications/XAMPP/xamppfiles/htdocs/Project (Laravel)/phplaravel/Module_03/vendor/laravel/framework/src/Illuminate/Container/Container.php(815): Illuminate\\Container\\Container->build('Illuminate\\\\Cook...')
#13 /Applications/XAMPP/xamppfiles/htdocs/Project (Laravel)/phplaravel/Module_03/vendor/laravel/framework/src/Illuminate/Foundation/Application.php(1046): Illuminate\\Container\\Container->resolve('Illuminate\\\\Cook...', Array, true)
#14 /Applications/XAMPP/xamppfiles/htdocs/Project (Laravel)/phplaravel/Module_03/vendor/laravel/framework/src/Illuminate/Container/Container.php(751): Illuminate\\Foundation\\Application->resolve('Illuminate\\\\Cook...', Array)
#15 /Applications/XAMPP/xamppfiles/htdocs/Project (Laravel)/phplaravel/Module_03/vendor/laravel/framework/src/Illuminate/Foundation/Application.php(1028): Illuminate\\Container\\Container->make('Illuminate\\\\Cook...', Array)
#16 /Applications/XAMPP/xamppfiles/htdocs/Project (Laravel)/phplaravel/Module_03/vendor/laravel/framework/src/Illuminate/Foundation/Http/Kernel.php(258): Illuminate\\Foundation\\Application->make('Illuminate\\\\Cook...')
#17 /Applications/XAMPP/xamppfiles/htdocs/Project (Laravel)/phplaravel/Module_03/vendor/laravel/framework/src/Illuminate/Foundation/Http/Kernel.php(216): Illuminate\\Foundation\\Http\\Kernel->terminateMiddleware(Object(Illuminate\\Http\\Request), Object(Illuminate\\Http\\Response))
#18 /Applications/XAMPP/xamppfiles/htdocs/Project (Laravel)/phplaravel/Module_03/vendor/laravel/framework/src/Illuminate/Foundation/Application.php(1190): Illuminate\\Foundation\\Http\\Kernel->terminate(Object(Illuminate\\Http\\Request), Object(Illuminate\\Http\\Response))
#19 /Applications/XAMPP/xamppfiles/htdocs/Project (Laravel)/phplaravel/Module_03/public/index.php(17): Illuminate\\Foundation\\Application->handleRequest(Object(Illuminate\\Http\\Request))
#20 /Applications/XAMPP/xamppfiles/htdocs/Project (Laravel)/phplaravel/Module_03/vendor/laravel/framework/src/Illuminate/Foundation/resources/server.php(23): require_once('/Applications/X...')
#21 {main}
"} 
[2024-09-21 23:12:03] local.ERROR: SQLSTATE[42S02]: Base table or view not found: 1146 Table 'phplaravel.sessions' doesn't exist (Connection: mysql, SQL: select * from `sessions` where `id` = Q7WP57s8WjikPn2hGYVF3NJ2WQ4POz7iu1Ja3xWC limit 1) {"exception":"[object] (Illuminate\\Database\\QueryException(code: 42S02): SQLSTATE[42S02]: Base table or view not found: 1146 Table 'phplaravel.sessions' doesn't exist (Connection: mysql, SQL: select * from `sessions` where `id` = Q7WP57s8WjikPn2hGYVF3NJ2WQ4POz7iu1Ja3xWC limit 1) at /Applications/XAMPP/xamppfiles/htdocs/Project (Laravel)/phplaravel/Module_03/vendor/laravel/framework/src/Illuminate/Database/Connection.php:825)
[stacktrace]
#0 /Applications/XAMPP/xamppfiles/htdocs/Project (Laravel)/phplaravel/Module_03/vendor/laravel/framework/src/Illuminate/Database/Connection.php(779): Illuminate\\Database\\Connection->runQueryCallback('select * from `...', Array, Object(Closure))
#1 /Applications/XAMPP/xamppfiles/htdocs/Project (Laravel)/phplaravel/Module_03/vendor/laravel/framework/src/Illuminate/Database/Connection.php(398): Illuminate\\Database\\Connection->run('select * from `...', Array, Object(Closure))
#2 /Applications/XAMPP/xamppfiles/htdocs/Project (Laravel)/phplaravel/Module_03/vendor/laravel/framework/src/Illuminate/Database/Query/Builder.php(3130): Illuminate\\Database\\Connection->select('select * from `...', Array, true)
#3 /Applications/XAMPP/xamppfiles/htdocs/Project (Laravel)/phplaravel/Module_03/vendor/laravel/framework/src/Illuminate/Database/Query/Builder.php(3115): Illuminate\\Database\\Query\\Builder->runSelect()
#4 /Applications/XAMPP/xamppfiles/htdocs/Project (Laravel)/phplaravel/Module_03/vendor/laravel/framework/src/Illuminate/Database/Query/Builder.php(3703): Illuminate\\Database\\Query\\Builder->Illuminate\\Database\\Query\\{closure}()
#5 /Applications/XAMPP/xamppfiles/htdocs/Project (Laravel)/phplaravel/Module_03/vendor/laravel/framework/src/Illuminate/Database/Query/Builder.php(3114): Illuminate\\Database\\Query\\Builder->onceWithColumns(Array, Object(Closure))
#6 /Applications/XAMPP/xamppfiles/htdocs/Project (Laravel)/phplaravel/Module_03/vendor/laravel/framework/src/Illuminate/Database/Concerns/BuildsQueries.php(344): Illuminate\\Database\\Query\\Builder->get(Array)
#7 /Applications/XAMPP/xamppfiles/htdocs/Project (Laravel)/phplaravel/Module_03/vendor/laravel/framework/src/Illuminate/Database/Query/Builder.php(3035): Illuminate\\Database\\Query\\Builder->first(Array)
#8 /Applications/XAMPP/xamppfiles/htdocs/Project (Laravel)/phplaravel/Module_03/vendor/laravel/framework/src/Illuminate/Session/DatabaseSessionHandler.php(97): Illuminate\\Database\\Query\\Builder->find('Q7WP57s8WjikPn2...')
#9 /Applications/XAMPP/xamppfiles/htdocs/Project (Laravel)/phplaravel/Module_03/vendor/laravel/framework/src/Illuminate/Session/Store.php(113): Illuminate\\Session\\DatabaseSessionHandler->read('Q7WP57s8WjikPn2...')
#10 /Applications/XAMPP/xamppfiles/htdocs/Project (Laravel)/phplaravel/Module_03/vendor/laravel/framework/src/Illuminate/Session/Store.php(101): Illuminate\\Session\\Store->readFromHandler()
#11 /Applications/XAMPP/xamppfiles/htdocs/Project (Laravel)/phplaravel/Module_03/vendor/laravel/framework/src/Illuminate/Session/Store.php(85): Illuminate\\Session\\Store->loadSession()
#12 /Applications/XAMPP/xamppfiles/htdocs/Project (Laravel)/phplaravel/Module_03/vendor/laravel/framework/src/Illuminate/Session/Middleware/StartSession.php(147): Illuminate\\Session\\Store->start()
#13 /Applications/XAMPP/xamppfiles/htdocs/Project (Laravel)/phplaravel/Module_03/vendor/laravel/framework/src/Illuminate/Support/helpers.php(380): Illuminate\\Session\\Middleware\\StartSession->Illuminate\\Session\\Middleware\\{closure}(Object(Illuminate\\Session\\Store))
#14 /Applications/XAMPP/xamppfiles/htdocs/Project (Laravel)/phplaravel/Module_03/vendor/laravel/framework/src/Illuminate/Session/Middleware/StartSession.php(144): tap(Object(Illuminate\\Session\\Store), Object(Closure))
#15 /Applications/XAMPP/xamppfiles/htdocs/Project (Laravel)/phplaravel/Module_03/vendor/laravel/framework/src/Illuminate/Session/Middleware/StartSession.php(116): Illuminate\\Session\\Middleware\\StartSession->startSession(Object(Illuminate\\Http\\Request), Object(Illuminate\\Session\\Store))
#16 /Applications/XAMPP/xamppfiles/htdocs/Project (Laravel)/phplaravel/Module_03/vendor/laravel/framework/src/Illuminate/Session/Middleware/StartSession.php(64): Illuminate\\Session\\Middleware\\StartSession->handleStatefulRequest(Object(Illuminate\\Http\\Request), Object(Illuminate\\Session\\Store), Object(Closure))
#17 /Applications/XAMPP/xamppfiles/htdocs/Project (Laravel)/phplaravel/Module_03/vendor/laravel/framework/src/Illuminate/Pipeline/Pipeline.php(183): Illuminate\\Session\\Middleware\\StartSession->handle(Object(Illuminate\\Http\\Request), Object(Closure))
#18 /Applications/XAMPP/xamppfiles/htdocs/Project (Laravel)/phplaravel/Module_03/vendor/laravel/framework/src/Illuminate/Cookie/Middleware/AddQueuedCookiesToResponse.php(37): Illuminate\\Pipeline\\Pipeline->Illuminate\\Pipeline\\{closure}(Object(Illuminate\\Http\\Request))
#19 /Applications/XAMPP/xamppfiles/htdocs/Project (Laravel)/phplaravel/Module_03/vendor/laravel/framework/src/Illuminate/Pipeline/Pipeline.php(183): Illuminate\\Cookie\\Middleware\\AddQueuedCookiesToResponse->handle(Object(Illuminate\\Http\\Request), Object(Closure))
#20 /Applications/XAMPP/xamppfiles/htdocs/Project (Laravel)/phplaravel/Module_03/vendor/laravel/framework/src/Illuminate/Cookie/Middleware/EncryptCookies.php(75): Illuminate\\Pipeline\\Pipeline->Illuminate\\Pipeline\\{closure}(Object(Illuminate\\Http\\Request))
#21 /Applications/XAMPP/xamppfiles/htdocs/Project (Laravel)/phplaravel/Module_03/vendor/laravel/framework/src/Illuminate/Pipeline/Pipeline.php(183): Illuminate\\Cookie\\Middleware\\EncryptCookies->handle(Object(Illuminate\\Http\\Request), Object(Closure))
#22 /Applications/XAMPP/xamppfiles/htdocs/Project (Laravel)/phplaravel/Module_03/vendor/laravel/framework/src/Illuminate/Pipeline/Pipeline.php(119): Illuminate\\Pipeline\\Pipeline->Illuminate\\Pipeline\\{closure}(Object(Illuminate\\Http\\Request))
#23 /Applications/XAMPP/xamppfiles/htdocs/Project (Laravel)/phplaravel/Module_03/vendor/laravel/framework/src/Illuminate/Routing/Router.php(807): Illuminate\\Pipeline\\Pipeline->then(Object(Closure))
#24 /Applications/XAMPP/xamppfiles/htdocs/Project (Laravel)/phplaravel/Module_03/vendor/laravel/framework/src/Illuminate/Routing/Router.php(786): Illuminate\\Routing\\Router->runRouteWithinStack(Object(Illuminate\\Routing\\Route), Object(Illuminate\\Http\\Request))
#25 /Applications/XAMPP/xamppfiles/htdocs/Project (Laravel)/phplaravel/Module_03/vendor/laravel/framework/src/Illuminate/Routing/Router.php(750): Illuminate\\Routing\\Router->runRoute(Object(Illuminate\\Http\\Request), Object(Illuminate\\Routing\\Route))
#26 /Applications/XAMPP/xamppfiles/htdocs/Project (Laravel)/phplaravel/Module_03/vendor/laravel/framework/src/Illuminate/Routing/Router.php(739): Illuminate\\Routing\\Router->dispatchToRoute(Object(Illuminate\\Http\\Request))
#27 /Applications/XAMPP/xamppfiles/htdocs/Project (Laravel)/phplaravel/Module_03/vendor/laravel/framework/src/Illuminate/Foundation/Http/Kernel.php(201): Illuminate\\Routing\\Router->dispatch(Object(Illuminate\\Http\\Request))
#28 /Applications/XAMPP/xamppfiles/htdocs/Project (Laravel)/phplaravel/Module_03/vendor/laravel/framework/src/Illuminate/Pipeline/Pipeline.php(144): Illuminate\\Foundation\\Http\\Kernel->Illuminate\\Foundation\\Http\\{closure}(Object(Illuminate\\Http\\Request))
#29 /Applications/XAMPP/xamppfiles/htdocs/Project (Laravel)/phplaravel/Module_03/vendor/laravel/framework/src/Illuminate/Foundation/Http/Middleware/TransformsRequest.php(21): Illuminate\\Pipeline\\Pipeline->Illuminate\\Pipeline\\{closure}(Object(Illuminate\\Http\\Request))
#30 /Applications/XAMPP/xamppfiles/htdocs/Project (Laravel)/phplaravel/Module_03/vendor/laravel/framework/src/Illuminate/Foundation/Http/Middleware/ConvertEmptyStringsToNull.php(31): Illuminate\\Foundation\\Http\\Middleware\\TransformsRequest->handle(Object(Illuminate\\Http\\Request), Object(Closure))
#31 /Applications/XAMPP/xamppfiles/htdocs/Project (Laravel)/phplaravel/Module_03/vendor/laravel/framework/src/Illuminate/Pipeline/Pipeline.php(183): Illuminate\\Foundation\\Http\\Middleware\\ConvertEmptyStringsToNull->handle(Object(Illuminate\\Http\\Request), Object(Closure))
#32 /Applications/XAMPP/xamppfiles/htdocs/Project (Laravel)/phplaravel/Module_03/vendor/laravel/framework/src/Illuminate/Foundation/Http/Middleware/TransformsRequest.php(21): Illuminate\\Pipeline\\Pipeline->Illuminate\\Pipeline\\{closure}(Object(Illuminate\\Http\\Request))
#33 /Applications/XAMPP/xamppfiles/htdocs/Project (Laravel)/phplaravel/Module_03/vendor/laravel/framework/src/Illuminate/Foundation/Http/Middleware/TrimStrings.php(51): Illuminate\\Foundation\\Http\\Middleware\\TransformsRequest->handle(Object(Illuminate\\Http\\Request), Object(Closure))
#34 /Applications/XAMPP/xamppfiles/htdocs/Project (Laravel)/phplaravel/Module_03/vendor/laravel/framework/src/Illuminate/Pipeline/Pipeline.php(183): Illuminate\\Foundation\\Http\\Middleware\\TrimStrings->handle(Object(Illuminate\\Http\\Request), Object(Closure))
#35 /Applications/XAMPP/xamppfiles/htdocs/Project (Laravel)/phplaravel/Module_03/vendor/laravel/framework/src/Illuminate/Http/Middleware/ValidatePostSize.php(27): Illuminate\\Pipeline\\Pipeline->Illuminate\\Pipeline\\{closure}(Object(Illuminate\\Http\\Request))
#36 /Applications/XAMPP/xamppfiles/htdocs/Project (Laravel)/phplaravel/Module_03/vendor/laravel/framework/src/Illuminate/Pipeline/Pipeline.php(183): Illuminate\\Http\\Middleware\\ValidatePostSize->handle(Object(Illuminate\\Http\\Request), Object(Closure))
#37 /Applications/XAMPP/xamppfiles/htdocs/Project (Laravel)/phplaravel/Module_03/vendor/laravel/framework/src/Illuminate/Foundation/Http/Middleware/PreventRequestsDuringMaintenance.php(110): Illuminate\\Pipeline\\Pipeline->Illuminate\\Pipeline\\{closure}(Object(Illuminate\\Http\\Request))
#38 /Applications/XAMPP/xamppfiles/htdocs/Project (Laravel)/phplaravel/Module_03/vendor/laravel/framework/src/Illuminate/Pipeline/Pipeline.php(183): Illuminate\\Foundation\\Http\\Middleware\\PreventRequestsDuringMaintenance->handle(Object(Illuminate\\Http\\Request), Object(Closure))
#39 /Applications/XAMPP/xamppfiles/htdocs/Project (Laravel)/phplaravel/Module_03/vendor/laravel/framework/src/Illuminate/Http/Middleware/HandleCors.php(49): Illuminate\\Pipeline\\Pipeline->Illuminate\\Pipeline\\{closure}(Object(Illuminate\\Http\\Request))
#40 /Applications/XAMPP/xamppfiles/htdocs/Project (Laravel)/phplaravel/Module_03/vendor/laravel/framework/src/Illuminate/Pipeline/Pipeline.php(183): Illuminate\\Http\\Middleware\\HandleCors->handle(Object(Illuminate\\Http\\Request), Object(Closure))
#41 /Applications/XAMPP/xamppfiles/htdocs/Project (Laravel)/phplaravel/Module_03/vendor/laravel/framework/src/Illuminate/Http/Middleware/TrustProxies.php(58): Illuminate\\Pipeline\\Pipeline->Illuminate\\Pipeline\\{closure}(Object(Illuminate\\Http\\Request))
#42 /Applications/XAMPP/xamppfiles/htdocs/Project (Laravel)/phplaravel/Module_03/vendor/laravel/framework/src/Illuminate/Pipeline/Pipeline.php(183): Illuminate\\Http\\Middleware\\TrustProxies->handle(Object(Illuminate\\Http\\Request), Object(Closure))
#43 /Applications/XAMPP/xamppfiles/htdocs/Project (Laravel)/phplaravel/Module_03/vendor/laravel/framework/src/Illuminate/Foundation/Http/Middleware/InvokeDeferredCallbacks.php(22): Illuminate\\Pipeline\\Pipeline->Illuminate\\Pipeline\\{closure}(Object(Illuminate\\Http\\Request))
#44 /Applications/XAMPP/xamppfiles/htdocs/Project (Laravel)/phplaravel/Module_03/vendor/laravel/framework/src/Illuminate/Pipeline/Pipeline.php(183): Illuminate\\Foundation\\Http\\Middleware\\InvokeDeferredCallbacks->handle(Object(Illuminate\\Http\\Request), Object(Closure))
#45 /Applications/XAMPP/xamppfiles/htdocs/Project (Laravel)/phplaravel/Module_03/vendor/laravel/framework/src/Illuminate/Pipeline/Pipeline.php(119): Illuminate\\Pipeline\\Pipeline->Illuminate\\Pipeline\\{closure}(Object(Illuminate\\Http\\Request))
#46 /Applications/XAMPP/xamppfiles/htdocs/Project (Laravel)/phplaravel/Module_03/vendor/laravel/framework/src/Illuminate/Foundation/Http/Kernel.php(176): Illuminate\\Pipeline\\Pipeline->then(Object(Closure))
#47 /Applications/XAMPP/xamppfiles/htdocs/Project (Laravel)/phplaravel/Module_03/vendor/laravel/framework/src/Illuminate/Foundation/Http/Kernel.php(145): Illuminate\\Foundation\\Http\\Kernel->sendRequestThroughRouter(Object(Illuminate\\Http\\Request))
#48 /Applications/XAMPP/xamppfiles/htdocs/Project (Laravel)/phplaravel/Module_03/vendor/laravel/framework/src/Illuminate/Foundation/Application.php(1188): Illuminate\\Foundation\\Http\\Kernel->handle(Object(Illuminate\\Http\\Request))
#49 /Applications/XAMPP/xamppfiles/htdocs/Project (Laravel)/phplaravel/Module_03/public/index.php(17): Illuminate\\Foundation\\Application->handleRequest(Object(Illuminate\\Http\\Request))
#50 /Applications/XAMPP/xamppfiles/htdocs/Project (Laravel)/phplaravel/Module_03/vendor/laravel/framework/src/Illuminate/Foundation/resources/server.php(23): require_once('/Applications/X...')
#51 {main}

[previous exception] [object] (PDOException(code: 42S02): SQLSTATE[42S02]: Base table or view not found: 1146 Table 'phplaravel.sessions' doesn't exist at /Applications/XAMPP/xamppfiles/htdocs/Project (Laravel)/phplaravel/Module_03/vendor/laravel/framework/src/Illuminate/Database/Connection.php:407)
[stacktrace]
#0 /Applications/XAMPP/xamppfiles/htdocs/Project (Laravel)/phplaravel/Module_03/vendor/laravel/framework/src/Illuminate/Database/Connection.php(407): PDO->prepare('select * from `...')
#1 /Applications/XAMPP/xamppfiles/htdocs/Project (Laravel)/phplaravel/Module_03/vendor/laravel/framework/src/Illuminate/Database/Connection.php(812): Illuminate\\Database\\Connection->Illuminate\\Database\\{closure}('select * from `...', Array)
#2 /Applications/XAMPP/xamppfiles/htdocs/Project (Laravel)/phplaravel/Module_03/vendor/laravel/framework/src/Illuminate/Database/Connection.php(779): Illuminate\\Database\\Connection->runQueryCallback('select * from `...', Array, Object(Closure))
#3 /Applications/XAMPP/xamppfiles/htdocs/Project (Laravel)/phplaravel/Module_03/vendor/laravel/framework/src/Illuminate/Database/Connection.php(398): Illuminate\\Database\\Connection->run('select * from `...', Array, Object(Closure))
#4 /Applications/XAMPP/xamppfiles/htdocs/Project (Laravel)/phplaravel/Module_03/vendor/laravel/framework/src/Illuminate/Database/Query/Builder.php(3130): Illuminate\\Database\\Connection->select('select * from `...', Array, true)
#5 /Applications/XAMPP/xamppfiles/htdocs/Project (Laravel)/phplaravel/Module_03/vendor/laravel/framework/src/Illuminate/Database/Query/Builder.php(3115): Illuminate\\Database\\Query\\Builder->runSelect()
#6 /Applications/XAMPP/xamppfiles/htdocs/Project (Laravel)/phplaravel/Module_03/vendor/laravel/framework/src/Illuminate/Database/Query/Builder.php(3703): Illuminate\\Database\\Query\\Builder->Illuminate\\Database\\Query\\{closure}()
#7 /Applications/XAMPP/xamppfiles/htdocs/Project (Laravel)/phplaravel/Module_03/vendor/laravel/framework/src/Illuminate/Database/Query/Builder.php(3114): Illuminate\\Database\\Query\\Builder->onceWithColumns(Array, Object(Closure))
#8 /Applications/XAMPP/xamppfiles/htdocs/Project (Laravel)/phplaravel/Module_03/vendor/laravel/framework/src/Illuminate/Database/Concerns/BuildsQueries.php(344): Illuminate\\Database\\Query\\Builder->get(Array)
#9 /Applications/XAMPP/xamppfiles/htdocs/Project (Laravel)/phplaravel/Module_03/vendor/laravel/framework/src/Illuminate/Database/Query/Builder.php(3035): Illuminate\\Database\\Query\\Builder->first(Array)
#10 /Applications/XAMPP/xamppfiles/htdocs/Project (Laravel)/phplaravel/Module_03/vendor/laravel/framework/src/Illuminate/Session/DatabaseSessionHandler.php(97): Illuminate\\Database\\Query\\Builder->find('Q7WP57s8WjikPn2...')
#11 /Applications/XAMPP/xamppfiles/htdocs/Project (Laravel)/phplaravel/Module_03/vendor/laravel/framework/src/Illuminate/Session/Store.php(113): Illuminate\\Session\\DatabaseSessionHandler->read('Q7WP57s8WjikPn2...')
#12 /Applications/XAMPP/xamppfiles/htdocs/Project (Laravel)/phplaravel/Module_03/vendor/laravel/framework/src/Illuminate/Session/Store.php(101): Illuminate\\Session\\Store->readFromHandler()
#13 /Applications/XAMPP/xamppfiles/htdocs/Project (Laravel)/phplaravel/Module_03/vendor/laravel/framework/src/Illuminate/Session/Store.php(85): Illuminate\\Session\\Store->loadSession()
#14 /Applications/XAMPP/xamppfiles/htdocs/Project (Laravel)/phplaravel/Module_03/vendor/laravel/framework/src/Illuminate/Session/Middleware/StartSession.php(147): Illuminate\\Session\\Store->start()
#15 /Applications/XAMPP/xamppfiles/htdocs/Project (Laravel)/phplaravel/Module_03/vendor/laravel/framework/src/Illuminate/Support/helpers.php(380): Illuminate\\Session\\Middleware\\StartSession->Illuminate\\Session\\Middleware\\{closure}(Object(Illuminate\\Session\\Store))
#16 /Applications/XAMPP/xamppfiles/htdocs/Project (Laravel)/phplaravel/Module_03/vendor/laravel/framework/src/Illuminate/Session/Middleware/StartSession.php(144): tap(Object(Illuminate\\Session\\Store), Object(Closure))
#17 /Applications/XAMPP/xamppfiles/htdocs/Project (Laravel)/phplaravel/Module_03/vendor/laravel/framework/src/Illuminate/Session/Middleware/StartSession.php(116): Illuminate\\Session\\Middleware\\StartSession->startSession(Object(Illuminate\\Http\\Request), Object(Illuminate\\Session\\Store))
#18 /Applications/XAMPP/xamppfiles/htdocs/Project (Laravel)/phplaravel/Module_03/vendor/laravel/framework/src/Illuminate/Session/Middleware/StartSession.php(64): Illuminate\\Session\\Middleware\\StartSession->handleStatefulRequest(Object(Illuminate\\Http\\Request), Object(Illuminate\\Session\\Store), Object(Closure))
#19 /Applications/XAMPP/xamppfiles/htdocs/Project (Laravel)/phplaravel/Module_03/vendor/laravel/framework/src/Illuminate/Pipeline/Pipeline.php(183): Illuminate\\Session\\Middleware\\StartSession->handle(Object(Illuminate\\Http\\Request), Object(Closure))
#20 /Applications/XAMPP/xamppfiles/htdocs/Project (Laravel)/phplaravel/Module_03/vendor/laravel/framework/src/Illuminate/Cookie/Middleware/AddQueuedCookiesToResponse.php(37): Illuminate\\Pipeline\\Pipeline->Illuminate\\Pipeline\\{closure}(Object(Illuminate\\Http\\Request))
#21 /Applications/XAMPP/xamppfiles/htdocs/Project (Laravel)/phplaravel/Module_03/vendor/laravel/framework/src/Illuminate/Pipeline/Pipeline.php(183): Illuminate\\Cookie\\Middleware\\AddQueuedCookiesToResponse->handle(Object(Illuminate\\Http\\Request), Object(Closure))
#22 /Applications/XAMPP/xamppfiles/htdocs/Project (Laravel)/phplaravel/Module_03/vendor/laravel/framework/src/Illuminate/Cookie/Middleware/EncryptCookies.php(75): Illuminate\\Pipeline\\Pipeline->Illuminate\\Pipeline\\{closure}(Object(Illuminate\\Http\\Request))
#23 /Applications/XAMPP/xamppfiles/htdocs/Project (Laravel)/phplaravel/Module_03/vendor/laravel/framework/src/Illuminate/Pipeline/Pipeline.php(183): Illuminate\\Cookie\\Middleware\\EncryptCookies->handle(Object(Illuminate\\Http\\Request), Object(Closure))
#24 /Applications/XAMPP/xamppfiles/htdocs/Project (Laravel)/phplaravel/Module_03/vendor/laravel/framework/src/Illuminate/Pipeline/Pipeline.php(119): Illuminate\\Pipeline\\Pipeline->Illuminate\\Pipeline\\{closure}(Object(Illuminate\\Http\\Request))
#25 /Applications/XAMPP/xamppfiles/htdocs/Project (Laravel)/phplaravel/Module_03/vendor/laravel/framework/src/Illuminate/Routing/Router.php(807): Illuminate\\Pipeline\\Pipeline->then(Object(Closure))
#26 /Applications/XAMPP/xamppfiles/htdocs/Project (Laravel)/phplaravel/Module_03/vendor/laravel/framework/src/Illuminate/Routing/Router.php(786): Illuminate\\Routing\\Router->runRouteWithinStack(Object(Illuminate\\Routing\\Route), Object(Illuminate\\Http\\Request))
#27 /Applications/XAMPP/xamppfiles/htdocs/Project (Laravel)/phplaravel/Module_03/vendor/laravel/framework/src/Illuminate/Routing/Router.php(750): Illuminate\\Routing\\Router->runRoute(Object(Illuminate\\Http\\Request), Object(Illuminate\\Routing\\Route))
#28 /Applications/XAMPP/xamppfiles/htdocs/Project (Laravel)/phplaravel/Module_03/vendor/laravel/framework/src/Illuminate/Routing/Router.php(739): Illuminate\\Routing\\Router->dispatchToRoute(Object(Illuminate\\Http\\Request))
#29 /Applications/XAMPP/xamppfiles/htdocs/Project (Laravel)/phplaravel/Module_03/vendor/laravel/framework/src/Illuminate/Foundation/Http/Kernel.php(201): Illuminate\\Routing\\Router->dispatch(Object(Illuminate\\Http\\Request))
#30 /Applications/XAMPP/xamppfiles/htdocs/Project (Laravel)/phplaravel/Module_03/vendor/laravel/framework/src/Illuminate/Pipeline/Pipeline.php(144): Illuminate\\Foundation\\Http\\Kernel->Illuminate\\Foundation\\Http\\{closure}(Object(Illuminate\\Http\\Request))
#31 /Applications/XAMPP/xamppfiles/htdocs/Project (Laravel)/phplaravel/Module_03/vendor/laravel/framework/src/Illuminate/Foundation/Http/Middleware/TransformsRequest.php(21): Illuminate\\Pipeline\\Pipeline->Illuminate\\Pipeline\\{closure}(Object(Illuminate\\Http\\Request))
#32 /Applications/XAMPP/xamppfiles/htdocs/Project (Laravel)/phplaravel/Module_03/vendor/laravel/framework/src/Illuminate/Foundation/Http/Middleware/ConvertEmptyStringsToNull.php(31): Illuminate\\Foundation\\Http\\Middleware\\TransformsRequest->handle(Object(Illuminate\\Http\\Request), Object(Closure))
#33 /Applications/XAMPP/xamppfiles/htdocs/Project (Laravel)/phplaravel/Module_03/vendor/laravel/framework/src/Illuminate/Pipeline/Pipeline.php(183): Illuminate\\Foundation\\Http\\Middleware\\ConvertEmptyStringsToNull->handle(Object(Illuminate\\Http\\Request), Object(Closure))
#34 /Applications/XAMPP/xamppfiles/htdocs/Project (Laravel)/phplaravel/Module_03/vendor/laravel/framework/src/Illuminate/Foundation/Http/Middleware/TransformsRequest.php(21): Illuminate\\Pipeline\\Pipeline->Illuminate\\Pipeline\\{closure}(Object(Illuminate\\Http\\Request))
#35 /Applications/XAMPP/xamppfiles/htdocs/Project (Laravel)/phplaravel/Module_03/vendor/laravel/framework/src/Illuminate/Foundation/Http/Middleware/TrimStrings.php(51): Illuminate\\Foundation\\Http\\Middleware\\TransformsRequest->handle(Object(Illuminate\\Http\\Request), Object(Closure))
#36 /Applications/XAMPP/xamppfiles/htdocs/Project (Laravel)/phplaravel/Module_03/vendor/laravel/framework/src/Illuminate/Pipeline/Pipeline.php(183): Illuminate\\Foundation\\Http\\Middleware\\TrimStrings->handle(Object(Illuminate\\Http\\Request), Object(Closure))
#37 /Applications/XAMPP/xamppfiles/htdocs/Project (Laravel)/phplaravel/Module_03/vendor/laravel/framework/src/Illuminate/Http/Middleware/ValidatePostSize.php(27): Illuminate\\Pipeline\\Pipeline->Illuminate\\Pipeline\\{closure}(Object(Illuminate\\Http\\Request))
#38 /Applications/XAMPP/xamppfiles/htdocs/Project (Laravel)/phplaravel/Module_03/vendor/laravel/framework/src/Illuminate/Pipeline/Pipeline.php(183): Illuminate\\Http\\Middleware\\ValidatePostSize->handle(Object(Illuminate\\Http\\Request), Object(Closure))
#39 /Applications/XAMPP/xamppfiles/htdocs/Project (Laravel)/phplaravel/Module_03/vendor/laravel/framework/src/Illuminate/Foundation/Http/Middleware/PreventRequestsDuringMaintenance.php(110): Illuminate\\Pipeline\\Pipeline->Illuminate\\Pipeline\\{closure}(Object(Illuminate\\Http\\Request))
#40 /Applications/XAMPP/xamppfiles/htdocs/Project (Laravel)/phplaravel/Module_03/vendor/laravel/framework/src/Illuminate/Pipeline/Pipeline.php(183): Illuminate\\Foundation\\Http\\Middleware\\PreventRequestsDuringMaintenance->handle(Object(Illuminate\\Http\\Request), Object(Closure))
#41 /Applications/XAMPP/xamppfiles/htdocs/Project (Laravel)/phplaravel/Module_03/vendor/laravel/framework/src/Illuminate/Http/Middleware/HandleCors.php(49): Illuminate\\Pipeline\\Pipeline->Illuminate\\Pipeline\\{closure}(Object(Illuminate\\Http\\Request))
#42 /Applications/XAMPP/xamppfiles/htdocs/Project (Laravel)/phplaravel/Module_03/vendor/laravel/framework/src/Illuminate/Pipeline/Pipeline.php(183): Illuminate\\Http\\Middleware\\HandleCors->handle(Object(Illuminate\\Http\\Request), Object(Closure))
#43 /Applications/XAMPP/xamppfiles/htdocs/Project (Laravel)/phplaravel/Module_03/vendor/laravel/framework/src/Illuminate/Http/Middleware/TrustProxies.php(58): Illuminate\\Pipeline\\Pipeline->Illuminate\\Pipeline\\{closure}(Object(Illuminate\\Http\\Request))
#44 /Applications/XAMPP/xamppfiles/htdocs/Project (Laravel)/phplaravel/Module_03/vendor/laravel/framework/src/Illuminate/Pipeline/Pipeline.php(183): Illuminate\\Http\\Middleware\\TrustProxies->handle(Object(Illuminate\\Http\\Request), Object(Closure))
#45 /Applications/XAMPP/xamppfiles/htdocs/Project (Laravel)/phplaravel/Module_03/vendor/laravel/framework/src/Illuminate/Foundation/Http/Middleware/InvokeDeferredCallbacks.php(22): Illuminate\\Pipeline\\Pipeline->Illuminate\\Pipeline\\{closure}(Object(Illuminate\\Http\\Request))
#46 /Applications/XAMPP/xamppfiles/htdocs/Project (Laravel)/phplaravel/Module_03/vendor/laravel/framework/src/Illuminate/Pipeline/Pipeline.php(183): Illuminate\\Foundation\\Http\\Middleware\\InvokeDeferredCallbacks->handle(Object(Illuminate\\Http\\Request), Object(Closure))
#47 /Applications/XAMPP/xamppfiles/htdocs/Project (Laravel)/phplaravel/Module_03/vendor/laravel/framework/src/Illuminate/Pipeline/Pipeline.php(119): Illuminate\\Pipeline\\Pipeline->Illuminate\\Pipeline\\{closure}(Object(Illuminate\\Http\\Request))
#48 /Applications/XAMPP/xamppfiles/htdocs/Project (Laravel)/phplaravel/Module_03/vendor/laravel/framework/src/Illuminate/Foundation/Http/Kernel.php(176): Illuminate\\Pipeline\\Pipeline->then(Object(Closure))
#49 /Applications/XAMPP/xamppfiles/htdocs/Project (Laravel)/phplaravel/Module_03/vendor/laravel/framework/src/Illuminate/Foundation/Http/Kernel.php(145): Illuminate\\Foundation\\Http\\Kernel->sendRequestThroughRouter(Object(Illuminate\\Http\\Request))
#50 /Applications/XAMPP/xamppfiles/htdocs/Project (Laravel)/phplaravel/Module_03/vendor/laravel/framework/src/Illuminate/Foundation/Application.php(1188): Illuminate\\Foundation\\Http\\Kernel->handle(Object(Illuminate\\Http\\Request))
#51 /Applications/XAMPP/xamppfiles/htdocs/Project (Laravel)/phplaravel/Module_03/public/index.php(17): Illuminate\\Foundation\\Application->handleRequest(Object(Illuminate\\Http\\Request))
#52 /Applications/XAMPP/xamppfiles/htdocs/Project (Laravel)/phplaravel/Module_03/vendor/laravel/framework/src/Illuminate/Foundation/resources/server.php(23): require_once('/Applications/X...')
#53 {main}
"} 
[2024-09-21 23:14:02] local.ERROR: SQLSTATE[42S02]: Base table or view not found: 1146 Table 'phplaravel.sessions' doesn't exist (Connection: mysql, SQL: select * from `sessions` where `id` = WBrQFhbp9pux84Pu8Q13ILoOdVT0LydPDQ4IMOd3 limit 1) {"exception":"[object] (Illuminate\\Database\\QueryException(code: 42S02): SQLSTATE[42S02]: Base table or view not found: 1146 Table 'phplaravel.sessions' doesn't exist (Connection: mysql, SQL: select * from `sessions` where `id` = WBrQFhbp9pux84Pu8Q13ILoOdVT0LydPDQ4IMOd3 limit 1) at /Applications/XAMPP/xamppfiles/htdocs/Project (Laravel)/phplaravel/Module_03/vendor/laravel/framework/src/Illuminate/Database/Connection.php:825)
[stacktrace]
#0 /Applications/XAMPP/xamppfiles/htdocs/Project (Laravel)/phplaravel/Module_03/vendor/laravel/framework/src/Illuminate/Database/Connection.php(779): Illuminate\\Database\\Connection->runQueryCallback('select * from `...', Array, Object(Closure))
#1 /Applications/XAMPP/xamppfiles/htdocs/Project (Laravel)/phplaravel/Module_03/vendor/laravel/framework/src/Illuminate/Database/Connection.php(398): Illuminate\\Database\\Connection->run('select * from `...', Array, Object(Closure))
#2 /Applications/XAMPP/xamppfiles/htdocs/Project (Laravel)/phplaravel/Module_03/vendor/laravel/framework/src/Illuminate/Database/Query/Builder.php(3130): Illuminate\\Database\\Connection->select('select * from `...', Array, true)
#3 /Applications/XAMPP/xamppfiles/htdocs/Project (Laravel)/phplaravel/Module_03/vendor/laravel/framework/src/Illuminate/Database/Query/Builder.php(3115): Illuminate\\Database\\Query\\Builder->runSelect()
#4 /Applications/XAMPP/xamppfiles/htdocs/Project (Laravel)/phplaravel/Module_03/vendor/laravel/framework/src/Illuminate/Database/Query/Builder.php(3703): Illuminate\\Database\\Query\\Builder->Illuminate\\Database\\Query\\{closure}()
#5 /Applications/XAMPP/xamppfiles/htdocs/Project (Laravel)/phplaravel/Module_03/vendor/laravel/framework/src/Illuminate/Database/Query/Builder.php(3114): Illuminate\\Database\\Query\\Builder->onceWithColumns(Array, Object(Closure))
#6 /Applications/XAMPP/xamppfiles/htdocs/Project (Laravel)/phplaravel/Module_03/vendor/laravel/framework/src/Illuminate/Database/Concerns/BuildsQueries.php(344): Illuminate\\Database\\Query\\Builder->get(Array)
#7 /Applications/XAMPP/xamppfiles/htdocs/Project (Laravel)/phplaravel/Module_03/vendor/laravel/framework/src/Illuminate/Database/Query/Builder.php(3035): Illuminate\\Database\\Query\\Builder->first(Array)
#8 /Applications/XAMPP/xamppfiles/htdocs/Project (Laravel)/phplaravel/Module_03/vendor/laravel/framework/src/Illuminate/Session/DatabaseSessionHandler.php(97): Illuminate\\Database\\Query\\Builder->find('WBrQFhbp9pux84P...')
#9 /Applications/XAMPP/xamppfiles/htdocs/Project (Laravel)/phplaravel/Module_03/vendor/laravel/framework/src/Illuminate/Session/Store.php(113): Illuminate\\Session\\DatabaseSessionHandler->read('WBrQFhbp9pux84P...')
#10 /Applications/XAMPP/xamppfiles/htdocs/Project (Laravel)/phplaravel/Module_03/vendor/laravel/framework/src/Illuminate/Session/Store.php(101): Illuminate\\Session\\Store->readFromHandler()
#11 /Applications/XAMPP/xamppfiles/htdocs/Project (Laravel)/phplaravel/Module_03/vendor/laravel/framework/src/Illuminate/Session/Store.php(85): Illuminate\\Session\\Store->loadSession()
#12 /Applications/XAMPP/xamppfiles/htdocs/Project (Laravel)/phplaravel/Module_03/vendor/laravel/framework/src/Illuminate/Session/Middleware/StartSession.php(147): Illuminate\\Session\\Store->start()
#13 /Applications/XAMPP/xamppfiles/htdocs/Project (Laravel)/phplaravel/Module_03/vendor/laravel/framework/src/Illuminate/Support/helpers.php(380): Illuminate\\Session\\Middleware\\StartSession->Illuminate\\Session\\Middleware\\{closure}(Object(Illuminate\\Session\\Store))
#14 /Applications/XAMPP/xamppfiles/htdocs/Project (Laravel)/phplaravel/Module_03/vendor/laravel/framework/src/Illuminate/Session/Middleware/StartSession.php(144): tap(Object(Illuminate\\Session\\Store), Object(Closure))
#15 /Applications/XAMPP/xamppfiles/htdocs/Project (Laravel)/phplaravel/Module_03/vendor/laravel/framework/src/Illuminate/Session/Middleware/StartSession.php(116): Illuminate\\Session\\Middleware\\StartSession->startSession(Object(Illuminate\\Http\\Request), Object(Illuminate\\Session\\Store))
#16 /Applications/XAMPP/xamppfiles/htdocs/Project (Laravel)/phplaravel/Module_03/vendor/laravel/framework/src/Illuminate/Session/Middleware/StartSession.php(64): Illuminate\\Session\\Middleware\\StartSession->handleStatefulRequest(Object(Illuminate\\Http\\Request), Object(Illuminate\\Session\\Store), Object(Closure))
#17 /Applications/XAMPP/xamppfiles/htdocs/Project (Laravel)/phplaravel/Module_03/vendor/laravel/framework/src/Illuminate/Pipeline/Pipeline.php(183): Illuminate\\Session\\Middleware\\StartSession->handle(Object(Illuminate\\Http\\Request), Object(Closure))
#18 /Applications/XAMPP/xamppfiles/htdocs/Project (Laravel)/phplaravel/Module_03/vendor/laravel/framework/src/Illuminate/Cookie/Middleware/AddQueuedCookiesToResponse.php(37): Illuminate\\Pipeline\\Pipeline->Illuminate\\Pipeline\\{closure}(Object(Illuminate\\Http\\Request))
#19 /Applications/XAMPP/xamppfiles/htdocs/Project (Laravel)/phplaravel/Module_03/vendor/laravel/framework/src/Illuminate/Pipeline/Pipeline.php(183): Illuminate\\Cookie\\Middleware\\AddQueuedCookiesToResponse->handle(Object(Illuminate\\Http\\Request), Object(Closure))
#20 /Applications/XAMPP/xamppfiles/htdocs/Project (Laravel)/phplaravel/Module_03/vendor/laravel/framework/src/Illuminate/Cookie/Middleware/EncryptCookies.php(75): Illuminate\\Pipeline\\Pipeline->Illuminate\\Pipeline\\{closure}(Object(Illuminate\\Http\\Request))
#21 /Applications/XAMPP/xamppfiles/htdocs/Project (Laravel)/phplaravel/Module_03/vendor/laravel/framework/src/Illuminate/Pipeline/Pipeline.php(183): Illuminate\\Cookie\\Middleware\\EncryptCookies->handle(Object(Illuminate\\Http\\Request), Object(Closure))
#22 /Applications/XAMPP/xamppfiles/htdocs/Project (Laravel)/phplaravel/Module_03/vendor/laravel/framework/src/Illuminate/Pipeline/Pipeline.php(119): Illuminate\\Pipeline\\Pipeline->Illuminate\\Pipeline\\{closure}(Object(Illuminate\\Http\\Request))
#23 /Applications/XAMPP/xamppfiles/htdocs/Project (Laravel)/phplaravel/Module_03/vendor/laravel/framework/src/Illuminate/Routing/Router.php(807): Illuminate\\Pipeline\\Pipeline->then(Object(Closure))
#24 /Applications/XAMPP/xamppfiles/htdocs/Project (Laravel)/phplaravel/Module_03/vendor/laravel/framework/src/Illuminate/Routing/Router.php(786): Illuminate\\Routing\\Router->runRouteWithinStack(Object(Illuminate\\Routing\\Route), Object(Illuminate\\Http\\Request))
#25 /Applications/XAMPP/xamppfiles/htdocs/Project (Laravel)/phplaravel/Module_03/vendor/laravel/framework/src/Illuminate/Routing/Router.php(750): Illuminate\\Routing\\Router->runRoute(Object(Illuminate\\Http\\Request), Object(Illuminate\\Routing\\Route))
#26 /Applications/XAMPP/xamppfiles/htdocs/Project (Laravel)/phplaravel/Module_03/vendor/laravel/framework/src/Illuminate/Routing/Router.php(739): Illuminate\\Routing\\Router->dispatchToRoute(Object(Illuminate\\Http\\Request))
#27 /Applications/XAMPP/xamppfiles/htdocs/Project (Laravel)/phplaravel/Module_03/vendor/laravel/framework/src/Illuminate/Foundation/Http/Kernel.php(201): Illuminate\\Routing\\Router->dispatch(Object(Illuminate\\Http\\Request))
#28 /Applications/XAMPP/xamppfiles/htdocs/Project (Laravel)/phplaravel/Module_03/vendor/laravel/framework/src/Illuminate/Pipeline/Pipeline.php(144): Illuminate\\Foundation\\Http\\Kernel->Illuminate\\Foundation\\Http\\{closure}(Object(Illuminate\\Http\\Request))
#29 /Applications/XAMPP/xamppfiles/htdocs/Project (Laravel)/phplaravel/Module_03/vendor/laravel/framework/src/Illuminate/Foundation/Http/Middleware/TransformsRequest.php(21): Illuminate\\Pipeline\\Pipeline->Illuminate\\Pipeline\\{closure}(Object(Illuminate\\Http\\Request))
#30 /Applications/XAMPP/xamppfiles/htdocs/Project (Laravel)/phplaravel/Module_03/vendor/laravel/framework/src/Illuminate/Foundation/Http/Middleware/ConvertEmptyStringsToNull.php(31): Illuminate\\Foundation\\Http\\Middleware\\TransformsRequest->handle(Object(Illuminate\\Http\\Request), Object(Closure))
#31 /Applications/XAMPP/xamppfiles/htdocs/Project (Laravel)/phplaravel/Module_03/vendor/laravel/framework/src/Illuminate/Pipeline/Pipeline.php(183): Illuminate\\Foundation\\Http\\Middleware\\ConvertEmptyStringsToNull->handle(Object(Illuminate\\Http\\Request), Object(Closure))
#32 /Applications/XAMPP/xamppfiles/htdocs/Project (Laravel)/phplaravel/Module_03/vendor/laravel/framework/src/Illuminate/Foundation/Http/Middleware/TransformsRequest.php(21): Illuminate\\Pipeline\\Pipeline->Illuminate\\Pipeline\\{closure}(Object(Illuminate\\Http\\Request))
#33 /Applications/XAMPP/xamppfiles/htdocs/Project (Laravel)/phplaravel/Module_03/vendor/laravel/framework/src/Illuminate/Foundation/Http/Middleware/TrimStrings.php(51): Illuminate\\Foundation\\Http\\Middleware\\TransformsRequest->handle(Object(Illuminate\\Http\\Request), Object(Closure))
#34 /Applications/XAMPP/xamppfiles/htdocs/Project (Laravel)/phplaravel/Module_03/vendor/laravel/framework/src/Illuminate/Pipeline/Pipeline.php(183): Illuminate\\Foundation\\Http\\Middleware\\TrimStrings->handle(Object(Illuminate\\Http\\Request), Object(Closure))
#35 /Applications/XAMPP/xamppfiles/htdocs/Project (Laravel)/phplaravel/Module_03/vendor/laravel/framework/src/Illuminate/Http/Middleware/ValidatePostSize.php(27): Illuminate\\Pipeline\\Pipeline->Illuminate\\Pipeline\\{closure}(Object(Illuminate\\Http\\Request))
#36 /Applications/XAMPP/xamppfiles/htdocs/Project (Laravel)/phplaravel/Module_03/vendor/laravel/framework/src/Illuminate/Pipeline/Pipeline.php(183): Illuminate\\Http\\Middleware\\ValidatePostSize->handle(Object(Illuminate\\Http\\Request), Object(Closure))
#37 /Applications/XAMPP/xamppfiles/htdocs/Project (Laravel)/phplaravel/Module_03/vendor/laravel/framework/src/Illuminate/Foundation/Http/Middleware/PreventRequestsDuringMaintenance.php(110): Illuminate\\Pipeline\\Pipeline->Illuminate\\Pipeline\\{closure}(Object(Illuminate\\Http\\Request))
#38 /Applications/XAMPP/xamppfiles/htdocs/Project (Laravel)/phplaravel/Module_03/vendor/laravel/framework/src/Illuminate/Pipeline/Pipeline.php(183): Illuminate\\Foundation\\Http\\Middleware\\PreventRequestsDuringMaintenance->handle(Object(Illuminate\\Http\\Request), Object(Closure))
#39 /Applications/XAMPP/xamppfiles/htdocs/Project (Laravel)/phplaravel/Module_03/vendor/laravel/framework/src/Illuminate/Http/Middleware/HandleCors.php(49): Illuminate\\Pipeline\\Pipeline->Illuminate\\Pipeline\\{closure}(Object(Illuminate\\Http\\Request))
#40 /Applications/XAMPP/xamppfiles/htdocs/Project (Laravel)/phplaravel/Module_03/vendor/laravel/framework/src/Illuminate/Pipeline/Pipeline.php(183): Illuminate\\Http\\Middleware\\HandleCors->handle(Object(Illuminate\\Http\\Request), Object(Closure))
#41 /Applications/XAMPP/xamppfiles/htdocs/Project (Laravel)/phplaravel/Module_03/vendor/laravel/framework/src/Illuminate/Http/Middleware/TrustProxies.php(58): Illuminate\\Pipeline\\Pipeline->Illuminate\\Pipeline\\{closure}(Object(Illuminate\\Http\\Request))
#42 /Applications/XAMPP/xamppfiles/htdocs/Project (Laravel)/phplaravel/Module_03/vendor/laravel/framework/src/Illuminate/Pipeline/Pipeline.php(183): Illuminate\\Http\\Middleware\\TrustProxies->handle(Object(Illuminate\\Http\\Request), Object(Closure))
#43 /Applications/XAMPP/xamppfiles/htdocs/Project (Laravel)/phplaravel/Module_03/vendor/laravel/framework/src/Illuminate/Foundation/Http/Middleware/InvokeDeferredCallbacks.php(22): Illuminate\\Pipeline\\Pipeline->Illuminate\\Pipeline\\{closure}(Object(Illuminate\\Http\\Request))
#44 /Applications/XAMPP/xamppfiles/htdocs/Project (Laravel)/phplaravel/Module_03/vendor/laravel/framework/src/Illuminate/Pipeline/Pipeline.php(183): Illuminate\\Foundation\\Http\\Middleware\\InvokeDeferredCallbacks->handle(Object(Illuminate\\Http\\Request), Object(Closure))
#45 /Applications/XAMPP/xamppfiles/htdocs/Project (Laravel)/phplaravel/Module_03/vendor/laravel/framework/src/Illuminate/Pipeline/Pipeline.php(119): Illuminate\\Pipeline\\Pipeline->Illuminate\\Pipeline\\{closure}(Object(Illuminate\\Http\\Request))
#46 /Applications/XAMPP/xamppfiles/htdocs/Project (Laravel)/phplaravel/Module_03/vendor/laravel/framework/src/Illuminate/Foundation/Http/Kernel.php(176): Illuminate\\Pipeline\\Pipeline->then(Object(Closure))
#47 /Applications/XAMPP/xamppfiles/htdocs/Project (Laravel)/phplaravel/Module_03/vendor/laravel/framework/src/Illuminate/Foundation/Http/Kernel.php(145): Illuminate\\Foundation\\Http\\Kernel->sendRequestThroughRouter(Object(Illuminate\\Http\\Request))
#48 /Applications/XAMPP/xamppfiles/htdocs/Project (Laravel)/phplaravel/Module_03/vendor/laravel/framework/src/Illuminate/Foundation/Application.php(1188): Illuminate\\Foundation\\Http\\Kernel->handle(Object(Illuminate\\Http\\Request))
#49 /Applications/XAMPP/xamppfiles/htdocs/Project (Laravel)/phplaravel/Module_03/public/index.php(17): Illuminate\\Foundation\\Application->handleRequest(Object(Illuminate\\Http\\Request))
#50 /Applications/XAMPP/xamppfiles/htdocs/Project (Laravel)/phplaravel/Module_03/vendor/laravel/framework/src/Illuminate/Foundation/resources/server.php(23): require_once('/Applications/X...')
#51 {main}

[previous exception] [object] (PDOException(code: 42S02): SQLSTATE[42S02]: Base table or view not found: 1146 Table 'phplaravel.sessions' doesn't exist at /Applications/XAMPP/xamppfiles/htdocs/Project (Laravel)/phplaravel/Module_03/vendor/laravel/framework/src/Illuminate/Database/Connection.php:407)
[stacktrace]
#0 /Applications/XAMPP/xamppfiles/htdocs/Project (Laravel)/phplaravel/Module_03/vendor/laravel/framework/src/Illuminate/Database/Connection.php(407): PDO->prepare('select * from `...')
#1 /Applications/XAMPP/xamppfiles/htdocs/Project (Laravel)/phplaravel/Module_03/vendor/laravel/framework/src/Illuminate/Database/Connection.php(812): Illuminate\\Database\\Connection->Illuminate\\Database\\{closure}('select * from `...', Array)
#2 /Applications/XAMPP/xamppfiles/htdocs/Project (Laravel)/phplaravel/Module_03/vendor/laravel/framework/src/Illuminate/Database/Connection.php(779): Illuminate\\Database\\Connection->runQueryCallback('select * from `...', Array, Object(Closure))
#3 /Applications/XAMPP/xamppfiles/htdocs/Project (Laravel)/phplaravel/Module_03/vendor/laravel/framework/src/Illuminate/Database/Connection.php(398): Illuminate\\Database\\Connection->run('select * from `...', Array, Object(Closure))
#4 /Applications/XAMPP/xamppfiles/htdocs/Project (Laravel)/phplaravel/Module_03/vendor/laravel/framework/src/Illuminate/Database/Query/Builder.php(3130): Illuminate\\Database\\Connection->select('select * from `...', Array, true)
#5 /Applications/XAMPP/xamppfiles/htdocs/Project (Laravel)/phplaravel/Module_03/vendor/laravel/framework/src/Illuminate/Database/Query/Builder.php(3115): Illuminate\\Database\\Query\\Builder->runSelect()
#6 /Applications/XAMPP/xamppfiles/htdocs/Project (Laravel)/phplaravel/Module_03/vendor/laravel/framework/src/Illuminate/Database/Query/Builder.php(3703): Illuminate\\Database\\Query\\Builder->Illuminate\\Database\\Query\\{closure}()
#7 /Applications/XAMPP/xamppfiles/htdocs/Project (Laravel)/phplaravel/Module_03/vendor/laravel/framework/src/Illuminate/Database/Query/Builder.php(3114): Illuminate\\Database\\Query\\Builder->onceWithColumns(Array, Object(Closure))
#8 /Applications/XAMPP/xamppfiles/htdocs/Project (Laravel)/phplaravel/Module_03/vendor/laravel/framework/src/Illuminate/Database/Concerns/BuildsQueries.php(344): Illuminate\\Database\\Query\\Builder->get(Array)
#9 /Applications/XAMPP/xamppfiles/htdocs/Project (Laravel)/phplaravel/Module_03/vendor/laravel/framework/src/Illuminate/Database/Query/Builder.php(3035): Illuminate\\Database\\Query\\Builder->first(Array)
#10 /Applications/XAMPP/xamppfiles/htdocs/Project (Laravel)/phplaravel/Module_03/vendor/laravel/framework/src/Illuminate/Session/DatabaseSessionHandler.php(97): Illuminate\\Database\\Query\\Builder->find('WBrQFhbp9pux84P...')
#11 /Applications/XAMPP/xamppfiles/htdocs/Project (Laravel)/phplaravel/Module_03/vendor/laravel/framework/src/Illuminate/Session/Store.php(113): Illuminate\\Session\\DatabaseSessionHandler->read('WBrQFhbp9pux84P...')
#12 /Applications/XAMPP/xamppfiles/htdocs/Project (Laravel)/phplaravel/Module_03/vendor/laravel/framework/src/Illuminate/Session/Store.php(101): Illuminate\\Session\\Store->readFromHandler()
#13 /Applications/XAMPP/xamppfiles/htdocs/Project (Laravel)/phplaravel/Module_03/vendor/laravel/framework/src/Illuminate/Session/Store.php(85): Illuminate\\Session\\Store->loadSession()
#14 /Applications/XAMPP/xamppfiles/htdocs/Project (Laravel)/phplaravel/Module_03/vendor/laravel/framework/src/Illuminate/Session/Middleware/StartSession.php(147): Illuminate\\Session\\Store->start()
#15 /Applications/XAMPP/xamppfiles/htdocs/Project (Laravel)/phplaravel/Module_03/vendor/laravel/framework/src/Illuminate/Support/helpers.php(380): Illuminate\\Session\\Middleware\\StartSession->Illuminate\\Session\\Middleware\\{closure}(Object(Illuminate\\Session\\Store))
#16 /Applications/XAMPP/xamppfiles/htdocs/Project (Laravel)/phplaravel/Module_03/vendor/laravel/framework/src/Illuminate/Session/Middleware/StartSession.php(144): tap(Object(Illuminate\\Session\\Store), Object(Closure))
#17 /Applications/XAMPP/xamppfiles/htdocs/Project (Laravel)/phplaravel/Module_03/vendor/laravel/framework/src/Illuminate/Session/Middleware/StartSession.php(116): Illuminate\\Session\\Middleware\\StartSession->startSession(Object(Illuminate\\Http\\Request), Object(Illuminate\\Session\\Store))
#18 /Applications/XAMPP/xamppfiles/htdocs/Project (Laravel)/phplaravel/Module_03/vendor/laravel/framework/src/Illuminate/Session/Middleware/StartSession.php(64): Illuminate\\Session\\Middleware\\StartSession->handleStatefulRequest(Object(Illuminate\\Http\\Request), Object(Illuminate\\Session\\Store), Object(Closure))
#19 /Applications/XAMPP/xamppfiles/htdocs/Project (Laravel)/phplaravel/Module_03/vendor/laravel/framework/src/Illuminate/Pipeline/Pipeline.php(183): Illuminate\\Session\\Middleware\\StartSession->handle(Object(Illuminate\\Http\\Request), Object(Closure))
#20 /Applications/XAMPP/xamppfiles/htdocs/Project (Laravel)/phplaravel/Module_03/vendor/laravel/framework/src/Illuminate/Cookie/Middleware/AddQueuedCookiesToResponse.php(37): Illuminate\\Pipeline\\Pipeline->Illuminate\\Pipeline\\{closure}(Object(Illuminate\\Http\\Request))
#21 /Applications/XAMPP/xamppfiles/htdocs/Project (Laravel)/phplaravel/Module_03/vendor/laravel/framework/src/Illuminate/Pipeline/Pipeline.php(183): Illuminate\\Cookie\\Middleware\\AddQueuedCookiesToResponse->handle(Object(Illuminate\\Http\\Request), Object(Closure))
#22 /Applications/XAMPP/xamppfiles/htdocs/Project (Laravel)/phplaravel/Module_03/vendor/laravel/framework/src/Illuminate/Cookie/Middleware/EncryptCookies.php(75): Illuminate\\Pipeline\\Pipeline->Illuminate\\Pipeline\\{closure}(Object(Illuminate\\Http\\Request))
#23 /Applications/XAMPP/xamppfiles/htdocs/Project (Laravel)/phplaravel/Module_03/vendor/laravel/framework/src/Illuminate/Pipeline/Pipeline.php(183): Illuminate\\Cookie\\Middleware\\EncryptCookies->handle(Object(Illuminate\\Http\\Request), Object(Closure))
#24 /Applications/XAMPP/xamppfiles/htdocs/Project (Laravel)/phplaravel/Module_03/vendor/laravel/framework/src/Illuminate/Pipeline/Pipeline.php(119): Illuminate\\Pipeline\\Pipeline->Illuminate\\Pipeline\\{closure}(Object(Illuminate\\Http\\Request))
#25 /Applications/XAMPP/xamppfiles/htdocs/Project (Laravel)/phplaravel/Module_03/vendor/laravel/framework/src/Illuminate/Routing/Router.php(807): Illuminate\\Pipeline\\Pipeline->then(Object(Closure))
#26 /Applications/XAMPP/xamppfiles/htdocs/Project (Laravel)/phplaravel/Module_03/vendor/laravel/framework/src/Illuminate/Routing/Router.php(786): Illuminate\\Routing\\Router->runRouteWithinStack(Object(Illuminate\\Routing\\Route), Object(Illuminate\\Http\\Request))
#27 /Applications/XAMPP/xamppfiles/htdocs/Project (Laravel)/phplaravel/Module_03/vendor/laravel/framework/src/Illuminate/Routing/Router.php(750): Illuminate\\Routing\\Router->runRoute(Object(Illuminate\\Http\\Request), Object(Illuminate\\Routing\\Route))
#28 /Applications/XAMPP/xamppfiles/htdocs/Project (Laravel)/phplaravel/Module_03/vendor/laravel/framework/src/Illuminate/Routing/Router.php(739): Illuminate\\Routing\\Router->dispatchToRoute(Object(Illuminate\\Http\\Request))
#29 /Applications/XAMPP/xamppfiles/htdocs/Project (Laravel)/phplaravel/Module_03/vendor/laravel/framework/src/Illuminate/Foundation/Http/Kernel.php(201): Illuminate\\Routing\\Router->dispatch(Object(Illuminate\\Http\\Request))
#30 /Applications/XAMPP/xamppfiles/htdocs/Project (Laravel)/phplaravel/Module_03/vendor/laravel/framework/src/Illuminate/Pipeline/Pipeline.php(144): Illuminate\\Foundation\\Http\\Kernel->Illuminate\\Foundation\\Http\\{closure}(Object(Illuminate\\Http\\Request))
#31 /Applications/XAMPP/xamppfiles/htdocs/Project (Laravel)/phplaravel/Module_03/vendor/laravel/framework/src/Illuminate/Foundation/Http/Middleware/TransformsRequest.php(21): Illuminate\\Pipeline\\Pipeline->Illuminate\\Pipeline\\{closure}(Object(Illuminate\\Http\\Request))
#32 /Applications/XAMPP/xamppfiles/htdocs/Project (Laravel)/phplaravel/Module_03/vendor/laravel/framework/src/Illuminate/Foundation/Http/Middleware/ConvertEmptyStringsToNull.php(31): Illuminate\\Foundation\\Http\\Middleware\\TransformsRequest->handle(Object(Illuminate\\Http\\Request), Object(Closure))
#33 /Applications/XAMPP/xamppfiles/htdocs/Project (Laravel)/phplaravel/Module_03/vendor/laravel/framework/src/Illuminate/Pipeline/Pipeline.php(183): Illuminate\\Foundation\\Http\\Middleware\\ConvertEmptyStringsToNull->handle(Object(Illuminate\\Http\\Request), Object(Closure))
#34 /Applications/XAMPP/xamppfiles/htdocs/Project (Laravel)/phplaravel/Module_03/vendor/laravel/framework/src/Illuminate/Foundation/Http/Middleware/TransformsRequest.php(21): Illuminate\\Pipeline\\Pipeline->Illuminate\\Pipeline\\{closure}(Object(Illuminate\\Http\\Request))
#35 /Applications/XAMPP/xamppfiles/htdocs/Project (Laravel)/phplaravel/Module_03/vendor/laravel/framework/src/Illuminate/Foundation/Http/Middleware/TrimStrings.php(51): Illuminate\\Foundation\\Http\\Middleware\\TransformsRequest->handle(Object(Illuminate\\Http\\Request), Object(Closure))
#36 /Applications/XAMPP/xamppfiles/htdocs/Project (Laravel)/phplaravel/Module_03/vendor/laravel/framework/src/Illuminate/Pipeline/Pipeline.php(183): Illuminate\\Foundation\\Http\\Middleware\\TrimStrings->handle(Object(Illuminate\\Http\\Request), Object(Closure))
#37 /Applications/XAMPP/xamppfiles/htdocs/Project (Laravel)/phplaravel/Module_03/vendor/laravel/framework/src/Illuminate/Http/Middleware/ValidatePostSize.php(27): Illuminate\\Pipeline\\Pipeline->Illuminate\\Pipeline\\{closure}(Object(Illuminate\\Http\\Request))
#38 /Applications/XAMPP/xamppfiles/htdocs/Project (Laravel)/phplaravel/Module_03/vendor/laravel/framework/src/Illuminate/Pipeline/Pipeline.php(183): Illuminate\\Http\\Middleware\\ValidatePostSize->handle(Object(Illuminate\\Http\\Request), Object(Closure))
#39 /Applications/XAMPP/xamppfiles/htdocs/Project (Laravel)/phplaravel/Module_03/vendor/laravel/framework/src/Illuminate/Foundation/Http/Middleware/PreventRequestsDuringMaintenance.php(110): Illuminate\\Pipeline\\Pipeline->Illuminate\\Pipeline\\{closure}(Object(Illuminate\\Http\\Request))
#40 /Applications/XAMPP/xamppfiles/htdocs/Project (Laravel)/phplaravel/Module_03/vendor/laravel/framework/src/Illuminate/Pipeline/Pipeline.php(183): Illuminate\\Foundation\\Http\\Middleware\\PreventRequestsDuringMaintenance->handle(Object(Illuminate\\Http\\Request), Object(Closure))
#41 /Applications/XAMPP/xamppfiles/htdocs/Project (Laravel)/phplaravel/Module_03/vendor/laravel/framework/src/Illuminate/Http/Middleware/HandleCors.php(49): Illuminate\\Pipeline\\Pipeline->Illuminate\\Pipeline\\{closure}(Object(Illuminate\\Http\\Request))
#42 /Applications/XAMPP/xamppfiles/htdocs/Project (Laravel)/phplaravel/Module_03/vendor/laravel/framework/src/Illuminate/Pipeline/Pipeline.php(183): Illuminate\\Http\\Middleware\\HandleCors->handle(Object(Illuminate\\Http\\Request), Object(Closure))
#43 /Applications/XAMPP/xamppfiles/htdocs/Project (Laravel)/phplaravel/Module_03/vendor/laravel/framework/src/Illuminate/Http/Middleware/TrustProxies.php(58): Illuminate\\Pipeline\\Pipeline->Illuminate\\Pipeline\\{closure}(Object(Illuminate\\Http\\Request))
#44 /Applications/XAMPP/xamppfiles/htdocs/Project (Laravel)/phplaravel/Module_03/vendor/laravel/framework/src/Illuminate/Pipeline/Pipeline.php(183): Illuminate\\Http\\Middleware\\TrustProxies->handle(Object(Illuminate\\Http\\Request), Object(Closure))
#45 /Applications/XAMPP/xamppfiles/htdocs/Project (Laravel)/phplaravel/Module_03/vendor/laravel/framework/src/Illuminate/Foundation/Http/Middleware/InvokeDeferredCallbacks.php(22): Illuminate\\Pipeline\\Pipeline->Illuminate\\Pipeline\\{closure}(Object(Illuminate\\Http\\Request))
#46 /Applications/XAMPP/xamppfiles/htdocs/Project (Laravel)/phplaravel/Module_03/vendor/laravel/framework/src/Illuminate/Pipeline/Pipeline.php(183): Illuminate\\Foundation\\Http\\Middleware\\InvokeDeferredCallbacks->handle(Object(Illuminate\\Http\\Request), Object(Closure))
#47 /Applications/XAMPP/xamppfiles/htdocs/Project (Laravel)/phplaravel/Module_03/vendor/laravel/framework/src/Illuminate/Pipeline/Pipeline.php(119): Illuminate\\Pipeline\\Pipeline->Illuminate\\Pipeline\\{closure}(Object(Illuminate\\Http\\Request))
#48 /Applications/XAMPP/xamppfiles/htdocs/Project (Laravel)/phplaravel/Module_03/vendor/laravel/framework/src/Illuminate/Foundation/Http/Kernel.php(176): Illuminate\\Pipeline\\Pipeline->then(Object(Closure))
#49 /Applications/XAMPP/xamppfiles/htdocs/Project (Laravel)/phplaravel/Module_03/vendor/laravel/framework/src/Illuminate/Foundation/Http/Kernel.php(145): Illuminate\\Foundation\\Http\\Kernel->sendRequestThroughRouter(Object(Illuminate\\Http\\Request))
#50 /Applications/XAMPP/xamppfiles/htdocs/Project (Laravel)/phplaravel/Module_03/vendor/laravel/framework/src/Illuminate/Foundation/Application.php(1188): Illuminate\\Foundation\\Http\\Kernel->handle(Object(Illuminate\\Http\\Request))
#51 /Applications/XAMPP/xamppfiles/htdocs/Project (Laravel)/phplaravel/Module_03/public/index.php(17): Illuminate\\Foundation\\Application->handleRequest(Object(Illuminate\\Http\\Request))
#52 /Applications/XAMPP/xamppfiles/htdocs/Project (Laravel)/phplaravel/Module_03/vendor/laravel/framework/src/Illuminate/Foundation/resources/server.php(23): require_once('/Applications/X...')
#53 {main}
"} 
[2024-09-21 23:14:05] local.ERROR: SQLSTATE[42S02]: Base table or view not found: 1146 Table 'phplaravel.sessions' doesn't exist (Connection: mysql, SQL: select * from `sessions` where `id` = quc9BOKD1HldyjTZtpSH7unJeXgOF0rKVSg1g4XI limit 1) {"exception":"[object] (Illuminate\\Database\\QueryException(code: 42S02): SQLSTATE[42S02]: Base table or view not found: 1146 Table 'phplaravel.sessions' doesn't exist (Connection: mysql, SQL: select * from `sessions` where `id` = quc9BOKD1HldyjTZtpSH7unJeXgOF0rKVSg1g4XI limit 1) at /Applications/XAMPP/xamppfiles/htdocs/Project (Laravel)/phplaravel/Module_03/vendor/laravel/framework/src/Illuminate/Database/Connection.php:825)
[stacktrace]
#0 /Applications/XAMPP/xamppfiles/htdocs/Project (Laravel)/phplaravel/Module_03/vendor/laravel/framework/src/Illuminate/Database/Connection.php(779): Illuminate\\Database\\Connection->runQueryCallback('select * from `...', Array, Object(Closure))
#1 /Applications/XAMPP/xamppfiles/htdocs/Project (Laravel)/phplaravel/Module_03/vendor/laravel/framework/src/Illuminate/Database/Connection.php(398): Illuminate\\Database\\Connection->run('select * from `...', Array, Object(Closure))
#2 /Applications/XAMPP/xamppfiles/htdocs/Project (Laravel)/phplaravel/Module_03/vendor/laravel/framework/src/Illuminate/Database/Query/Builder.php(3130): Illuminate\\Database\\Connection->select('select * from `...', Array, true)
#3 /Applications/XAMPP/xamppfiles/htdocs/Project (Laravel)/phplaravel/Module_03/vendor/laravel/framework/src/Illuminate/Database/Query/Builder.php(3115): Illuminate\\Database\\Query\\Builder->runSelect()
#4 /Applications/XAMPP/xamppfiles/htdocs/Project (Laravel)/phplaravel/Module_03/vendor/laravel/framework/src/Illuminate/Database/Query/Builder.php(3703): Illuminate\\Database\\Query\\Builder->Illuminate\\Database\\Query\\{closure}()
#5 /Applications/XAMPP/xamppfiles/htdocs/Project (Laravel)/phplaravel/Module_03/vendor/laravel/framework/src/Illuminate/Database/Query/Builder.php(3114): Illuminate\\Database\\Query\\Builder->onceWithColumns(Array, Object(Closure))
#6 /Applications/XAMPP/xamppfiles/htdocs/Project (Laravel)/phplaravel/Module_03/vendor/laravel/framework/src/Illuminate/Database/Concerns/BuildsQueries.php(344): Illuminate\\Database\\Query\\Builder->get(Array)
#7 /Applications/XAMPP/xamppfiles/htdocs/Project (Laravel)/phplaravel/Module_03/vendor/laravel/framework/src/Illuminate/Database/Query/Builder.php(3035): Illuminate\\Database\\Query\\Builder->first(Array)
#8 /Applications/XAMPP/xamppfiles/htdocs/Project (Laravel)/phplaravel/Module_03/vendor/laravel/framework/src/Illuminate/Session/DatabaseSessionHandler.php(97): Illuminate\\Database\\Query\\Builder->find('quc9BOKD1HldyjT...')
#9 /Applications/XAMPP/xamppfiles/htdocs/Project (Laravel)/phplaravel/Module_03/vendor/laravel/framework/src/Illuminate/Session/Store.php(113): Illuminate\\Session\\DatabaseSessionHandler->read('quc9BOKD1HldyjT...')
#10 /Applications/XAMPP/xamppfiles/htdocs/Project (Laravel)/phplaravel/Module_03/vendor/laravel/framework/src/Illuminate/Session/Store.php(101): Illuminate\\Session\\Store->readFromHandler()
#11 /Applications/XAMPP/xamppfiles/htdocs/Project (Laravel)/phplaravel/Module_03/vendor/laravel/framework/src/Illuminate/Session/Store.php(85): Illuminate\\Session\\Store->loadSession()
#12 /Applications/XAMPP/xamppfiles/htdocs/Project (Laravel)/phplaravel/Module_03/vendor/laravel/framework/src/Illuminate/Session/Middleware/StartSession.php(147): Illuminate\\Session\\Store->start()
#13 /Applications/XAMPP/xamppfiles/htdocs/Project (Laravel)/phplaravel/Module_03/vendor/laravel/framework/src/Illuminate/Support/helpers.php(380): Illuminate\\Session\\Middleware\\StartSession->Illuminate\\Session\\Middleware\\{closure}(Object(Illuminate\\Session\\Store))
#14 /Applications/XAMPP/xamppfiles/htdocs/Project (Laravel)/phplaravel/Module_03/vendor/laravel/framework/src/Illuminate/Session/Middleware/StartSession.php(144): tap(Object(Illuminate\\Session\\Store), Object(Closure))
#15 /Applications/XAMPP/xamppfiles/htdocs/Project (Laravel)/phplaravel/Module_03/vendor/laravel/framework/src/Illuminate/Session/Middleware/StartSession.php(116): Illuminate\\Session\\Middleware\\StartSession->startSession(Object(Illuminate\\Http\\Request), Object(Illuminate\\Session\\Store))
#16 /Applications/XAMPP/xamppfiles/htdocs/Project (Laravel)/phplaravel/Module_03/vendor/laravel/framework/src/Illuminate/Session/Middleware/StartSession.php(64): Illuminate\\Session\\Middleware\\StartSession->handleStatefulRequest(Object(Illuminate\\Http\\Request), Object(Illuminate\\Session\\Store), Object(Closure))
#17 /Applications/XAMPP/xamppfiles/htdocs/Project (Laravel)/phplaravel/Module_03/vendor/laravel/framework/src/Illuminate/Pipeline/Pipeline.php(183): Illuminate\\Session\\Middleware\\StartSession->handle(Object(Illuminate\\Http\\Request), Object(Closure))
#18 /Applications/XAMPP/xamppfiles/htdocs/Project (Laravel)/phplaravel/Module_03/vendor/laravel/framework/src/Illuminate/Cookie/Middleware/AddQueuedCookiesToResponse.php(37): Illuminate\\Pipeline\\Pipeline->Illuminate\\Pipeline\\{closure}(Object(Illuminate\\Http\\Request))
#19 /Applications/XAMPP/xamppfiles/htdocs/Project (Laravel)/phplaravel/Module_03/vendor/laravel/framework/src/Illuminate/Pipeline/Pipeline.php(183): Illuminate\\Cookie\\Middleware\\AddQueuedCookiesToResponse->handle(Object(Illuminate\\Http\\Request), Object(Closure))
#20 /Applications/XAMPP/xamppfiles/htdocs/Project (Laravel)/phplaravel/Module_03/vendor/laravel/framework/src/Illuminate/Cookie/Middleware/EncryptCookies.php(75): Illuminate\\Pipeline\\Pipeline->Illuminate\\Pipeline\\{closure}(Object(Illuminate\\Http\\Request))
#21 /Applications/XAMPP/xamppfiles/htdocs/Project (Laravel)/phplaravel/Module_03/vendor/laravel/framework/src/Illuminate/Pipeline/Pipeline.php(183): Illuminate\\Cookie\\Middleware\\EncryptCookies->handle(Object(Illuminate\\Http\\Request), Object(Closure))
#22 /Applications/XAMPP/xamppfiles/htdocs/Project (Laravel)/phplaravel/Module_03/vendor/laravel/framework/src/Illuminate/Pipeline/Pipeline.php(119): Illuminate\\Pipeline\\Pipeline->Illuminate\\Pipeline\\{closure}(Object(Illuminate\\Http\\Request))
#23 /Applications/XAMPP/xamppfiles/htdocs/Project (Laravel)/phplaravel/Module_03/vendor/laravel/framework/src/Illuminate/Routing/Router.php(807): Illuminate\\Pipeline\\Pipeline->then(Object(Closure))
#24 /Applications/XAMPP/xamppfiles/htdocs/Project (Laravel)/phplaravel/Module_03/vendor/laravel/framework/src/Illuminate/Routing/Router.php(786): Illuminate\\Routing\\Router->runRouteWithinStack(Object(Illuminate\\Routing\\Route), Object(Illuminate\\Http\\Request))
#25 /Applications/XAMPP/xamppfiles/htdocs/Project (Laravel)/phplaravel/Module_03/vendor/laravel/framework/src/Illuminate/Routing/Router.php(750): Illuminate\\Routing\\Router->runRoute(Object(Illuminate\\Http\\Request), Object(Illuminate\\Routing\\Route))
#26 /Applications/XAMPP/xamppfiles/htdocs/Project (Laravel)/phplaravel/Module_03/vendor/laravel/framework/src/Illuminate/Routing/Router.php(739): Illuminate\\Routing\\Router->dispatchToRoute(Object(Illuminate\\Http\\Request))
#27 /Applications/XAMPP/xamppfiles/htdocs/Project (Laravel)/phplaravel/Module_03/vendor/laravel/framework/src/Illuminate/Foundation/Http/Kernel.php(201): Illuminate\\Routing\\Router->dispatch(Object(Illuminate\\Http\\Request))
#28 /Applications/XAMPP/xamppfiles/htdocs/Project (Laravel)/phplaravel/Module_03/vendor/laravel/framework/src/Illuminate/Pipeline/Pipeline.php(144): Illuminate\\Foundation\\Http\\Kernel->Illuminate\\Foundation\\Http\\{closure}(Object(Illuminate\\Http\\Request))
#29 /Applications/XAMPP/xamppfiles/htdocs/Project (Laravel)/phplaravel/Module_03/vendor/laravel/framework/src/Illuminate/Foundation/Http/Middleware/TransformsRequest.php(21): Illuminate\\Pipeline\\Pipeline->Illuminate\\Pipeline\\{closure}(Object(Illuminate\\Http\\Request))
#30 /Applications/XAMPP/xamppfiles/htdocs/Project (Laravel)/phplaravel/Module_03/vendor/laravel/framework/src/Illuminate/Foundation/Http/Middleware/ConvertEmptyStringsToNull.php(31): Illuminate\\Foundation\\Http\\Middleware\\TransformsRequest->handle(Object(Illuminate\\Http\\Request), Object(Closure))
#31 /Applications/XAMPP/xamppfiles/htdocs/Project (Laravel)/phplaravel/Module_03/vendor/laravel/framework/src/Illuminate/Pipeline/Pipeline.php(183): Illuminate\\Foundation\\Http\\Middleware\\ConvertEmptyStringsToNull->handle(Object(Illuminate\\Http\\Request), Object(Closure))
#32 /Applications/XAMPP/xamppfiles/htdocs/Project (Laravel)/phplaravel/Module_03/vendor/laravel/framework/src/Illuminate/Foundation/Http/Middleware/TransformsRequest.php(21): Illuminate\\Pipeline\\Pipeline->Illuminate\\Pipeline\\{closure}(Object(Illuminate\\Http\\Request))
#33 /Applications/XAMPP/xamppfiles/htdocs/Project (Laravel)/phplaravel/Module_03/vendor/laravel/framework/src/Illuminate/Foundation/Http/Middleware/TrimStrings.php(51): Illuminate\\Foundation\\Http\\Middleware\\TransformsRequest->handle(Object(Illuminate\\Http\\Request), Object(Closure))
#34 /Applications/XAMPP/xamppfiles/htdocs/Project (Laravel)/phplaravel/Module_03/vendor/laravel/framework/src/Illuminate/Pipeline/Pipeline.php(183): Illuminate\\Foundation\\Http\\Middleware\\TrimStrings->handle(Object(Illuminate\\Http\\Request), Object(Closure))
#35 /Applications/XAMPP/xamppfiles/htdocs/Project (Laravel)/phplaravel/Module_03/vendor/laravel/framework/src/Illuminate/Http/Middleware/ValidatePostSize.php(27): Illuminate\\Pipeline\\Pipeline->Illuminate\\Pipeline\\{closure}(Object(Illuminate\\Http\\Request))
#36 /Applications/XAMPP/xamppfiles/htdocs/Project (Laravel)/phplaravel/Module_03/vendor/laravel/framework/src/Illuminate/Pipeline/Pipeline.php(183): Illuminate\\Http\\Middleware\\ValidatePostSize->handle(Object(Illuminate\\Http\\Request), Object(Closure))
#37 /Applications/XAMPP/xamppfiles/htdocs/Project (Laravel)/phplaravel/Module_03/vendor/laravel/framework/src/Illuminate/Foundation/Http/Middleware/PreventRequestsDuringMaintenance.php(110): Illuminate\\Pipeline\\Pipeline->Illuminate\\Pipeline\\{closure}(Object(Illuminate\\Http\\Request))
#38 /Applications/XAMPP/xamppfiles/htdocs/Project (Laravel)/phplaravel/Module_03/vendor/laravel/framework/src/Illuminate/Pipeline/Pipeline.php(183): Illuminate\\Foundation\\Http\\Middleware\\PreventRequestsDuringMaintenance->handle(Object(Illuminate\\Http\\Request), Object(Closure))
#39 /Applications/XAMPP/xamppfiles/htdocs/Project (Laravel)/phplaravel/Module_03/vendor/laravel/framework/src/Illuminate/Http/Middleware/HandleCors.php(49): Illuminate\\Pipeline\\Pipeline->Illuminate\\Pipeline\\{closure}(Object(Illuminate\\Http\\Request))
#40 /Applications/XAMPP/xamppfiles/htdocs/Project (Laravel)/phplaravel/Module_03/vendor/laravel/framework/src/Illuminate/Pipeline/Pipeline.php(183): Illuminate\\Http\\Middleware\\HandleCors->handle(Object(Illuminate\\Http\\Request), Object(Closure))
#41 /Applications/XAMPP/xamppfiles/htdocs/Project (Laravel)/phplaravel/Module_03/vendor/laravel/framework/src/Illuminate/Http/Middleware/TrustProxies.php(58): Illuminate\\Pipeline\\Pipeline->Illuminate\\Pipeline\\{closure}(Object(Illuminate\\Http\\Request))
#42 /Applications/XAMPP/xamppfiles/htdocs/Project (Laravel)/phplaravel/Module_03/vendor/laravel/framework/src/Illuminate/Pipeline/Pipeline.php(183): Illuminate\\Http\\Middleware\\TrustProxies->handle(Object(Illuminate\\Http\\Request), Object(Closure))
#43 /Applications/XAMPP/xamppfiles/htdocs/Project (Laravel)/phplaravel/Module_03/vendor/laravel/framework/src/Illuminate/Foundation/Http/Middleware/InvokeDeferredCallbacks.php(22): Illuminate\\Pipeline\\Pipeline->Illuminate\\Pipeline\\{closure}(Object(Illuminate\\Http\\Request))
#44 /Applications/XAMPP/xamppfiles/htdocs/Project (Laravel)/phplaravel/Module_03/vendor/laravel/framework/src/Illuminate/Pipeline/Pipeline.php(183): Illuminate\\Foundation\\Http\\Middleware\\InvokeDeferredCallbacks->handle(Object(Illuminate\\Http\\Request), Object(Closure))
#45 /Applications/XAMPP/xamppfiles/htdocs/Project (Laravel)/phplaravel/Module_03/vendor/laravel/framework/src/Illuminate/Pipeline/Pipeline.php(119): Illuminate\\Pipeline\\Pipeline->Illuminate\\Pipeline\\{closure}(Object(Illuminate\\Http\\Request))
#46 /Applications/XAMPP/xamppfiles/htdocs/Project (Laravel)/phplaravel/Module_03/vendor/laravel/framework/src/Illuminate/Foundation/Http/Kernel.php(176): Illuminate\\Pipeline\\Pipeline->then(Object(Closure))
#47 /Applications/XAMPP/xamppfiles/htdocs/Project (Laravel)/phplaravel/Module_03/vendor/laravel/framework/src/Illuminate/Foundation/Http/Kernel.php(145): Illuminate\\Foundation\\Http\\Kernel->sendRequestThroughRouter(Object(Illuminate\\Http\\Request))
#48 /Applications/XAMPP/xamppfiles/htdocs/Project (Laravel)/phplaravel/Module_03/vendor/laravel/framework/src/Illuminate/Foundation/Application.php(1188): Illuminate\\Foundation\\Http\\Kernel->handle(Object(Illuminate\\Http\\Request))
#49 /Applications/XAMPP/xamppfiles/htdocs/Project (Laravel)/phplaravel/Module_03/public/index.php(17): Illuminate\\Foundation\\Application->handleRequest(Object(Illuminate\\Http\\Request))
#50 /Applications/XAMPP/xamppfiles/htdocs/Project (Laravel)/phplaravel/Module_03/vendor/laravel/framework/src/Illuminate/Foundation/resources/server.php(23): require_once('/Applications/X...')
#51 {main}

[previous exception] [object] (PDOException(code: 42S02): SQLSTATE[42S02]: Base table or view not found: 1146 Table 'phplaravel.sessions' doesn't exist at /Applications/XAMPP/xamppfiles/htdocs/Project (Laravel)/phplaravel/Module_03/vendor/laravel/framework/src/Illuminate/Database/Connection.php:407)
[stacktrace]
#0 /Applications/XAMPP/xamppfiles/htdocs/Project (Laravel)/phplaravel/Module_03/vendor/laravel/framework/src/Illuminate/Database/Connection.php(407): PDO->prepare('select * from `...')
#1 /Applications/XAMPP/xamppfiles/htdocs/Project (Laravel)/phplaravel/Module_03/vendor/laravel/framework/src/Illuminate/Database/Connection.php(812): Illuminate\\Database\\Connection->Illuminate\\Database\\{closure}('select * from `...', Array)
#2 /Applications/XAMPP/xamppfiles/htdocs/Project (Laravel)/phplaravel/Module_03/vendor/laravel/framework/src/Illuminate/Database/Connection.php(779): Illuminate\\Database\\Connection->runQueryCallback('select * from `...', Array, Object(Closure))
#3 /Applications/XAMPP/xamppfiles/htdocs/Project (Laravel)/phplaravel/Module_03/vendor/laravel/framework/src/Illuminate/Database/Connection.php(398): Illuminate\\Database\\Connection->run('select * from `...', Array, Object(Closure))
#4 /Applications/XAMPP/xamppfiles/htdocs/Project (Laravel)/phplaravel/Module_03/vendor/laravel/framework/src/Illuminate/Database/Query/Builder.php(3130): Illuminate\\Database\\Connection->select('select * from `...', Array, true)
#5 /Applications/XAMPP/xamppfiles/htdocs/Project (Laravel)/phplaravel/Module_03/vendor/laravel/framework/src/Illuminate/Database/Query/Builder.php(3115): Illuminate\\Database\\Query\\Builder->runSelect()
#6 /Applications/XAMPP/xamppfiles/htdocs/Project (Laravel)/phplaravel/Module_03/vendor/laravel/framework/src/Illuminate/Database/Query/Builder.php(3703): Illuminate\\Database\\Query\\Builder->Illuminate\\Database\\Query\\{closure}()
#7 /Applications/XAMPP/xamppfiles/htdocs/Project (Laravel)/phplaravel/Module_03/vendor/laravel/framework/src/Illuminate/Database/Query/Builder.php(3114): Illuminate\\Database\\Query\\Builder->onceWithColumns(Array, Object(Closure))
#8 /Applications/XAMPP/xamppfiles/htdocs/Project (Laravel)/phplaravel/Module_03/vendor/laravel/framework/src/Illuminate/Database/Concerns/BuildsQueries.php(344): Illuminate\\Database\\Query\\Builder->get(Array)
#9 /Applications/XAMPP/xamppfiles/htdocs/Project (Laravel)/phplaravel/Module_03/vendor/laravel/framework/src/Illuminate/Database/Query/Builder.php(3035): Illuminate\\Database\\Query\\Builder->first(Array)
#10 /Applications/XAMPP/xamppfiles/htdocs/Project (Laravel)/phplaravel/Module_03/vendor/laravel/framework/src/Illuminate/Session/DatabaseSessionHandler.php(97): Illuminate\\Database\\Query\\Builder->find('quc9BOKD1HldyjT...')
#11 /Applications/XAMPP/xamppfiles/htdocs/Project (Laravel)/phplaravel/Module_03/vendor/laravel/framework/src/Illuminate/Session/Store.php(113): Illuminate\\Session\\DatabaseSessionHandler->read('quc9BOKD1HldyjT...')
#12 /Applications/XAMPP/xamppfiles/htdocs/Project (Laravel)/phplaravel/Module_03/vendor/laravel/framework/src/Illuminate/Session/Store.php(101): Illuminate\\Session\\Store->readFromHandler()
#13 /Applications/XAMPP/xamppfiles/htdocs/Project (Laravel)/phplaravel/Module_03/vendor/laravel/framework/src/Illuminate/Session/Store.php(85): Illuminate\\Session\\Store->loadSession()
#14 /Applications/XAMPP/xamppfiles/htdocs/Project (Laravel)/phplaravel/Module_03/vendor/laravel/framework/src/Illuminate/Session/Middleware/StartSession.php(147): Illuminate\\Session\\Store->start()
#15 /Applications/XAMPP/xamppfiles/htdocs/Project (Laravel)/phplaravel/Module_03/vendor/laravel/framework/src/Illuminate/Support/helpers.php(380): Illuminate\\Session\\Middleware\\StartSession->Illuminate\\Session\\Middleware\\{closure}(Object(Illuminate\\Session\\Store))
#16 /Applications/XAMPP/xamppfiles/htdocs/Project (Laravel)/phplaravel/Module_03/vendor/laravel/framework/src/Illuminate/Session/Middleware/StartSession.php(144): tap(Object(Illuminate\\Session\\Store), Object(Closure))
#17 /Applications/XAMPP/xamppfiles/htdocs/Project (Laravel)/phplaravel/Module_03/vendor/laravel/framework/src/Illuminate/Session/Middleware/StartSession.php(116): Illuminate\\Session\\Middleware\\StartSession->startSession(Object(Illuminate\\Http\\Request), Object(Illuminate\\Session\\Store))
#18 /Applications/XAMPP/xamppfiles/htdocs/Project (Laravel)/phplaravel/Module_03/vendor/laravel/framework/src/Illuminate/Session/Middleware/StartSession.php(64): Illuminate\\Session\\Middleware\\StartSession->handleStatefulRequest(Object(Illuminate\\Http\\Request), Object(Illuminate\\Session\\Store), Object(Closure))
#19 /Applications/XAMPP/xamppfiles/htdocs/Project (Laravel)/phplaravel/Module_03/vendor/laravel/framework/src/Illuminate/Pipeline/Pipeline.php(183): Illuminate\\Session\\Middleware\\StartSession->handle(Object(Illuminate\\Http\\Request), Object(Closure))
#20 /Applications/XAMPP/xamppfiles/htdocs/Project (Laravel)/phplaravel/Module_03/vendor/laravel/framework/src/Illuminate/Cookie/Middleware/AddQueuedCookiesToResponse.php(37): Illuminate\\Pipeline\\Pipeline->Illuminate\\Pipeline\\{closure}(Object(Illuminate\\Http\\Request))
#21 /Applications/XAMPP/xamppfiles/htdocs/Project (Laravel)/phplaravel/Module_03/vendor/laravel/framework/src/Illuminate/Pipeline/Pipeline.php(183): Illuminate\\Cookie\\Middleware\\AddQueuedCookiesToResponse->handle(Object(Illuminate\\Http\\Request), Object(Closure))
#22 /Applications/XAMPP/xamppfiles/htdocs/Project (Laravel)/phplaravel/Module_03/vendor/laravel/framework/src/Illuminate/Cookie/Middleware/EncryptCookies.php(75): Illuminate\\Pipeline\\Pipeline->Illuminate\\Pipeline\\{closure}(Object(Illuminate\\Http\\Request))
#23 /Applications/XAMPP/xamppfiles/htdocs/Project (Laravel)/phplaravel/Module_03/vendor/laravel/framework/src/Illuminate/Pipeline/Pipeline.php(183): Illuminate\\Cookie\\Middleware\\EncryptCookies->handle(Object(Illuminate\\Http\\Request), Object(Closure))
#24 /Applications/XAMPP/xamppfiles/htdocs/Project (Laravel)/phplaravel/Module_03/vendor/laravel/framework/src/Illuminate/Pipeline/Pipeline.php(119): Illuminate\\Pipeline\\Pipeline->Illuminate\\Pipeline\\{closure}(Object(Illuminate\\Http\\Request))
#25 /Applications/XAMPP/xamppfiles/htdocs/Project (Laravel)/phplaravel/Module_03/vendor/laravel/framework/src/Illuminate/Routing/Router.php(807): Illuminate\\Pipeline\\Pipeline->then(Object(Closure))
#26 /Applications/XAMPP/xamppfiles/htdocs/Project (Laravel)/phplaravel/Module_03/vendor/laravel/framework/src/Illuminate/Routing/Router.php(786): Illuminate\\Routing\\Router->runRouteWithinStack(Object(Illuminate\\Routing\\Route), Object(Illuminate\\Http\\Request))
#27 /Applications/XAMPP/xamppfiles/htdocs/Project (Laravel)/phplaravel/Module_03/vendor/laravel/framework/src/Illuminate/Routing/Router.php(750): Illuminate\\Routing\\Router->runRoute(Object(Illuminate\\Http\\Request), Object(Illuminate\\Routing\\Route))
#28 /Applications/XAMPP/xamppfiles/htdocs/Project (Laravel)/phplaravel/Module_03/vendor/laravel/framework/src/Illuminate/Routing/Router.php(739): Illuminate\\Routing\\Router->dispatchToRoute(Object(Illuminate\\Http\\Request))
#29 /Applications/XAMPP/xamppfiles/htdocs/Project (Laravel)/phplaravel/Module_03/vendor/laravel/framework/src/Illuminate/Foundation/Http/Kernel.php(201): Illuminate\\Routing\\Router->dispatch(Object(Illuminate\\Http\\Request))
#30 /Applications/XAMPP/xamppfiles/htdocs/Project (Laravel)/phplaravel/Module_03/vendor/laravel/framework/src/Illuminate/Pipeline/Pipeline.php(144): Illuminate\\Foundation\\Http\\Kernel->Illuminate\\Foundation\\Http\\{closure}(Object(Illuminate\\Http\\Request))
#31 /Applications/XAMPP/xamppfiles/htdocs/Project (Laravel)/phplaravel/Module_03/vendor/laravel/framework/src/Illuminate/Foundation/Http/Middleware/TransformsRequest.php(21): Illuminate\\Pipeline\\Pipeline->Illuminate\\Pipeline\\{closure}(Object(Illuminate\\Http\\Request))
#32 /Applications/XAMPP/xamppfiles/htdocs/Project (Laravel)/phplaravel/Module_03/vendor/laravel/framework/src/Illuminate/Foundation/Http/Middleware/ConvertEmptyStringsToNull.php(31): Illuminate\\Foundation\\Http\\Middleware\\TransformsRequest->handle(Object(Illuminate\\Http\\Request), Object(Closure))
#33 /Applications/XAMPP/xamppfiles/htdocs/Project (Laravel)/phplaravel/Module_03/vendor/laravel/framework/src/Illuminate/Pipeline/Pipeline.php(183): Illuminate\\Foundation\\Http\\Middleware\\ConvertEmptyStringsToNull->handle(Object(Illuminate\\Http\\Request), Object(Closure))
#34 /Applications/XAMPP/xamppfiles/htdocs/Project (Laravel)/phplaravel/Module_03/vendor/laravel/framework/src/Illuminate/Foundation/Http/Middleware/TransformsRequest.php(21): Illuminate\\Pipeline\\Pipeline->Illuminate\\Pipeline\\{closure}(Object(Illuminate\\Http\\Request))
#35 /Applications/XAMPP/xamppfiles/htdocs/Project (Laravel)/phplaravel/Module_03/vendor/laravel/framework/src/Illuminate/Foundation/Http/Middleware/TrimStrings.php(51): Illuminate\\Foundation\\Http\\Middleware\\TransformsRequest->handle(Object(Illuminate\\Http\\Request), Object(Closure))
#36 /Applications/XAMPP/xamppfiles/htdocs/Project (Laravel)/phplaravel/Module_03/vendor/laravel/framework/src/Illuminate/Pipeline/Pipeline.php(183): Illuminate\\Foundation\\Http\\Middleware\\TrimStrings->handle(Object(Illuminate\\Http\\Request), Object(Closure))
#37 /Applications/XAMPP/xamppfiles/htdocs/Project (Laravel)/phplaravel/Module_03/vendor/laravel/framework/src/Illuminate/Http/Middleware/ValidatePostSize.php(27): Illuminate\\Pipeline\\Pipeline->Illuminate\\Pipeline\\{closure}(Object(Illuminate\\Http\\Request))
#38 /Applications/XAMPP/xamppfiles/htdocs/Project (Laravel)/phplaravel/Module_03/vendor/laravel/framework/src/Illuminate/Pipeline/Pipeline.php(183): Illuminate\\Http\\Middleware\\ValidatePostSize->handle(Object(Illuminate\\Http\\Request), Object(Closure))
#39 /Applications/XAMPP/xamppfiles/htdocs/Project (Laravel)/phplaravel/Module_03/vendor/laravel/framework/src/Illuminate/Foundation/Http/Middleware/PreventRequestsDuringMaintenance.php(110): Illuminate\\Pipeline\\Pipeline->Illuminate\\Pipeline\\{closure}(Object(Illuminate\\Http\\Request))
#40 /Applications/XAMPP/xamppfiles/htdocs/Project (Laravel)/phplaravel/Module_03/vendor/laravel/framework/src/Illuminate/Pipeline/Pipeline.php(183): Illuminate\\Foundation\\Http\\Middleware\\PreventRequestsDuringMaintenance->handle(Object(Illuminate\\Http\\Request), Object(Closure))
#41 /Applications/XAMPP/xamppfiles/htdocs/Project (Laravel)/phplaravel/Module_03/vendor/laravel/framework/src/Illuminate/Http/Middleware/HandleCors.php(49): Illuminate\\Pipeline\\Pipeline->Illuminate\\Pipeline\\{closure}(Object(Illuminate\\Http\\Request))
#42 /Applications/XAMPP/xamppfiles/htdocs/Project (Laravel)/phplaravel/Module_03/vendor/laravel/framework/src/Illuminate/Pipeline/Pipeline.php(183): Illuminate\\Http\\Middleware\\HandleCors->handle(Object(Illuminate\\Http\\Request), Object(Closure))
#43 /Applications/XAMPP/xamppfiles/htdocs/Project (Laravel)/phplaravel/Module_03/vendor/laravel/framework/src/Illuminate/Http/Middleware/TrustProxies.php(58): Illuminate\\Pipeline\\Pipeline->Illuminate\\Pipeline\\{closure}(Object(Illuminate\\Http\\Request))
#44 /Applications/XAMPP/xamppfiles/htdocs/Project (Laravel)/phplaravel/Module_03/vendor/laravel/framework/src/Illuminate/Pipeline/Pipeline.php(183): Illuminate\\Http\\Middleware\\TrustProxies->handle(Object(Illuminate\\Http\\Request), Object(Closure))
#45 /Applications/XAMPP/xamppfiles/htdocs/Project (Laravel)/phplaravel/Module_03/vendor/laravel/framework/src/Illuminate/Foundation/Http/Middleware/InvokeDeferredCallbacks.php(22): Illuminate\\Pipeline\\Pipeline->Illuminate\\Pipeline\\{closure}(Object(Illuminate\\Http\\Request))
#46 /Applications/XAMPP/xamppfiles/htdocs/Project (Laravel)/phplaravel/Module_03/vendor/laravel/framework/src/Illuminate/Pipeline/Pipeline.php(183): Illuminate\\Foundation\\Http\\Middleware\\InvokeDeferredCallbacks->handle(Object(Illuminate\\Http\\Request), Object(Closure))
#47 /Applications/XAMPP/xamppfiles/htdocs/Project (Laravel)/phplaravel/Module_03/vendor/laravel/framework/src/Illuminate/Pipeline/Pipeline.php(119): Illuminate\\Pipeline\\Pipeline->Illuminate\\Pipeline\\{closure}(Object(Illuminate\\Http\\Request))
#48 /Applications/XAMPP/xamppfiles/htdocs/Project (Laravel)/phplaravel/Module_03/vendor/laravel/framework/src/Illuminate/Foundation/Http/Kernel.php(176): Illuminate\\Pipeline\\Pipeline->then(Object(Closure))
#49 /Applications/XAMPP/xamppfiles/htdocs/Project (Laravel)/phplaravel/Module_03/vendor/laravel/framework/src/Illuminate/Foundation/Http/Kernel.php(145): Illuminate\\Foundation\\Http\\Kernel->sendRequestThroughRouter(Object(Illuminate\\Http\\Request))
#50 /Applications/XAMPP/xamppfiles/htdocs/Project (Laravel)/phplaravel/Module_03/vendor/laravel/framework/src/Illuminate/Foundation/Application.php(1188): Illuminate\\Foundation\\Http\\Kernel->handle(Object(Illuminate\\Http\\Request))
#51 /Applications/XAMPP/xamppfiles/htdocs/Project (Laravel)/phplaravel/Module_03/public/index.php(17): Illuminate\\Foundation\\Application->handleRequest(Object(Illuminate\\Http\\Request))
#52 /Applications/XAMPP/xamppfiles/htdocs/Project (Laravel)/phplaravel/Module_03/vendor/laravel/framework/src/Illuminate/Foundation/resources/server.php(23): require_once('/Applications/X...')
#53 {main}
"} 
[2024-09-21 23:14:16] local.ERROR: SQLSTATE[42S02]: Base table or view not found: 1146 Table 'phplaravel.sessions' doesn't exist (Connection: mysql, SQL: select * from `sessions` where `id` = aQQ7ijSTS1VZjQkO3A9SjQXBFg6RRSjrb2A9NYjw limit 1) {"exception":"[object] (Illuminate\\Database\\QueryException(code: 42S02): SQLSTATE[42S02]: Base table or view not found: 1146 Table 'phplaravel.sessions' doesn't exist (Connection: mysql, SQL: select * from `sessions` where `id` = aQQ7ijSTS1VZjQkO3A9SjQXBFg6RRSjrb2A9NYjw limit 1) at /Applications/XAMPP/xamppfiles/htdocs/Project (Laravel)/phplaravel/Module_03/vendor/laravel/framework/src/Illuminate/Database/Connection.php:825)
[stacktrace]
#0 /Applications/XAMPP/xamppfiles/htdocs/Project (Laravel)/phplaravel/Module_03/vendor/laravel/framework/src/Illuminate/Database/Connection.php(779): Illuminate\\Database\\Connection->runQueryCallback('select * from `...', Array, Object(Closure))
#1 /Applications/XAMPP/xamppfiles/htdocs/Project (Laravel)/phplaravel/Module_03/vendor/laravel/framework/src/Illuminate/Database/Connection.php(398): Illuminate\\Database\\Connection->run('select * from `...', Array, Object(Closure))
#2 /Applications/XAMPP/xamppfiles/htdocs/Project (Laravel)/phplaravel/Module_03/vendor/laravel/framework/src/Illuminate/Database/Query/Builder.php(3130): Illuminate\\Database\\Connection->select('select * from `...', Array, true)
#3 /Applications/XAMPP/xamppfiles/htdocs/Project (Laravel)/phplaravel/Module_03/vendor/laravel/framework/src/Illuminate/Database/Query/Builder.php(3115): Illuminate\\Database\\Query\\Builder->runSelect()
#4 /Applications/XAMPP/xamppfiles/htdocs/Project (Laravel)/phplaravel/Module_03/vendor/laravel/framework/src/Illuminate/Database/Query/Builder.php(3703): Illuminate\\Database\\Query\\Builder->Illuminate\\Database\\Query\\{closure}()
#5 /Applications/XAMPP/xamppfiles/htdocs/Project (Laravel)/phplaravel/Module_03/vendor/laravel/framework/src/Illuminate/Database/Query/Builder.php(3114): Illuminate\\Database\\Query\\Builder->onceWithColumns(Array, Object(Closure))
#6 /Applications/XAMPP/xamppfiles/htdocs/Project (Laravel)/phplaravel/Module_03/vendor/laravel/framework/src/Illuminate/Database/Concerns/BuildsQueries.php(344): Illuminate\\Database\\Query\\Builder->get(Array)
#7 /Applications/XAMPP/xamppfiles/htdocs/Project (Laravel)/phplaravel/Module_03/vendor/laravel/framework/src/Illuminate/Database/Query/Builder.php(3035): Illuminate\\Database\\Query\\Builder->first(Array)
#8 /Applications/XAMPP/xamppfiles/htdocs/Project (Laravel)/phplaravel/Module_03/vendor/laravel/framework/src/Illuminate/Session/DatabaseSessionHandler.php(97): Illuminate\\Database\\Query\\Builder->find('aQQ7ijSTS1VZjQk...')
#9 /Applications/XAMPP/xamppfiles/htdocs/Project (Laravel)/phplaravel/Module_03/vendor/laravel/framework/src/Illuminate/Session/Store.php(113): Illuminate\\Session\\DatabaseSessionHandler->read('aQQ7ijSTS1VZjQk...')
#10 /Applications/XAMPP/xamppfiles/htdocs/Project (Laravel)/phplaravel/Module_03/vendor/laravel/framework/src/Illuminate/Session/Store.php(101): Illuminate\\Session\\Store->readFromHandler()
#11 /Applications/XAMPP/xamppfiles/htdocs/Project (Laravel)/phplaravel/Module_03/vendor/laravel/framework/src/Illuminate/Session/Store.php(85): Illuminate\\Session\\Store->loadSession()
#12 /Applications/XAMPP/xamppfiles/htdocs/Project (Laravel)/phplaravel/Module_03/vendor/laravel/framework/src/Illuminate/Session/Middleware/StartSession.php(147): Illuminate\\Session\\Store->start()
#13 /Applications/XAMPP/xamppfiles/htdocs/Project (Laravel)/phplaravel/Module_03/vendor/laravel/framework/src/Illuminate/Support/helpers.php(380): Illuminate\\Session\\Middleware\\StartSession->Illuminate\\Session\\Middleware\\{closure}(Object(Illuminate\\Session\\Store))
#14 /Applications/XAMPP/xamppfiles/htdocs/Project (Laravel)/phplaravel/Module_03/vendor/laravel/framework/src/Illuminate/Session/Middleware/StartSession.php(144): tap(Object(Illuminate\\Session\\Store), Object(Closure))
#15 /Applications/XAMPP/xamppfiles/htdocs/Project (Laravel)/phplaravel/Module_03/vendor/laravel/framework/src/Illuminate/Session/Middleware/StartSession.php(116): Illuminate\\Session\\Middleware\\StartSession->startSession(Object(Illuminate\\Http\\Request), Object(Illuminate\\Session\\Store))
#16 /Applications/XAMPP/xamppfiles/htdocs/Project (Laravel)/phplaravel/Module_03/vendor/laravel/framework/src/Illuminate/Session/Middleware/StartSession.php(64): Illuminate\\Session\\Middleware\\StartSession->handleStatefulRequest(Object(Illuminate\\Http\\Request), Object(Illuminate\\Session\\Store), Object(Closure))
#17 /Applications/XAMPP/xamppfiles/htdocs/Project (Laravel)/phplaravel/Module_03/vendor/laravel/framework/src/Illuminate/Pipeline/Pipeline.php(183): Illuminate\\Session\\Middleware\\StartSession->handle(Object(Illuminate\\Http\\Request), Object(Closure))
#18 /Applications/XAMPP/xamppfiles/htdocs/Project (Laravel)/phplaravel/Module_03/vendor/laravel/framework/src/Illuminate/Cookie/Middleware/AddQueuedCookiesToResponse.php(37): Illuminate\\Pipeline\\Pipeline->Illuminate\\Pipeline\\{closure}(Object(Illuminate\\Http\\Request))
#19 /Applications/XAMPP/xamppfiles/htdocs/Project (Laravel)/phplaravel/Module_03/vendor/laravel/framework/src/Illuminate/Pipeline/Pipeline.php(183): Illuminate\\Cookie\\Middleware\\AddQueuedCookiesToResponse->handle(Object(Illuminate\\Http\\Request), Object(Closure))
#20 /Applications/XAMPP/xamppfiles/htdocs/Project (Laravel)/phplaravel/Module_03/vendor/laravel/framework/src/Illuminate/Cookie/Middleware/EncryptCookies.php(75): Illuminate\\Pipeline\\Pipeline->Illuminate\\Pipeline\\{closure}(Object(Illuminate\\Http\\Request))
#21 /Applications/XAMPP/xamppfiles/htdocs/Project (Laravel)/phplaravel/Module_03/vendor/laravel/framework/src/Illuminate/Pipeline/Pipeline.php(183): Illuminate\\Cookie\\Middleware\\EncryptCookies->handle(Object(Illuminate\\Http\\Request), Object(Closure))
#22 /Applications/XAMPP/xamppfiles/htdocs/Project (Laravel)/phplaravel/Module_03/vendor/laravel/framework/src/Illuminate/Pipeline/Pipeline.php(119): Illuminate\\Pipeline\\Pipeline->Illuminate\\Pipeline\\{closure}(Object(Illuminate\\Http\\Request))
#23 /Applications/XAMPP/xamppfiles/htdocs/Project (Laravel)/phplaravel/Module_03/vendor/laravel/framework/src/Illuminate/Routing/Router.php(807): Illuminate\\Pipeline\\Pipeline->then(Object(Closure))
#24 /Applications/XAMPP/xamppfiles/htdocs/Project (Laravel)/phplaravel/Module_03/vendor/laravel/framework/src/Illuminate/Routing/Router.php(786): Illuminate\\Routing\\Router->runRouteWithinStack(Object(Illuminate\\Routing\\Route), Object(Illuminate\\Http\\Request))
#25 /Applications/XAMPP/xamppfiles/htdocs/Project (Laravel)/phplaravel/Module_03/vendor/laravel/framework/src/Illuminate/Routing/Router.php(750): Illuminate\\Routing\\Router->runRoute(Object(Illuminate\\Http\\Request), Object(Illuminate\\Routing\\Route))
#26 /Applications/XAMPP/xamppfiles/htdocs/Project (Laravel)/phplaravel/Module_03/vendor/laravel/framework/src/Illuminate/Routing/Router.php(739): Illuminate\\Routing\\Router->dispatchToRoute(Object(Illuminate\\Http\\Request))
#27 /Applications/XAMPP/xamppfiles/htdocs/Project (Laravel)/phplaravel/Module_03/vendor/laravel/framework/src/Illuminate/Foundation/Http/Kernel.php(201): Illuminate\\Routing\\Router->dispatch(Object(Illuminate\\Http\\Request))
#28 /Applications/XAMPP/xamppfiles/htdocs/Project (Laravel)/phplaravel/Module_03/vendor/laravel/framework/src/Illuminate/Pipeline/Pipeline.php(144): Illuminate\\Foundation\\Http\\Kernel->Illuminate\\Foundation\\Http\\{closure}(Object(Illuminate\\Http\\Request))
#29 /Applications/XAMPP/xamppfiles/htdocs/Project (Laravel)/phplaravel/Module_03/vendor/laravel/framework/src/Illuminate/Foundation/Http/Middleware/TransformsRequest.php(21): Illuminate\\Pipeline\\Pipeline->Illuminate\\Pipeline\\{closure}(Object(Illuminate\\Http\\Request))
#30 /Applications/XAMPP/xamppfiles/htdocs/Project (Laravel)/phplaravel/Module_03/vendor/laravel/framework/src/Illuminate/Foundation/Http/Middleware/ConvertEmptyStringsToNull.php(31): Illuminate\\Foundation\\Http\\Middleware\\TransformsRequest->handle(Object(Illuminate\\Http\\Request), Object(Closure))
#31 /Applications/XAMPP/xamppfiles/htdocs/Project (Laravel)/phplaravel/Module_03/vendor/laravel/framework/src/Illuminate/Pipeline/Pipeline.php(183): Illuminate\\Foundation\\Http\\Middleware\\ConvertEmptyStringsToNull->handle(Object(Illuminate\\Http\\Request), Object(Closure))
#32 /Applications/XAMPP/xamppfiles/htdocs/Project (Laravel)/phplaravel/Module_03/vendor/laravel/framework/src/Illuminate/Foundation/Http/Middleware/TransformsRequest.php(21): Illuminate\\Pipeline\\Pipeline->Illuminate\\Pipeline\\{closure}(Object(Illuminate\\Http\\Request))
#33 /Applications/XAMPP/xamppfiles/htdocs/Project (Laravel)/phplaravel/Module_03/vendor/laravel/framework/src/Illuminate/Foundation/Http/Middleware/TrimStrings.php(51): Illuminate\\Foundation\\Http\\Middleware\\TransformsRequest->handle(Object(Illuminate\\Http\\Request), Object(Closure))
#34 /Applications/XAMPP/xamppfiles/htdocs/Project (Laravel)/phplaravel/Module_03/vendor/laravel/framework/src/Illuminate/Pipeline/Pipeline.php(183): Illuminate\\Foundation\\Http\\Middleware\\TrimStrings->handle(Object(Illuminate\\Http\\Request), Object(Closure))
#35 /Applications/XAMPP/xamppfiles/htdocs/Project (Laravel)/phplaravel/Module_03/vendor/laravel/framework/src/Illuminate/Http/Middleware/ValidatePostSize.php(27): Illuminate\\Pipeline\\Pipeline->Illuminate\\Pipeline\\{closure}(Object(Illuminate\\Http\\Request))
#36 /Applications/XAMPP/xamppfiles/htdocs/Project (Laravel)/phplaravel/Module_03/vendor/laravel/framework/src/Illuminate/Pipeline/Pipeline.php(183): Illuminate\\Http\\Middleware\\ValidatePostSize->handle(Object(Illuminate\\Http\\Request), Object(Closure))
#37 /Applications/XAMPP/xamppfiles/htdocs/Project (Laravel)/phplaravel/Module_03/vendor/laravel/framework/src/Illuminate/Foundation/Http/Middleware/PreventRequestsDuringMaintenance.php(110): Illuminate\\Pipeline\\Pipeline->Illuminate\\Pipeline\\{closure}(Object(Illuminate\\Http\\Request))
#38 /Applications/XAMPP/xamppfiles/htdocs/Project (Laravel)/phplaravel/Module_03/vendor/laravel/framework/src/Illuminate/Pipeline/Pipeline.php(183): Illuminate\\Foundation\\Http\\Middleware\\PreventRequestsDuringMaintenance->handle(Object(Illuminate\\Http\\Request), Object(Closure))
#39 /Applications/XAMPP/xamppfiles/htdocs/Project (Laravel)/phplaravel/Module_03/vendor/laravel/framework/src/Illuminate/Http/Middleware/HandleCors.php(49): Illuminate\\Pipeline\\Pipeline->Illuminate\\Pipeline\\{closure}(Object(Illuminate\\Http\\Request))
#40 /Applications/XAMPP/xamppfiles/htdocs/Project (Laravel)/phplaravel/Module_03/vendor/laravel/framework/src/Illuminate/Pipeline/Pipeline.php(183): Illuminate\\Http\\Middleware\\HandleCors->handle(Object(Illuminate\\Http\\Request), Object(Closure))
#41 /Applications/XAMPP/xamppfiles/htdocs/Project (Laravel)/phplaravel/Module_03/vendor/laravel/framework/src/Illuminate/Http/Middleware/TrustProxies.php(58): Illuminate\\Pipeline\\Pipeline->Illuminate\\Pipeline\\{closure}(Object(Illuminate\\Http\\Request))
#42 /Applications/XAMPP/xamppfiles/htdocs/Project (Laravel)/phplaravel/Module_03/vendor/laravel/framework/src/Illuminate/Pipeline/Pipeline.php(183): Illuminate\\Http\\Middleware\\TrustProxies->handle(Object(Illuminate\\Http\\Request), Object(Closure))
#43 /Applications/XAMPP/xamppfiles/htdocs/Project (Laravel)/phplaravel/Module_03/vendor/laravel/framework/src/Illuminate/Foundation/Http/Middleware/InvokeDeferredCallbacks.php(22): Illuminate\\Pipeline\\Pipeline->Illuminate\\Pipeline\\{closure}(Object(Illuminate\\Http\\Request))
#44 /Applications/XAMPP/xamppfiles/htdocs/Project (Laravel)/phplaravel/Module_03/vendor/laravel/framework/src/Illuminate/Pipeline/Pipeline.php(183): Illuminate\\Foundation\\Http\\Middleware\\InvokeDeferredCallbacks->handle(Object(Illuminate\\Http\\Request), Object(Closure))
#45 /Applications/XAMPP/xamppfiles/htdocs/Project (Laravel)/phplaravel/Module_03/vendor/laravel/framework/src/Illuminate/Pipeline/Pipeline.php(119): Illuminate\\Pipeline\\Pipeline->Illuminate\\Pipeline\\{closure}(Object(Illuminate\\Http\\Request))
#46 /Applications/XAMPP/xamppfiles/htdocs/Project (Laravel)/phplaravel/Module_03/vendor/laravel/framework/src/Illuminate/Foundation/Http/Kernel.php(176): Illuminate\\Pipeline\\Pipeline->then(Object(Closure))
#47 /Applications/XAMPP/xamppfiles/htdocs/Project (Laravel)/phplaravel/Module_03/vendor/laravel/framework/src/Illuminate/Foundation/Http/Kernel.php(145): Illuminate\\Foundation\\Http\\Kernel->sendRequestThroughRouter(Object(Illuminate\\Http\\Request))
#48 /Applications/XAMPP/xamppfiles/htdocs/Project (Laravel)/phplaravel/Module_03/vendor/laravel/framework/src/Illuminate/Foundation/Application.php(1188): Illuminate\\Foundation\\Http\\Kernel->handle(Object(Illuminate\\Http\\Request))
#49 /Applications/XAMPP/xamppfiles/htdocs/Project (Laravel)/phplaravel/Module_03/public/index.php(17): Illuminate\\Foundation\\Application->handleRequest(Object(Illuminate\\Http\\Request))
#50 /Applications/XAMPP/xamppfiles/htdocs/Project (Laravel)/phplaravel/Module_03/vendor/laravel/framework/src/Illuminate/Foundation/resources/server.php(23): require_once('/Applications/X...')
#51 {main}

[previous exception] [object] (PDOException(code: 42S02): SQLSTATE[42S02]: Base table or view not found: 1146 Table 'phplaravel.sessions' doesn't exist at /Applications/XAMPP/xamppfiles/htdocs/Project (Laravel)/phplaravel/Module_03/vendor/laravel/framework/src/Illuminate/Database/Connection.php:407)
[stacktrace]
#0 /Applications/XAMPP/xamppfiles/htdocs/Project (Laravel)/phplaravel/Module_03/vendor/laravel/framework/src/Illuminate/Database/Connection.php(407): PDO->prepare('select * from `...')
#1 /Applications/XAMPP/xamppfiles/htdocs/Project (Laravel)/phplaravel/Module_03/vendor/laravel/framework/src/Illuminate/Database/Connection.php(812): Illuminate\\Database\\Connection->Illuminate\\Database\\{closure}('select * from `...', Array)
#2 /Applications/XAMPP/xamppfiles/htdocs/Project (Laravel)/phplaravel/Module_03/vendor/laravel/framework/src/Illuminate/Database/Connection.php(779): Illuminate\\Database\\Connection->runQueryCallback('select * from `...', Array, Object(Closure))
#3 /Applications/XAMPP/xamppfiles/htdocs/Project (Laravel)/phplaravel/Module_03/vendor/laravel/framework/src/Illuminate/Database/Connection.php(398): Illuminate\\Database\\Connection->run('select * from `...', Array, Object(Closure))
#4 /Applications/XAMPP/xamppfiles/htdocs/Project (Laravel)/phplaravel/Module_03/vendor/laravel/framework/src/Illuminate/Database/Query/Builder.php(3130): Illuminate\\Database\\Connection->select('select * from `...', Array, true)
#5 /Applications/XAMPP/xamppfiles/htdocs/Project (Laravel)/phplaravel/Module_03/vendor/laravel/framework/src/Illuminate/Database/Query/Builder.php(3115): Illuminate\\Database\\Query\\Builder->runSelect()
#6 /Applications/XAMPP/xamppfiles/htdocs/Project (Laravel)/phplaravel/Module_03/vendor/laravel/framework/src/Illuminate/Database/Query/Builder.php(3703): Illuminate\\Database\\Query\\Builder->Illuminate\\Database\\Query\\{closure}()
#7 /Applications/XAMPP/xamppfiles/htdocs/Project (Laravel)/phplaravel/Module_03/vendor/laravel/framework/src/Illuminate/Database/Query/Builder.php(3114): Illuminate\\Database\\Query\\Builder->onceWithColumns(Array, Object(Closure))
#8 /Applications/XAMPP/xamppfiles/htdocs/Project (Laravel)/phplaravel/Module_03/vendor/laravel/framework/src/Illuminate/Database/Concerns/BuildsQueries.php(344): Illuminate\\Database\\Query\\Builder->get(Array)
#9 /Applications/XAMPP/xamppfiles/htdocs/Project (Laravel)/phplaravel/Module_03/vendor/laravel/framework/src/Illuminate/Database/Query/Builder.php(3035): Illuminate\\Database\\Query\\Builder->first(Array)
#10 /Applications/XAMPP/xamppfiles/htdocs/Project (Laravel)/phplaravel/Module_03/vendor/laravel/framework/src/Illuminate/Session/DatabaseSessionHandler.php(97): Illuminate\\Database\\Query\\Builder->find('aQQ7ijSTS1VZjQk...')
#11 /Applications/XAMPP/xamppfiles/htdocs/Project (Laravel)/phplaravel/Module_03/vendor/laravel/framework/src/Illuminate/Session/Store.php(113): Illuminate\\Session\\DatabaseSessionHandler->read('aQQ7ijSTS1VZjQk...')
#12 /Applications/XAMPP/xamppfiles/htdocs/Project (Laravel)/phplaravel/Module_03/vendor/laravel/framework/src/Illuminate/Session/Store.php(101): Illuminate\\Session\\Store->readFromHandler()
#13 /Applications/XAMPP/xamppfiles/htdocs/Project (Laravel)/phplaravel/Module_03/vendor/laravel/framework/src/Illuminate/Session/Store.php(85): Illuminate\\Session\\Store->loadSession()
#14 /Applications/XAMPP/xamppfiles/htdocs/Project (Laravel)/phplaravel/Module_03/vendor/laravel/framework/src/Illuminate/Session/Middleware/StartSession.php(147): Illuminate\\Session\\Store->start()
#15 /Applications/XAMPP/xamppfiles/htdocs/Project (Laravel)/phplaravel/Module_03/vendor/laravel/framework/src/Illuminate/Support/helpers.php(380): Illuminate\\Session\\Middleware\\StartSession->Illuminate\\Session\\Middleware\\{closure}(Object(Illuminate\\Session\\Store))
#16 /Applications/XAMPP/xamppfiles/htdocs/Project (Laravel)/phplaravel/Module_03/vendor/laravel/framework/src/Illuminate/Session/Middleware/StartSession.php(144): tap(Object(Illuminate\\Session\\Store), Object(Closure))
#17 /Applications/XAMPP/xamppfiles/htdocs/Project (Laravel)/phplaravel/Module_03/vendor/laravel/framework/src/Illuminate/Session/Middleware/StartSession.php(116): Illuminate\\Session\\Middleware\\StartSession->startSession(Object(Illuminate\\Http\\Request), Object(Illuminate\\Session\\Store))
#18 /Applications/XAMPP/xamppfiles/htdocs/Project (Laravel)/phplaravel/Module_03/vendor/laravel/framework/src/Illuminate/Session/Middleware/StartSession.php(64): Illuminate\\Session\\Middleware\\StartSession->handleStatefulRequest(Object(Illuminate\\Http\\Request), Object(Illuminate\\Session\\Store), Object(Closure))
#19 /Applications/XAMPP/xamppfiles/htdocs/Project (Laravel)/phplaravel/Module_03/vendor/laravel/framework/src/Illuminate/Pipeline/Pipeline.php(183): Illuminate\\Session\\Middleware\\StartSession->handle(Object(Illuminate\\Http\\Request), Object(Closure))
#20 /Applications/XAMPP/xamppfiles/htdocs/Project (Laravel)/phplaravel/Module_03/vendor/laravel/framework/src/Illuminate/Cookie/Middleware/AddQueuedCookiesToResponse.php(37): Illuminate\\Pipeline\\Pipeline->Illuminate\\Pipeline\\{closure}(Object(Illuminate\\Http\\Request))
#21 /Applications/XAMPP/xamppfiles/htdocs/Project (Laravel)/phplaravel/Module_03/vendor/laravel/framework/src/Illuminate/Pipeline/Pipeline.php(183): Illuminate\\Cookie\\Middleware\\AddQueuedCookiesToResponse->handle(Object(Illuminate\\Http\\Request), Object(Closure))
#22 /Applications/XAMPP/xamppfiles/htdocs/Project (Laravel)/phplaravel/Module_03/vendor/laravel/framework/src/Illuminate/Cookie/Middleware/EncryptCookies.php(75): Illuminate\\Pipeline\\Pipeline->Illuminate\\Pipeline\\{closure}(Object(Illuminate\\Http\\Request))
#23 /Applications/XAMPP/xamppfiles/htdocs/Project (Laravel)/phplaravel/Module_03/vendor/laravel/framework/src/Illuminate/Pipeline/Pipeline.php(183): Illuminate\\Cookie\\Middleware\\EncryptCookies->handle(Object(Illuminate\\Http\\Request), Object(Closure))
#24 /Applications/XAMPP/xamppfiles/htdocs/Project (Laravel)/phplaravel/Module_03/vendor/laravel/framework/src/Illuminate/Pipeline/Pipeline.php(119): Illuminate\\Pipeline\\Pipeline->Illuminate\\Pipeline\\{closure}(Object(Illuminate\\Http\\Request))
#25 /Applications/XAMPP/xamppfiles/htdocs/Project (Laravel)/phplaravel/Module_03/vendor/laravel/framework/src/Illuminate/Routing/Router.php(807): Illuminate\\Pipeline\\Pipeline->then(Object(Closure))
#26 /Applications/XAMPP/xamppfiles/htdocs/Project (Laravel)/phplaravel/Module_03/vendor/laravel/framework/src/Illuminate/Routing/Router.php(786): Illuminate\\Routing\\Router->runRouteWithinStack(Object(Illuminate\\Routing\\Route), Object(Illuminate\\Http\\Request))
#27 /Applications/XAMPP/xamppfiles/htdocs/Project (Laravel)/phplaravel/Module_03/vendor/laravel/framework/src/Illuminate/Routing/Router.php(750): Illuminate\\Routing\\Router->runRoute(Object(Illuminate\\Http\\Request), Object(Illuminate\\Routing\\Route))
#28 /Applications/XAMPP/xamppfiles/htdocs/Project (Laravel)/phplaravel/Module_03/vendor/laravel/framework/src/Illuminate/Routing/Router.php(739): Illuminate\\Routing\\Router->dispatchToRoute(Object(Illuminate\\Http\\Request))
#29 /Applications/XAMPP/xamppfiles/htdocs/Project (Laravel)/phplaravel/Module_03/vendor/laravel/framework/src/Illuminate/Foundation/Http/Kernel.php(201): Illuminate\\Routing\\Router->dispatch(Object(Illuminate\\Http\\Request))
#30 /Applications/XAMPP/xamppfiles/htdocs/Project (Laravel)/phplaravel/Module_03/vendor/laravel/framework/src/Illuminate/Pipeline/Pipeline.php(144): Illuminate\\Foundation\\Http\\Kernel->Illuminate\\Foundation\\Http\\{closure}(Object(Illuminate\\Http\\Request))
#31 /Applications/XAMPP/xamppfiles/htdocs/Project (Laravel)/phplaravel/Module_03/vendor/laravel/framework/src/Illuminate/Foundation/Http/Middleware/TransformsRequest.php(21): Illuminate\\Pipeline\\Pipeline->Illuminate\\Pipeline\\{closure}(Object(Illuminate\\Http\\Request))
#32 /Applications/XAMPP/xamppfiles/htdocs/Project (Laravel)/phplaravel/Module_03/vendor/laravel/framework/src/Illuminate/Foundation/Http/Middleware/ConvertEmptyStringsToNull.php(31): Illuminate\\Foundation\\Http\\Middleware\\TransformsRequest->handle(Object(Illuminate\\Http\\Request), Object(Closure))
#33 /Applications/XAMPP/xamppfiles/htdocs/Project (Laravel)/phplaravel/Module_03/vendor/laravel/framework/src/Illuminate/Pipeline/Pipeline.php(183): Illuminate\\Foundation\\Http\\Middleware\\ConvertEmptyStringsToNull->handle(Object(Illuminate\\Http\\Request), Object(Closure))
#34 /Applications/XAMPP/xamppfiles/htdocs/Project (Laravel)/phplaravel/Module_03/vendor/laravel/framework/src/Illuminate/Foundation/Http/Middleware/TransformsRequest.php(21): Illuminate\\Pipeline\\Pipeline->Illuminate\\Pipeline\\{closure}(Object(Illuminate\\Http\\Request))
#35 /Applications/XAMPP/xamppfiles/htdocs/Project (Laravel)/phplaravel/Module_03/vendor/laravel/framework/src/Illuminate/Foundation/Http/Middleware/TrimStrings.php(51): Illuminate\\Foundation\\Http\\Middleware\\TransformsRequest->handle(Object(Illuminate\\Http\\Request), Object(Closure))
#36 /Applications/XAMPP/xamppfiles/htdocs/Project (Laravel)/phplaravel/Module_03/vendor/laravel/framework/src/Illuminate/Pipeline/Pipeline.php(183): Illuminate\\Foundation\\Http\\Middleware\\TrimStrings->handle(Object(Illuminate\\Http\\Request), Object(Closure))
#37 /Applications/XAMPP/xamppfiles/htdocs/Project (Laravel)/phplaravel/Module_03/vendor/laravel/framework/src/Illuminate/Http/Middleware/ValidatePostSize.php(27): Illuminate\\Pipeline\\Pipeline->Illuminate\\Pipeline\\{closure}(Object(Illuminate\\Http\\Request))
#38 /Applications/XAMPP/xamppfiles/htdocs/Project (Laravel)/phplaravel/Module_03/vendor/laravel/framework/src/Illuminate/Pipeline/Pipeline.php(183): Illuminate\\Http\\Middleware\\ValidatePostSize->handle(Object(Illuminate\\Http\\Request), Object(Closure))
#39 /Applications/XAMPP/xamppfiles/htdocs/Project (Laravel)/phplaravel/Module_03/vendor/laravel/framework/src/Illuminate/Foundation/Http/Middleware/PreventRequestsDuringMaintenance.php(110): Illuminate\\Pipeline\\Pipeline->Illuminate\\Pipeline\\{closure}(Object(Illuminate\\Http\\Request))
#40 /Applications/XAMPP/xamppfiles/htdocs/Project (Laravel)/phplaravel/Module_03/vendor/laravel/framework/src/Illuminate/Pipeline/Pipeline.php(183): Illuminate\\Foundation\\Http\\Middleware\\PreventRequestsDuringMaintenance->handle(Object(Illuminate\\Http\\Request), Object(Closure))
#41 /Applications/XAMPP/xamppfiles/htdocs/Project (Laravel)/phplaravel/Module_03/vendor/laravel/framework/src/Illuminate/Http/Middleware/HandleCors.php(49): Illuminate\\Pipeline\\Pipeline->Illuminate\\Pipeline\\{closure}(Object(Illuminate\\Http\\Request))
#42 /Applications/XAMPP/xamppfiles/htdocs/Project (Laravel)/phplaravel/Module_03/vendor/laravel/framework/src/Illuminate/Pipeline/Pipeline.php(183): Illuminate\\Http\\Middleware\\HandleCors->handle(Object(Illuminate\\Http\\Request), Object(Closure))
#43 /Applications/XAMPP/xamppfiles/htdocs/Project (Laravel)/phplaravel/Module_03/vendor/laravel/framework/src/Illuminate/Http/Middleware/TrustProxies.php(58): Illuminate\\Pipeline\\Pipeline->Illuminate\\Pipeline\\{closure}(Object(Illuminate\\Http\\Request))
#44 /Applications/XAMPP/xamppfiles/htdocs/Project (Laravel)/phplaravel/Module_03/vendor/laravel/framework/src/Illuminate/Pipeline/Pipeline.php(183): Illuminate\\Http\\Middleware\\TrustProxies->handle(Object(Illuminate\\Http\\Request), Object(Closure))
#45 /Applications/XAMPP/xamppfiles/htdocs/Project (Laravel)/phplaravel/Module_03/vendor/laravel/framework/src/Illuminate/Foundation/Http/Middleware/InvokeDeferredCallbacks.php(22): Illuminate\\Pipeline\\Pipeline->Illuminate\\Pipeline\\{closure}(Object(Illuminate\\Http\\Request))
#46 /Applications/XAMPP/xamppfiles/htdocs/Project (Laravel)/phplaravel/Module_03/vendor/laravel/framework/src/Illuminate/Pipeline/Pipeline.php(183): Illuminate\\Foundation\\Http\\Middleware\\InvokeDeferredCallbacks->handle(Object(Illuminate\\Http\\Request), Object(Closure))
#47 /Applications/XAMPP/xamppfiles/htdocs/Project (Laravel)/phplaravel/Module_03/vendor/laravel/framework/src/Illuminate/Pipeline/Pipeline.php(119): Illuminate\\Pipeline\\Pipeline->Illuminate\\Pipeline\\{closure}(Object(Illuminate\\Http\\Request))
#48 /Applications/XAMPP/xamppfiles/htdocs/Project (Laravel)/phplaravel/Module_03/vendor/laravel/framework/src/Illuminate/Foundation/Http/Kernel.php(176): Illuminate\\Pipeline\\Pipeline->then(Object(Closure))
#49 /Applications/XAMPP/xamppfiles/htdocs/Project (Laravel)/phplaravel/Module_03/vendor/laravel/framework/src/Illuminate/Foundation/Http/Kernel.php(145): Illuminate\\Foundation\\Http\\Kernel->sendRequestThroughRouter(Object(Illuminate\\Http\\Request))
#50 /Applications/XAMPP/xamppfiles/htdocs/Project (Laravel)/phplaravel/Module_03/vendor/laravel/framework/src/Illuminate/Foundation/Application.php(1188): Illuminate\\Foundation\\Http\\Kernel->handle(Object(Illuminate\\Http\\Request))
#51 /Applications/XAMPP/xamppfiles/htdocs/Project (Laravel)/phplaravel/Module_03/public/index.php(17): Illuminate\\Foundation\\Application->handleRequest(Object(Illuminate\\Http\\Request))
#52 /Applications/XAMPP/xamppfiles/htdocs/Project (Laravel)/phplaravel/Module_03/vendor/laravel/framework/src/Illuminate/Foundation/resources/server.php(23): require_once('/Applications/X...')
#53 {main}
"} 
[2024-09-21 23:17:08] local.ERROR: SQLSTATE[23000]: Integrity constraint violation: 1062 Duplicate entry 'ivan@example.com' for key 'employees_email_unique' (Connection: mysql, SQL: insert into `employees` (`first_name`, `last_name`, `email`, `updated_at`, `created_at`) values (Иван, Иванов, ivan@example.com, 2024-09-21 23:17:08, 2024-09-21 23:17:08)) {"exception":"[object] (Illuminate\\Database\\UniqueConstraintViolationException(code: 23000): SQLSTATE[23000]: Integrity constraint violation: 1062 Duplicate entry 'ivan@example.com' for key 'employees_email_unique' (Connection: mysql, SQL: insert into `employees` (`first_name`, `last_name`, `email`, `updated_at`, `created_at`) values (Иван, Иванов, ivan@example.com, 2024-09-21 23:17:08, 2024-09-21 23:17:08)) at /Applications/XAMPP/xamppfiles/htdocs/Project (Laravel)/phplaravel/Module_03/vendor/laravel/framework/src/Illuminate/Database/Connection.php:820)
[stacktrace]
#0 /Applications/XAMPP/xamppfiles/htdocs/Project (Laravel)/phplaravel/Module_03/vendor/laravel/framework/src/Illuminate/Database/Connection.php(779): Illuminate\\Database\\Connection->runQueryCallback('insert into `em...', Array, Object(Closure))
#1 /Applications/XAMPP/xamppfiles/htdocs/Project (Laravel)/phplaravel/Module_03/vendor/laravel/framework/src/Illuminate/Database/MySqlConnection.php(42): Illuminate\\Database\\Connection->run('insert into `em...', Array, Object(Closure))
#2 /Applications/XAMPP/xamppfiles/htdocs/Project (Laravel)/phplaravel/Module_03/vendor/laravel/framework/src/Illuminate/Database/Query/Processors/MySqlProcessor.php(35): Illuminate\\Database\\MySqlConnection->insert('insert into `em...', Array, 'id')
#3 /Applications/XAMPP/xamppfiles/htdocs/Project (Laravel)/phplaravel/Module_03/vendor/laravel/framework/src/Illuminate/Database/Query/Builder.php(3796): Illuminate\\Database\\Query\\Processors\\MySqlProcessor->processInsertGetId(Object(Illuminate\\Database\\Query\\Builder), 'insert into `em...', Array, 'id')
#4 /Applications/XAMPP/xamppfiles/htdocs/Project (Laravel)/phplaravel/Module_03/vendor/laravel/framework/src/Illuminate/Database/Eloquent/Builder.php(2038): Illuminate\\Database\\Query\\Builder->insertGetId(Array, 'id')
#5 /Applications/XAMPP/xamppfiles/htdocs/Project (Laravel)/phplaravel/Module_03/vendor/laravel/framework/src/Illuminate/Database/Eloquent/Model.php(1358): Illuminate\\Database\\Eloquent\\Builder->__call('insertGetId', Array)
#6 /Applications/XAMPP/xamppfiles/htdocs/Project (Laravel)/phplaravel/Module_03/vendor/laravel/framework/src/Illuminate/Database/Eloquent/Model.php(1323): Illuminate\\Database\\Eloquent\\Model->insertAndSetId(Object(Illuminate\\Database\\Eloquent\\Builder), Array)
#7 /Applications/XAMPP/xamppfiles/htdocs/Project (Laravel)/phplaravel/Module_03/vendor/laravel/framework/src/Illuminate/Database/Eloquent/Model.php(1162): Illuminate\\Database\\Eloquent\\Model->performInsert(Object(Illuminate\\Database\\Eloquent\\Builder))
#8 /Applications/XAMPP/xamppfiles/htdocs/Project (Laravel)/phplaravel/Module_03/routes/web.php(22): Illuminate\\Database\\Eloquent\\Model->save()
#9 /Applications/XAMPP/xamppfiles/htdocs/Project (Laravel)/phplaravel/Module_03/vendor/laravel/framework/src/Illuminate/Routing/CallableDispatcher.php(40): Illuminate\\Routing\\RouteFileRegistrar->{closure}()
#10 /Applications/XAMPP/xamppfiles/htdocs/Project (Laravel)/phplaravel/Module_03/vendor/laravel/framework/src/Illuminate/Routing/Route.php(240): Illuminate\\Routing\\CallableDispatcher->dispatch(Object(Illuminate\\Routing\\Route), Object(Closure))
#11 /Applications/XAMPP/xamppfiles/htdocs/Project (Laravel)/phplaravel/Module_03/vendor/laravel/framework/src/Illuminate/Routing/Route.php(211): Illuminate\\Routing\\Route->runCallable()
#12 /Applications/XAMPP/xamppfiles/htdocs/Project (Laravel)/phplaravel/Module_03/vendor/laravel/framework/src/Illuminate/Routing/Router.php(808): Illuminate\\Routing\\Route->run()
#13 /Applications/XAMPP/xamppfiles/htdocs/Project (Laravel)/phplaravel/Module_03/vendor/laravel/framework/src/Illuminate/Pipeline/Pipeline.php(144): Illuminate\\Routing\\Router->Illuminate\\Routing\\{closure}(Object(Illuminate\\Http\\Request))
#14 /Applications/XAMPP/xamppfiles/htdocs/Project (Laravel)/phplaravel/Module_03/vendor/laravel/framework/src/Illuminate/Routing/Middleware/SubstituteBindings.php(51): Illuminate\\Pipeline\\Pipeline->Illuminate\\Pipeline\\{closure}(Object(Illuminate\\Http\\Request))
#15 /Applications/XAMPP/xamppfiles/htdocs/Project (Laravel)/phplaravel/Module_03/vendor/laravel/framework/src/Illuminate/Pipeline/Pipeline.php(183): Illuminate\\Routing\\Middleware\\SubstituteBindings->handle(Object(Illuminate\\Http\\Request), Object(Closure))
#16 /Applications/XAMPP/xamppfiles/htdocs/Project (Laravel)/phplaravel/Module_03/vendor/laravel/framework/src/Illuminate/Foundation/Http/Middleware/VerifyCsrfToken.php(88): Illuminate\\Pipeline\\Pipeline->Illuminate\\Pipeline\\{closure}(Object(Illuminate\\Http\\Request))
#17 /Applications/XAMPP/xamppfiles/htdocs/Project (Laravel)/phplaravel/Module_03/vendor/laravel/framework/src/Illuminate/Pipeline/Pipeline.php(183): Illuminate\\Foundation\\Http\\Middleware\\VerifyCsrfToken->handle(Object(Illuminate\\Http\\Request), Object(Closure))
#18 /Applications/XAMPP/xamppfiles/htdocs/Project (Laravel)/phplaravel/Module_03/vendor/laravel/framework/src/Illuminate/View/Middleware/ShareErrorsFromSession.php(49): Illuminate\\Pipeline\\Pipeline->Illuminate\\Pipeline\\{closure}(Object(Illuminate\\Http\\Request))
#19 /Applications/XAMPP/xamppfiles/htdocs/Project (Laravel)/phplaravel/Module_03/vendor/laravel/framework/src/Illuminate/Pipeline/Pipeline.php(183): Illuminate\\View\\Middleware\\ShareErrorsFromSession->handle(Object(Illuminate\\Http\\Request), Object(Closure))
#20 /Applications/XAMPP/xamppfiles/htdocs/Project (Laravel)/phplaravel/Module_03/vendor/laravel/framework/src/Illuminate/Session/Middleware/StartSession.php(121): Illuminate\\Pipeline\\Pipeline->Illuminate\\Pipeline\\{closure}(Object(Illuminate\\Http\\Request))
#21 /Applications/XAMPP/xamppfiles/htdocs/Project (Laravel)/phplaravel/Module_03/vendor/laravel/framework/src/Illuminate/Session/Middleware/StartSession.php(64): Illuminate\\Session\\Middleware\\StartSession->handleStatefulRequest(Object(Illuminate\\Http\\Request), Object(Illuminate\\Session\\Store), Object(Closure))
#22 /Applications/XAMPP/xamppfiles/htdocs/Project (Laravel)/phplaravel/Module_03/vendor/laravel/framework/src/Illuminate/Pipeline/Pipeline.php(183): Illuminate\\Session\\Middleware\\StartSession->handle(Object(Illuminate\\Http\\Request), Object(Closure))
#23 /Applications/XAMPP/xamppfiles/htdocs/Project (Laravel)/phplaravel/Module_03/vendor/laravel/framework/src/Illuminate/Cookie/Middleware/AddQueuedCookiesToResponse.php(37): Illuminate\\Pipeline\\Pipeline->Illuminate\\Pipeline\\{closure}(Object(Illuminate\\Http\\Request))
#24 /Applications/XAMPP/xamppfiles/htdocs/Project (Laravel)/phplaravel/Module_03/vendor/laravel/framework/src/Illuminate/Pipeline/Pipeline.php(183): Illuminate\\Cookie\\Middleware\\AddQueuedCookiesToResponse->handle(Object(Illuminate\\Http\\Request), Object(Closure))
#25 /Applications/XAMPP/xamppfiles/htdocs/Project (Laravel)/phplaravel/Module_03/vendor/laravel/framework/src/Illuminate/Cookie/Middleware/EncryptCookies.php(75): Illuminate\\Pipeline\\Pipeline->Illuminate\\Pipeline\\{closure}(Object(Illuminate\\Http\\Request))
#26 /Applications/XAMPP/xamppfiles/htdocs/Project (Laravel)/phplaravel/Module_03/vendor/laravel/framework/src/Illuminate/Pipeline/Pipeline.php(183): Illuminate\\Cookie\\Middleware\\EncryptCookies->handle(Object(Illuminate\\Http\\Request), Object(Closure))
#27 /Applications/XAMPP/xamppfiles/htdocs/Project (Laravel)/phplaravel/Module_03/vendor/laravel/framework/src/Illuminate/Pipeline/Pipeline.php(119): Illuminate\\Pipeline\\Pipeline->Illuminate\\Pipeline\\{closure}(Object(Illuminate\\Http\\Request))
#28 /Applications/XAMPP/xamppfiles/htdocs/Project (Laravel)/phplaravel/Module_03/vendor/laravel/framework/src/Illuminate/Routing/Router.php(807): Illuminate\\Pipeline\\Pipeline->then(Object(Closure))
#29 /Applications/XAMPP/xamppfiles/htdocs/Project (Laravel)/phplaravel/Module_03/vendor/laravel/framework/src/Illuminate/Routing/Router.php(786): Illuminate\\Routing\\Router->runRouteWithinStack(Object(Illuminate\\Routing\\Route), Object(Illuminate\\Http\\Request))
#30 /Applications/XAMPP/xamppfiles/htdocs/Project (Laravel)/phplaravel/Module_03/vendor/laravel/framework/src/Illuminate/Routing/Router.php(750): Illuminate\\Routing\\Router->runRoute(Object(Illuminate\\Http\\Request), Object(Illuminate\\Routing\\Route))
#31 /Applications/XAMPP/xamppfiles/htdocs/Project (Laravel)/phplaravel/Module_03/vendor/laravel/framework/src/Illuminate/Routing/Router.php(739): Illuminate\\Routing\\Router->dispatchToRoute(Object(Illuminate\\Http\\Request))
#32 /Applications/XAMPP/xamppfiles/htdocs/Project (Laravel)/phplaravel/Module_03/vendor/laravel/framework/src/Illuminate/Foundation/Http/Kernel.php(201): Illuminate\\Routing\\Router->dispatch(Object(Illuminate\\Http\\Request))
#33 /Applications/XAMPP/xamppfiles/htdocs/Project (Laravel)/phplaravel/Module_03/vendor/laravel/framework/src/Illuminate/Pipeline/Pipeline.php(144): Illuminate\\Foundation\\Http\\Kernel->Illuminate\\Foundation\\Http\\{closure}(Object(Illuminate\\Http\\Request))
#34 /Applications/XAMPP/xamppfiles/htdocs/Project (Laravel)/phplaravel/Module_03/vendor/laravel/framework/src/Illuminate/Foundation/Http/Middleware/TransformsRequest.php(21): Illuminate\\Pipeline\\Pipeline->Illuminate\\Pipeline\\{closure}(Object(Illuminate\\Http\\Request))
#35 /Applications/XAMPP/xamppfiles/htdocs/Project (Laravel)/phplaravel/Module_03/vendor/laravel/framework/src/Illuminate/Foundation/Http/Middleware/ConvertEmptyStringsToNull.php(31): Illuminate\\Foundation\\Http\\Middleware\\TransformsRequest->handle(Object(Illuminate\\Http\\Request), Object(Closure))
#36 /Applications/XAMPP/xamppfiles/htdocs/Project (Laravel)/phplaravel/Module_03/vendor/laravel/framework/src/Illuminate/Pipeline/Pipeline.php(183): Illuminate\\Foundation\\Http\\Middleware\\ConvertEmptyStringsToNull->handle(Object(Illuminate\\Http\\Request), Object(Closure))
#37 /Applications/XAMPP/xamppfiles/htdocs/Project (Laravel)/phplaravel/Module_03/vendor/laravel/framework/src/Illuminate/Foundation/Http/Middleware/TransformsRequest.php(21): Illuminate\\Pipeline\\Pipeline->Illuminate\\Pipeline\\{closure}(Object(Illuminate\\Http\\Request))
#38 /Applications/XAMPP/xamppfiles/htdocs/Project (Laravel)/phplaravel/Module_03/vendor/laravel/framework/src/Illuminate/Foundation/Http/Middleware/TrimStrings.php(51): Illuminate\\Foundation\\Http\\Middleware\\TransformsRequest->handle(Object(Illuminate\\Http\\Request), Object(Closure))
#39 /Applications/XAMPP/xamppfiles/htdocs/Project (Laravel)/phplaravel/Module_03/vendor/laravel/framework/src/Illuminate/Pipeline/Pipeline.php(183): Illuminate\\Foundation\\Http\\Middleware\\TrimStrings->handle(Object(Illuminate\\Http\\Request), Object(Closure))
#40 /Applications/XAMPP/xamppfiles/htdocs/Project (Laravel)/phplaravel/Module_03/vendor/laravel/framework/src/Illuminate/Http/Middleware/ValidatePostSize.php(27): Illuminate\\Pipeline\\Pipeline->Illuminate\\Pipeline\\{closure}(Object(Illuminate\\Http\\Request))
#41 /Applications/XAMPP/xamppfiles/htdocs/Project (Laravel)/phplaravel/Module_03/vendor/laravel/framework/src/Illuminate/Pipeline/Pipeline.php(183): Illuminate\\Http\\Middleware\\ValidatePostSize->handle(Object(Illuminate\\Http\\Request), Object(Closure))
#42 /Applications/XAMPP/xamppfiles/htdocs/Project (Laravel)/phplaravel/Module_03/vendor/laravel/framework/src/Illuminate/Foundation/Http/Middleware/PreventRequestsDuringMaintenance.php(110): Illuminate\\Pipeline\\Pipeline->Illuminate\\Pipeline\\{closure}(Object(Illuminate\\Http\\Request))
#43 /Applications/XAMPP/xamppfiles/htdocs/Project (Laravel)/phplaravel/Module_03/vendor/laravel/framework/src/Illuminate/Pipeline/Pipeline.php(183): Illuminate\\Foundation\\Http\\Middleware\\PreventRequestsDuringMaintenance->handle(Object(Illuminate\\Http\\Request), Object(Closure))
#44 /Applications/XAMPP/xamppfiles/htdocs/Project (Laravel)/phplaravel/Module_03/vendor/laravel/framework/src/Illuminate/Http/Middleware/HandleCors.php(49): Illuminate\\Pipeline\\Pipeline->Illuminate\\Pipeline\\{closure}(Object(Illuminate\\Http\\Request))
#45 /Applications/XAMPP/xamppfiles/htdocs/Project (Laravel)/phplaravel/Module_03/vendor/laravel/framework/src/Illuminate/Pipeline/Pipeline.php(183): Illuminate\\Http\\Middleware\\HandleCors->handle(Object(Illuminate\\Http\\Request), Object(Closure))
#46 /Applications/XAMPP/xamppfiles/htdocs/Project (Laravel)/phplaravel/Module_03/vendor/laravel/framework/src/Illuminate/Http/Middleware/TrustProxies.php(58): Illuminate\\Pipeline\\Pipeline->Illuminate\\Pipeline\\{closure}(Object(Illuminate\\Http\\Request))
#47 /Applications/XAMPP/xamppfiles/htdocs/Project (Laravel)/phplaravel/Module_03/vendor/laravel/framework/src/Illuminate/Pipeline/Pipeline.php(183): Illuminate\\Http\\Middleware\\TrustProxies->handle(Object(Illuminate\\Http\\Request), Object(Closure))
#48 /Applications/XAMPP/xamppfiles/htdocs/Project (Laravel)/phplaravel/Module_03/vendor/laravel/framework/src/Illuminate/Foundation/Http/Middleware/InvokeDeferredCallbacks.php(22): Illuminate\\Pipeline\\Pipeline->Illuminate\\Pipeline\\{closure}(Object(Illuminate\\Http\\Request))
#49 /Applications/XAMPP/xamppfiles/htdocs/Project (Laravel)/phplaravel/Module_03/vendor/laravel/framework/src/Illuminate/Pipeline/Pipeline.php(183): Illuminate\\Foundation\\Http\\Middleware\\InvokeDeferredCallbacks->handle(Object(Illuminate\\Http\\Request), Object(Closure))
#50 /Applications/XAMPP/xamppfiles/htdocs/Project (Laravel)/phplaravel/Module_03/vendor/laravel/framework/src/Illuminate/Pipeline/Pipeline.php(119): Illuminate\\Pipeline\\Pipeline->Illuminate\\Pipeline\\{closure}(Object(Illuminate\\Http\\Request))
#51 /Applications/XAMPP/xamppfiles/htdocs/Project (Laravel)/phplaravel/Module_03/vendor/laravel/framework/src/Illuminate/Foundation/Http/Kernel.php(176): Illuminate\\Pipeline\\Pipeline->then(Object(Closure))
#52 /Applications/XAMPP/xamppfiles/htdocs/Project (Laravel)/phplaravel/Module_03/vendor/laravel/framework/src/Illuminate/Foundation/Http/Kernel.php(145): Illuminate\\Foundation\\Http\\Kernel->sendRequestThroughRouter(Object(Illuminate\\Http\\Request))
#53 /Applications/XAMPP/xamppfiles/htdocs/Project (Laravel)/phplaravel/Module_03/vendor/laravel/framework/src/Illuminate/Foundation/Application.php(1188): Illuminate\\Foundation\\Http\\Kernel->handle(Object(Illuminate\\Http\\Request))
#54 /Applications/XAMPP/xamppfiles/htdocs/Project (Laravel)/phplaravel/Module_03/public/index.php(17): Illuminate\\Foundation\\Application->handleRequest(Object(Illuminate\\Http\\Request))
#55 /Applications/XAMPP/xamppfiles/htdocs/Project (Laravel)/phplaravel/Module_03/vendor/laravel/framework/src/Illuminate/Foundation/resources/server.php(23): require_once('/Applications/X...')
#56 {main}

[previous exception] [object] (PDOException(code: 23000): SQLSTATE[23000]: Integrity constraint violation: 1062 Duplicate entry 'ivan@example.com' for key 'employees_email_unique' at /Applications/XAMPP/xamppfiles/htdocs/Project (Laravel)/phplaravel/Module_03/vendor/laravel/framework/src/Illuminate/Database/MySqlConnection.php:53)
[stacktrace]
#0 /Applications/XAMPP/xamppfiles/htdocs/Project (Laravel)/phplaravel/Module_03/vendor/laravel/framework/src/Illuminate/Database/MySqlConnection.php(53): PDOStatement->execute()
#1 /Applications/XAMPP/xamppfiles/htdocs/Project (Laravel)/phplaravel/Module_03/vendor/laravel/framework/src/Illuminate/Database/Connection.php(812): Illuminate\\Database\\MySqlConnection->Illuminate\\Database\\{closure}('insert into `em...', Array)
#2 /Applications/XAMPP/xamppfiles/htdocs/Project (Laravel)/phplaravel/Module_03/vendor/laravel/framework/src/Illuminate/Database/Connection.php(779): Illuminate\\Database\\Connection->runQueryCallback('insert into `em...', Array, Object(Closure))
#3 /Applications/XAMPP/xamppfiles/htdocs/Project (Laravel)/phplaravel/Module_03/vendor/laravel/framework/src/Illuminate/Database/MySqlConnection.php(42): Illuminate\\Database\\Connection->run('insert into `em...', Array, Object(Closure))
#4 /Applications/XAMPP/xamppfiles/htdocs/Project (Laravel)/phplaravel/Module_03/vendor/laravel/framework/src/Illuminate/Database/Query/Processors/MySqlProcessor.php(35): Illuminate\\Database\\MySqlConnection->insert('insert into `em...', Array, 'id')
#5 /Applications/XAMPP/xamppfiles/htdocs/Project (Laravel)/phplaravel/Module_03/vendor/laravel/framework/src/Illuminate/Database/Query/Builder.php(3796): Illuminate\\Database\\Query\\Processors\\MySqlProcessor->processInsertGetId(Object(Illuminate\\Database\\Query\\Builder), 'insert into `em...', Array, 'id')
#6 /Applications/XAMPP/xamppfiles/htdocs/Project (Laravel)/phplaravel/Module_03/vendor/laravel/framework/src/Illuminate/Database/Eloquent/Builder.php(2038): Illuminate\\Database\\Query\\Builder->insertGetId(Array, 'id')
#7 /Applications/XAMPP/xamppfiles/htdocs/Project (Laravel)/phplaravel/Module_03/vendor/laravel/framework/src/Illuminate/Database/Eloquent/Model.php(1358): Illuminate\\Database\\Eloquent\\Builder->__call('insertGetId', Array)
#8 /Applications/XAMPP/xamppfiles/htdocs/Project (Laravel)/phplaravel/Module_03/vendor/laravel/framework/src/Illuminate/Database/Eloquent/Model.php(1323): Illuminate\\Database\\Eloquent\\Model->insertAndSetId(Object(Illuminate\\Database\\Eloquent\\Builder), Array)
#9 /Applications/XAMPP/xamppfiles/htdocs/Project (Laravel)/phplaravel/Module_03/vendor/laravel/framework/src/Illuminate/Database/Eloquent/Model.php(1162): Illuminate\\Database\\Eloquent\\Model->performInsert(Object(Illuminate\\Database\\Eloquent\\Builder))
#10 /Applications/XAMPP/xamppfiles/htdocs/Project (Laravel)/phplaravel/Module_03/routes/web.php(22): Illuminate\\Database\\Eloquent\\Model->save()
#11 /Applications/XAMPP/xamppfiles/htdocs/Project (Laravel)/phplaravel/Module_03/vendor/laravel/framework/src/Illuminate/Routing/CallableDispatcher.php(40): Illuminate\\Routing\\RouteFileRegistrar->{closure}()
#12 /Applications/XAMPP/xamppfiles/htdocs/Project (Laravel)/phplaravel/Module_03/vendor/laravel/framework/src/Illuminate/Routing/Route.php(240): Illuminate\\Routing\\CallableDispatcher->dispatch(Object(Illuminate\\Routing\\Route), Object(Closure))
#13 /Applications/XAMPP/xamppfiles/htdocs/Project (Laravel)/phplaravel/Module_03/vendor/laravel/framework/src/Illuminate/Routing/Route.php(211): Illuminate\\Routing\\Route->runCallable()
#14 /Applications/XAMPP/xamppfiles/htdocs/Project (Laravel)/phplaravel/Module_03/vendor/laravel/framework/src/Illuminate/Routing/Router.php(808): Illuminate\\Routing\\Route->run()
#15 /Applications/XAMPP/xamppfiles/htdocs/Project (Laravel)/phplaravel/Module_03/vendor/laravel/framework/src/Illuminate/Pipeline/Pipeline.php(144): Illuminate\\Routing\\Router->Illuminate\\Routing\\{closure}(Object(Illuminate\\Http\\Request))
#16 /Applications/XAMPP/xamppfiles/htdocs/Project (Laravel)/phplaravel/Module_03/vendor/laravel/framework/src/Illuminate/Routing/Middleware/SubstituteBindings.php(51): Illuminate\\Pipeline\\Pipeline->Illuminate\\Pipeline\\{closure}(Object(Illuminate\\Http\\Request))
#17 /Applications/XAMPP/xamppfiles/htdocs/Project (Laravel)/phplaravel/Module_03/vendor/laravel/framework/src/Illuminate/Pipeline/Pipeline.php(183): Illuminate\\Routing\\Middleware\\SubstituteBindings->handle(Object(Illuminate\\Http\\Request), Object(Closure))
#18 /Applications/XAMPP/xamppfiles/htdocs/Project (Laravel)/phplaravel/Module_03/vendor/laravel/framework/src/Illuminate/Foundation/Http/Middleware/VerifyCsrfToken.php(88): Illuminate\\Pipeline\\Pipeline->Illuminate\\Pipeline\\{closure}(Object(Illuminate\\Http\\Request))
#19 /Applications/XAMPP/xamppfiles/htdocs/Project (Laravel)/phplaravel/Module_03/vendor/laravel/framework/src/Illuminate/Pipeline/Pipeline.php(183): Illuminate\\Foundation\\Http\\Middleware\\VerifyCsrfToken->handle(Object(Illuminate\\Http\\Request), Object(Closure))
#20 /Applications/XAMPP/xamppfiles/htdocs/Project (Laravel)/phplaravel/Module_03/vendor/laravel/framework/src/Illuminate/View/Middleware/ShareErrorsFromSession.php(49): Illuminate\\Pipeline\\Pipeline->Illuminate\\Pipeline\\{closure}(Object(Illuminate\\Http\\Request))
#21 /Applications/XAMPP/xamppfiles/htdocs/Project (Laravel)/phplaravel/Module_03/vendor/laravel/framework/src/Illuminate/Pipeline/Pipeline.php(183): Illuminate\\View\\Middleware\\ShareErrorsFromSession->handle(Object(Illuminate\\Http\\Request), Object(Closure))
#22 /Applications/XAMPP/xamppfiles/htdocs/Project (Laravel)/phplaravel/Module_03/vendor/laravel/framework/src/Illuminate/Session/Middleware/StartSession.php(121): Illuminate\\Pipeline\\Pipeline->Illuminate\\Pipeline\\{closure}(Object(Illuminate\\Http\\Request))
#23 /Applications/XAMPP/xamppfiles/htdocs/Project (Laravel)/phplaravel/Module_03/vendor/laravel/framework/src/Illuminate/Session/Middleware/StartSession.php(64): Illuminate\\Session\\Middleware\\StartSession->handleStatefulRequest(Object(Illuminate\\Http\\Request), Object(Illuminate\\Session\\Store), Object(Closure))
#24 /Applications/XAMPP/xamppfiles/htdocs/Project (Laravel)/phplaravel/Module_03/vendor/laravel/framework/src/Illuminate/Pipeline/Pipeline.php(183): Illuminate\\Session\\Middleware\\StartSession->handle(Object(Illuminate\\Http\\Request), Object(Closure))
#25 /Applications/XAMPP/xamppfiles/htdocs/Project (Laravel)/phplaravel/Module_03/vendor/laravel/framework/src/Illuminate/Cookie/Middleware/AddQueuedCookiesToResponse.php(37): Illuminate\\Pipeline\\Pipeline->Illuminate\\Pipeline\\{closure}(Object(Illuminate\\Http\\Request))
#26 /Applications/XAMPP/xamppfiles/htdocs/Project (Laravel)/phplaravel/Module_03/vendor/laravel/framework/src/Illuminate/Pipeline/Pipeline.php(183): Illuminate\\Cookie\\Middleware\\AddQueuedCookiesToResponse->handle(Object(Illuminate\\Http\\Request), Object(Closure))
#27 /Applications/XAMPP/xamppfiles/htdocs/Project (Laravel)/phplaravel/Module_03/vendor/laravel/framework/src/Illuminate/Cookie/Middleware/EncryptCookies.php(75): Illuminate\\Pipeline\\Pipeline->Illuminate\\Pipeline\\{closure}(Object(Illuminate\\Http\\Request))
#28 /Applications/XAMPP/xamppfiles/htdocs/Project (Laravel)/phplaravel/Module_03/vendor/laravel/framework/src/Illuminate/Pipeline/Pipeline.php(183): Illuminate\\Cookie\\Middleware\\EncryptCookies->handle(Object(Illuminate\\Http\\Request), Object(Closure))
#29 /Applications/XAMPP/xamppfiles/htdocs/Project (Laravel)/phplaravel/Module_03/vendor/laravel/framework/src/Illuminate/Pipeline/Pipeline.php(119): Illuminate\\Pipeline\\Pipeline->Illuminate\\Pipeline\\{closure}(Object(Illuminate\\Http\\Request))
#30 /Applications/XAMPP/xamppfiles/htdocs/Project (Laravel)/phplaravel/Module_03/vendor/laravel/framework/src/Illuminate/Routing/Router.php(807): Illuminate\\Pipeline\\Pipeline->then(Object(Closure))
#31 /Applications/XAMPP/xamppfiles/htdocs/Project (Laravel)/phplaravel/Module_03/vendor/laravel/framework/src/Illuminate/Routing/Router.php(786): Illuminate\\Routing\\Router->runRouteWithinStack(Object(Illuminate\\Routing\\Route), Object(Illuminate\\Http\\Request))
#32 /Applications/XAMPP/xamppfiles/htdocs/Project (Laravel)/phplaravel/Module_03/vendor/laravel/framework/src/Illuminate/Routing/Router.php(750): Illuminate\\Routing\\Router->runRoute(Object(Illuminate\\Http\\Request), Object(Illuminate\\Routing\\Route))
#33 /Applications/XAMPP/xamppfiles/htdocs/Project (Laravel)/phplaravel/Module_03/vendor/laravel/framework/src/Illuminate/Routing/Router.php(739): Illuminate\\Routing\\Router->dispatchToRoute(Object(Illuminate\\Http\\Request))
#34 /Applications/XAMPP/xamppfiles/htdocs/Project (Laravel)/phplaravel/Module_03/vendor/laravel/framework/src/Illuminate/Foundation/Http/Kernel.php(201): Illuminate\\Routing\\Router->dispatch(Object(Illuminate\\Http\\Request))
#35 /Applications/XAMPP/xamppfiles/htdocs/Project (Laravel)/phplaravel/Module_03/vendor/laravel/framework/src/Illuminate/Pipeline/Pipeline.php(144): Illuminate\\Foundation\\Http\\Kernel->Illuminate\\Foundation\\Http\\{closure}(Object(Illuminate\\Http\\Request))
#36 /Applications/XAMPP/xamppfiles/htdocs/Project (Laravel)/phplaravel/Module_03/vendor/laravel/framework/src/Illuminate/Foundation/Http/Middleware/TransformsRequest.php(21): Illuminate\\Pipeline\\Pipeline->Illuminate\\Pipeline\\{closure}(Object(Illuminate\\Http\\Request))
#37 /Applications/XAMPP/xamppfiles/htdocs/Project (Laravel)/phplaravel/Module_03/vendor/laravel/framework/src/Illuminate/Foundation/Http/Middleware/ConvertEmptyStringsToNull.php(31): Illuminate\\Foundation\\Http\\Middleware\\TransformsRequest->handle(Object(Illuminate\\Http\\Request), Object(Closure))
#38 /Applications/XAMPP/xamppfiles/htdocs/Project (Laravel)/phplaravel/Module_03/vendor/laravel/framework/src/Illuminate/Pipeline/Pipeline.php(183): Illuminate\\Foundation\\Http\\Middleware\\ConvertEmptyStringsToNull->handle(Object(Illuminate\\Http\\Request), Object(Closure))
#39 /Applications/XAMPP/xamppfiles/htdocs/Project (Laravel)/phplaravel/Module_03/vendor/laravel/framework/src/Illuminate/Foundation/Http/Middleware/TransformsRequest.php(21): Illuminate\\Pipeline\\Pipeline->Illuminate\\Pipeline\\{closure}(Object(Illuminate\\Http\\Request))
#40 /Applications/XAMPP/xamppfiles/htdocs/Project (Laravel)/phplaravel/Module_03/vendor/laravel/framework/src/Illuminate/Foundation/Http/Middleware/TrimStrings.php(51): Illuminate\\Foundation\\Http\\Middleware\\TransformsRequest->handle(Object(Illuminate\\Http\\Request), Object(Closure))
#41 /Applications/XAMPP/xamppfiles/htdocs/Project (Laravel)/phplaravel/Module_03/vendor/laravel/framework/src/Illuminate/Pipeline/Pipeline.php(183): Illuminate\\Foundation\\Http\\Middleware\\TrimStrings->handle(Object(Illuminate\\Http\\Request), Object(Closure))
#42 /Applications/XAMPP/xamppfiles/htdocs/Project (Laravel)/phplaravel/Module_03/vendor/laravel/framework/src/Illuminate/Http/Middleware/ValidatePostSize.php(27): Illuminate\\Pipeline\\Pipeline->Illuminate\\Pipeline\\{closure}(Object(Illuminate\\Http\\Request))
#43 /Applications/XAMPP/xamppfiles/htdocs/Project (Laravel)/phplaravel/Module_03/vendor/laravel/framework/src/Illuminate/Pipeline/Pipeline.php(183): Illuminate\\Http\\Middleware\\ValidatePostSize->handle(Object(Illuminate\\Http\\Request), Object(Closure))
#44 /Applications/XAMPP/xamppfiles/htdocs/Project (Laravel)/phplaravel/Module_03/vendor/laravel/framework/src/Illuminate/Foundation/Http/Middleware/PreventRequestsDuringMaintenance.php(110): Illuminate\\Pipeline\\Pipeline->Illuminate\\Pipeline\\{closure}(Object(Illuminate\\Http\\Request))
#45 /Applications/XAMPP/xamppfiles/htdocs/Project (Laravel)/phplaravel/Module_03/vendor/laravel/framework/src/Illuminate/Pipeline/Pipeline.php(183): Illuminate\\Foundation\\Http\\Middleware\\PreventRequestsDuringMaintenance->handle(Object(Illuminate\\Http\\Request), Object(Closure))
#46 /Applications/XAMPP/xamppfiles/htdocs/Project (Laravel)/phplaravel/Module_03/vendor/laravel/framework/src/Illuminate/Http/Middleware/HandleCors.php(49): Illuminate\\Pipeline\\Pipeline->Illuminate\\Pipeline\\{closure}(Object(Illuminate\\Http\\Request))
#47 /Applications/XAMPP/xamppfiles/htdocs/Project (Laravel)/phplaravel/Module_03/vendor/laravel/framework/src/Illuminate/Pipeline/Pipeline.php(183): Illuminate\\Http\\Middleware\\HandleCors->handle(Object(Illuminate\\Http\\Request), Object(Closure))
#48 /Applications/XAMPP/xamppfiles/htdocs/Project (Laravel)/phplaravel/Module_03/vendor/laravel/framework/src/Illuminate/Http/Middleware/TrustProxies.php(58): Illuminate\\Pipeline\\Pipeline->Illuminate\\Pipeline\\{closure}(Object(Illuminate\\Http\\Request))
#49 /Applications/XAMPP/xamppfiles/htdocs/Project (Laravel)/phplaravel/Module_03/vendor/laravel/framework/src/Illuminate/Pipeline/Pipeline.php(183): Illuminate\\Http\\Middleware\\TrustProxies->handle(Object(Illuminate\\Http\\Request), Object(Closure))
#50 /Applications/XAMPP/xamppfiles/htdocs/Project (Laravel)/phplaravel/Module_03/vendor/laravel/framework/src/Illuminate/Foundation/Http/Middleware/InvokeDeferredCallbacks.php(22): Illuminate\\Pipeline\\Pipeline->Illuminate\\Pipeline\\{closure}(Object(Illuminate\\Http\\Request))
#51 /Applications/XAMPP/xamppfiles/htdocs/Project (Laravel)/phplaravel/Module_03/vendor/laravel/framework/src/Illuminate/Pipeline/Pipeline.php(183): Illuminate\\Foundation\\Http\\Middleware\\InvokeDeferredCallbacks->handle(Object(Illuminate\\Http\\Request), Object(Closure))
#52 /Applications/XAMPP/xamppfiles/htdocs/Project (Laravel)/phplaravel/Module_03/vendor/laravel/framework/src/Illuminate/Pipeline/Pipeline.php(119): Illuminate\\Pipeline\\Pipeline->Illuminate\\Pipeline\\{closure}(Object(Illuminate\\Http\\Request))
#53 /Applications/XAMPP/xamppfiles/htdocs/Project (Laravel)/phplaravel/Module_03/vendor/laravel/framework/src/Illuminate/Foundation/Http/Kernel.php(176): Illuminate\\Pipeline\\Pipeline->then(Object(Closure))
#54 /Applications/XAMPP/xamppfiles/htdocs/Project (Laravel)/phplaravel/Module_03/vendor/laravel/framework/src/Illuminate/Foundation/Http/Kernel.php(145): Illuminate\\Foundation\\Http\\Kernel->sendRequestThroughRouter(Object(Illuminate\\Http\\Request))
#55 /Applications/XAMPP/xamppfiles/htdocs/Project (Laravel)/phplaravel/Module_03/vendor/laravel/framework/src/Illuminate/Foundation/Application.php(1188): Illuminate\\Foundation\\Http\\Kernel->handle(Object(Illuminate\\Http\\Request))
#56 /Applications/XAMPP/xamppfiles/htdocs/Project (Laravel)/phplaravel/Module_03/public/index.php(17): Illuminate\\Foundation\\Application->handleRequest(Object(Illuminate\\Http\\Request))
#57 /Applications/XAMPP/xamppfiles/htdocs/Project (Laravel)/phplaravel/Module_03/vendor/laravel/framework/src/Illuminate/Foundation/resources/server.php(23): require_once('/Applications/X...')
#58 {main}
"} 
[2024-09-21 23:17:16] local.ERROR: SQLSTATE[23000]: Integrity constraint violation: 1062 Duplicate entry 'ivan@example.com' for key 'employees_email_unique' (Connection: mysql, SQL: insert into `employees` (`first_name`, `last_name`, `email`, `updated_at`, `created_at`) values (Иван, Иванов, ivan@example.com, 2024-09-21 23:17:16, 2024-09-21 23:17:16)) {"exception":"[object] (Illuminate\\Database\\UniqueConstraintViolationException(code: 23000): SQLSTATE[23000]: Integrity constraint violation: 1062 Duplicate entry 'ivan@example.com' for key 'employees_email_unique' (Connection: mysql, SQL: insert into `employees` (`first_name`, `last_name`, `email`, `updated_at`, `created_at`) values (Иван, Иванов, ivan@example.com, 2024-09-21 23:17:16, 2024-09-21 23:17:16)) at /Applications/XAMPP/xamppfiles/htdocs/Project (Laravel)/phplaravel/Module_03/vendor/laravel/framework/src/Illuminate/Database/Connection.php:820)
[stacktrace]
#0 /Applications/XAMPP/xamppfiles/htdocs/Project (Laravel)/phplaravel/Module_03/vendor/laravel/framework/src/Illuminate/Database/Connection.php(779): Illuminate\\Database\\Connection->runQueryCallback('insert into `em...', Array, Object(Closure))
#1 /Applications/XAMPP/xamppfiles/htdocs/Project (Laravel)/phplaravel/Module_03/vendor/laravel/framework/src/Illuminate/Database/MySqlConnection.php(42): Illuminate\\Database\\Connection->run('insert into `em...', Array, Object(Closure))
#2 /Applications/XAMPP/xamppfiles/htdocs/Project (Laravel)/phplaravel/Module_03/vendor/laravel/framework/src/Illuminate/Database/Query/Processors/MySqlProcessor.php(35): Illuminate\\Database\\MySqlConnection->insert('insert into `em...', Array, 'id')
#3 /Applications/XAMPP/xamppfiles/htdocs/Project (Laravel)/phplaravel/Module_03/vendor/laravel/framework/src/Illuminate/Database/Query/Builder.php(3796): Illuminate\\Database\\Query\\Processors\\MySqlProcessor->processInsertGetId(Object(Illuminate\\Database\\Query\\Builder), 'insert into `em...', Array, 'id')
#4 /Applications/XAMPP/xamppfiles/htdocs/Project (Laravel)/phplaravel/Module_03/vendor/laravel/framework/src/Illuminate/Database/Eloquent/Builder.php(2038): Illuminate\\Database\\Query\\Builder->insertGetId(Array, 'id')
#5 /Applications/XAMPP/xamppfiles/htdocs/Project (Laravel)/phplaravel/Module_03/vendor/laravel/framework/src/Illuminate/Database/Eloquent/Model.php(1358): Illuminate\\Database\\Eloquent\\Builder->__call('insertGetId', Array)
#6 /Applications/XAMPP/xamppfiles/htdocs/Project (Laravel)/phplaravel/Module_03/vendor/laravel/framework/src/Illuminate/Database/Eloquent/Model.php(1323): Illuminate\\Database\\Eloquent\\Model->insertAndSetId(Object(Illuminate\\Database\\Eloquent\\Builder), Array)
#7 /Applications/XAMPP/xamppfiles/htdocs/Project (Laravel)/phplaravel/Module_03/vendor/laravel/framework/src/Illuminate/Database/Eloquent/Model.php(1162): Illuminate\\Database\\Eloquent\\Model->performInsert(Object(Illuminate\\Database\\Eloquent\\Builder))
#8 /Applications/XAMPP/xamppfiles/htdocs/Project (Laravel)/phplaravel/Module_03/routes/web.php(22): Illuminate\\Database\\Eloquent\\Model->save()
#9 /Applications/XAMPP/xamppfiles/htdocs/Project (Laravel)/phplaravel/Module_03/vendor/laravel/framework/src/Illuminate/Routing/CallableDispatcher.php(40): Illuminate\\Routing\\RouteFileRegistrar->{closure}()
#10 /Applications/XAMPP/xamppfiles/htdocs/Project (Laravel)/phplaravel/Module_03/vendor/laravel/framework/src/Illuminate/Routing/Route.php(240): Illuminate\\Routing\\CallableDispatcher->dispatch(Object(Illuminate\\Routing\\Route), Object(Closure))
#11 /Applications/XAMPP/xamppfiles/htdocs/Project (Laravel)/phplaravel/Module_03/vendor/laravel/framework/src/Illuminate/Routing/Route.php(211): Illuminate\\Routing\\Route->runCallable()
#12 /Applications/XAMPP/xamppfiles/htdocs/Project (Laravel)/phplaravel/Module_03/vendor/laravel/framework/src/Illuminate/Routing/Router.php(808): Illuminate\\Routing\\Route->run()
#13 /Applications/XAMPP/xamppfiles/htdocs/Project (Laravel)/phplaravel/Module_03/vendor/laravel/framework/src/Illuminate/Pipeline/Pipeline.php(144): Illuminate\\Routing\\Router->Illuminate\\Routing\\{closure}(Object(Illuminate\\Http\\Request))
#14 /Applications/XAMPP/xamppfiles/htdocs/Project (Laravel)/phplaravel/Module_03/vendor/laravel/framework/src/Illuminate/Routing/Middleware/SubstituteBindings.php(51): Illuminate\\Pipeline\\Pipeline->Illuminate\\Pipeline\\{closure}(Object(Illuminate\\Http\\Request))
#15 /Applications/XAMPP/xamppfiles/htdocs/Project (Laravel)/phplaravel/Module_03/vendor/laravel/framework/src/Illuminate/Pipeline/Pipeline.php(183): Illuminate\\Routing\\Middleware\\SubstituteBindings->handle(Object(Illuminate\\Http\\Request), Object(Closure))
#16 /Applications/XAMPP/xamppfiles/htdocs/Project (Laravel)/phplaravel/Module_03/vendor/laravel/framework/src/Illuminate/Foundation/Http/Middleware/VerifyCsrfToken.php(88): Illuminate\\Pipeline\\Pipeline->Illuminate\\Pipeline\\{closure}(Object(Illuminate\\Http\\Request))
#17 /Applications/XAMPP/xamppfiles/htdocs/Project (Laravel)/phplaravel/Module_03/vendor/laravel/framework/src/Illuminate/Pipeline/Pipeline.php(183): Illuminate\\Foundation\\Http\\Middleware\\VerifyCsrfToken->handle(Object(Illuminate\\Http\\Request), Object(Closure))
#18 /Applications/XAMPP/xamppfiles/htdocs/Project (Laravel)/phplaravel/Module_03/vendor/laravel/framework/src/Illuminate/View/Middleware/ShareErrorsFromSession.php(49): Illuminate\\Pipeline\\Pipeline->Illuminate\\Pipeline\\{closure}(Object(Illuminate\\Http\\Request))
#19 /Applications/XAMPP/xamppfiles/htdocs/Project (Laravel)/phplaravel/Module_03/vendor/laravel/framework/src/Illuminate/Pipeline/Pipeline.php(183): Illuminate\\View\\Middleware\\ShareErrorsFromSession->handle(Object(Illuminate\\Http\\Request), Object(Closure))
#20 /Applications/XAMPP/xamppfiles/htdocs/Project (Laravel)/phplaravel/Module_03/vendor/laravel/framework/src/Illuminate/Session/Middleware/StartSession.php(121): Illuminate\\Pipeline\\Pipeline->Illuminate\\Pipeline\\{closure}(Object(Illuminate\\Http\\Request))
#21 /Applications/XAMPP/xamppfiles/htdocs/Project (Laravel)/phplaravel/Module_03/vendor/laravel/framework/src/Illuminate/Session/Middleware/StartSession.php(64): Illuminate\\Session\\Middleware\\StartSession->handleStatefulRequest(Object(Illuminate\\Http\\Request), Object(Illuminate\\Session\\Store), Object(Closure))
#22 /Applications/XAMPP/xamppfiles/htdocs/Project (Laravel)/phplaravel/Module_03/vendor/laravel/framework/src/Illuminate/Pipeline/Pipeline.php(183): Illuminate\\Session\\Middleware\\StartSession->handle(Object(Illuminate\\Http\\Request), Object(Closure))
#23 /Applications/XAMPP/xamppfiles/htdocs/Project (Laravel)/phplaravel/Module_03/vendor/laravel/framework/src/Illuminate/Cookie/Middleware/AddQueuedCookiesToResponse.php(37): Illuminate\\Pipeline\\Pipeline->Illuminate\\Pipeline\\{closure}(Object(Illuminate\\Http\\Request))
#24 /Applications/XAMPP/xamppfiles/htdocs/Project (Laravel)/phplaravel/Module_03/vendor/laravel/framework/src/Illuminate/Pipeline/Pipeline.php(183): Illuminate\\Cookie\\Middleware\\AddQueuedCookiesToResponse->handle(Object(Illuminate\\Http\\Request), Object(Closure))
#25 /Applications/XAMPP/xamppfiles/htdocs/Project (Laravel)/phplaravel/Module_03/vendor/laravel/framework/src/Illuminate/Cookie/Middleware/EncryptCookies.php(75): Illuminate\\Pipeline\\Pipeline->Illuminate\\Pipeline\\{closure}(Object(Illuminate\\Http\\Request))
#26 /Applications/XAMPP/xamppfiles/htdocs/Project (Laravel)/phplaravel/Module_03/vendor/laravel/framework/src/Illuminate/Pipeline/Pipeline.php(183): Illuminate\\Cookie\\Middleware\\EncryptCookies->handle(Object(Illuminate\\Http\\Request), Object(Closure))
#27 /Applications/XAMPP/xamppfiles/htdocs/Project (Laravel)/phplaravel/Module_03/vendor/laravel/framework/src/Illuminate/Pipeline/Pipeline.php(119): Illuminate\\Pipeline\\Pipeline->Illuminate\\Pipeline\\{closure}(Object(Illuminate\\Http\\Request))
#28 /Applications/XAMPP/xamppfiles/htdocs/Project (Laravel)/phplaravel/Module_03/vendor/laravel/framework/src/Illuminate/Routing/Router.php(807): Illuminate\\Pipeline\\Pipeline->then(Object(Closure))
#29 /Applications/XAMPP/xamppfiles/htdocs/Project (Laravel)/phplaravel/Module_03/vendor/laravel/framework/src/Illuminate/Routing/Router.php(786): Illuminate\\Routing\\Router->runRouteWithinStack(Object(Illuminate\\Routing\\Route), Object(Illuminate\\Http\\Request))
#30 /Applications/XAMPP/xamppfiles/htdocs/Project (Laravel)/phplaravel/Module_03/vendor/laravel/framework/src/Illuminate/Routing/Router.php(750): Illuminate\\Routing\\Router->runRoute(Object(Illuminate\\Http\\Request), Object(Illuminate\\Routing\\Route))
#31 /Applications/XAMPP/xamppfiles/htdocs/Project (Laravel)/phplaravel/Module_03/vendor/laravel/framework/src/Illuminate/Routing/Router.php(739): Illuminate\\Routing\\Router->dispatchToRoute(Object(Illuminate\\Http\\Request))
#32 /Applications/XAMPP/xamppfiles/htdocs/Project (Laravel)/phplaravel/Module_03/vendor/laravel/framework/src/Illuminate/Foundation/Http/Kernel.php(201): Illuminate\\Routing\\Router->dispatch(Object(Illuminate\\Http\\Request))
#33 /Applications/XAMPP/xamppfiles/htdocs/Project (Laravel)/phplaravel/Module_03/vendor/laravel/framework/src/Illuminate/Pipeline/Pipeline.php(144): Illuminate\\Foundation\\Http\\Kernel->Illuminate\\Foundation\\Http\\{closure}(Object(Illuminate\\Http\\Request))
#34 /Applications/XAMPP/xamppfiles/htdocs/Project (Laravel)/phplaravel/Module_03/vendor/laravel/framework/src/Illuminate/Foundation/Http/Middleware/TransformsRequest.php(21): Illuminate\\Pipeline\\Pipeline->Illuminate\\Pipeline\\{closure}(Object(Illuminate\\Http\\Request))
#35 /Applications/XAMPP/xamppfiles/htdocs/Project (Laravel)/phplaravel/Module_03/vendor/laravel/framework/src/Illuminate/Foundation/Http/Middleware/ConvertEmptyStringsToNull.php(31): Illuminate\\Foundation\\Http\\Middleware\\TransformsRequest->handle(Object(Illuminate\\Http\\Request), Object(Closure))
#36 /Applications/XAMPP/xamppfiles/htdocs/Project (Laravel)/phplaravel/Module_03/vendor/laravel/framework/src/Illuminate/Pipeline/Pipeline.php(183): Illuminate\\Foundation\\Http\\Middleware\\ConvertEmptyStringsToNull->handle(Object(Illuminate\\Http\\Request), Object(Closure))
#37 /Applications/XAMPP/xamppfiles/htdocs/Project (Laravel)/phplaravel/Module_03/vendor/laravel/framework/src/Illuminate/Foundation/Http/Middleware/TransformsRequest.php(21): Illuminate\\Pipeline\\Pipeline->Illuminate\\Pipeline\\{closure}(Object(Illuminate\\Http\\Request))
#38 /Applications/XAMPP/xamppfiles/htdocs/Project (Laravel)/phplaravel/Module_03/vendor/laravel/framework/src/Illuminate/Foundation/Http/Middleware/TrimStrings.php(51): Illuminate\\Foundation\\Http\\Middleware\\TransformsRequest->handle(Object(Illuminate\\Http\\Request), Object(Closure))
#39 /Applications/XAMPP/xamppfiles/htdocs/Project (Laravel)/phplaravel/Module_03/vendor/laravel/framework/src/Illuminate/Pipeline/Pipeline.php(183): Illuminate\\Foundation\\Http\\Middleware\\TrimStrings->handle(Object(Illuminate\\Http\\Request), Object(Closure))
#40 /Applications/XAMPP/xamppfiles/htdocs/Project (Laravel)/phplaravel/Module_03/vendor/laravel/framework/src/Illuminate/Http/Middleware/ValidatePostSize.php(27): Illuminate\\Pipeline\\Pipeline->Illuminate\\Pipeline\\{closure}(Object(Illuminate\\Http\\Request))
#41 /Applications/XAMPP/xamppfiles/htdocs/Project (Laravel)/phplaravel/Module_03/vendor/laravel/framework/src/Illuminate/Pipeline/Pipeline.php(183): Illuminate\\Http\\Middleware\\ValidatePostSize->handle(Object(Illuminate\\Http\\Request), Object(Closure))
#42 /Applications/XAMPP/xamppfiles/htdocs/Project (Laravel)/phplaravel/Module_03/vendor/laravel/framework/src/Illuminate/Foundation/Http/Middleware/PreventRequestsDuringMaintenance.php(110): Illuminate\\Pipeline\\Pipeline->Illuminate\\Pipeline\\{closure}(Object(Illuminate\\Http\\Request))
#43 /Applications/XAMPP/xamppfiles/htdocs/Project (Laravel)/phplaravel/Module_03/vendor/laravel/framework/src/Illuminate/Pipeline/Pipeline.php(183): Illuminate\\Foundation\\Http\\Middleware\\PreventRequestsDuringMaintenance->handle(Object(Illuminate\\Http\\Request), Object(Closure))
#44 /Applications/XAMPP/xamppfiles/htdocs/Project (Laravel)/phplaravel/Module_03/vendor/laravel/framework/src/Illuminate/Http/Middleware/HandleCors.php(49): Illuminate\\Pipeline\\Pipeline->Illuminate\\Pipeline\\{closure}(Object(Illuminate\\Http\\Request))
#45 /Applications/XAMPP/xamppfiles/htdocs/Project (Laravel)/phplaravel/Module_03/vendor/laravel/framework/src/Illuminate/Pipeline/Pipeline.php(183): Illuminate\\Http\\Middleware\\HandleCors->handle(Object(Illuminate\\Http\\Request), Object(Closure))
#46 /Applications/XAMPP/xamppfiles/htdocs/Project (Laravel)/phplaravel/Module_03/vendor/laravel/framework/src/Illuminate/Http/Middleware/TrustProxies.php(58): Illuminate\\Pipeline\\Pipeline->Illuminate\\Pipeline\\{closure}(Object(Illuminate\\Http\\Request))
#47 /Applications/XAMPP/xamppfiles/htdocs/Project (Laravel)/phplaravel/Module_03/vendor/laravel/framework/src/Illuminate/Pipeline/Pipeline.php(183): Illuminate\\Http\\Middleware\\TrustProxies->handle(Object(Illuminate\\Http\\Request), Object(Closure))
#48 /Applications/XAMPP/xamppfiles/htdocs/Project (Laravel)/phplaravel/Module_03/vendor/laravel/framework/src/Illuminate/Foundation/Http/Middleware/InvokeDeferredCallbacks.php(22): Illuminate\\Pipeline\\Pipeline->Illuminate\\Pipeline\\{closure}(Object(Illuminate\\Http\\Request))
#49 /Applications/XAMPP/xamppfiles/htdocs/Project (Laravel)/phplaravel/Module_03/vendor/laravel/framework/src/Illuminate/Pipeline/Pipeline.php(183): Illuminate\\Foundation\\Http\\Middleware\\InvokeDeferredCallbacks->handle(Object(Illuminate\\Http\\Request), Object(Closure))
#50 /Applications/XAMPP/xamppfiles/htdocs/Project (Laravel)/phplaravel/Module_03/vendor/laravel/framework/src/Illuminate/Pipeline/Pipeline.php(119): Illuminate\\Pipeline\\Pipeline->Illuminate\\Pipeline\\{closure}(Object(Illuminate\\Http\\Request))
#51 /Applications/XAMPP/xamppfiles/htdocs/Project (Laravel)/phplaravel/Module_03/vendor/laravel/framework/src/Illuminate/Foundation/Http/Kernel.php(176): Illuminate\\Pipeline\\Pipeline->then(Object(Closure))
#52 /Applications/XAMPP/xamppfiles/htdocs/Project (Laravel)/phplaravel/Module_03/vendor/laravel/framework/src/Illuminate/Foundation/Http/Kernel.php(145): Illuminate\\Foundation\\Http\\Kernel->sendRequestThroughRouter(Object(Illuminate\\Http\\Request))
#53 /Applications/XAMPP/xamppfiles/htdocs/Project (Laravel)/phplaravel/Module_03/vendor/laravel/framework/src/Illuminate/Foundation/Application.php(1188): Illuminate\\Foundation\\Http\\Kernel->handle(Object(Illuminate\\Http\\Request))
#54 /Applications/XAMPP/xamppfiles/htdocs/Project (Laravel)/phplaravel/Module_03/public/index.php(17): Illuminate\\Foundation\\Application->handleRequest(Object(Illuminate\\Http\\Request))
#55 /Applications/XAMPP/xamppfiles/htdocs/Project (Laravel)/phplaravel/Module_03/vendor/laravel/framework/src/Illuminate/Foundation/resources/server.php(23): require_once('/Applications/X...')
#56 {main}

[previous exception] [object] (PDOException(code: 23000): SQLSTATE[23000]: Integrity constraint violation: 1062 Duplicate entry 'ivan@example.com' for key 'employees_email_unique' at /Applications/XAMPP/xamppfiles/htdocs/Project (Laravel)/phplaravel/Module_03/vendor/laravel/framework/src/Illuminate/Database/MySqlConnection.php:53)
[stacktrace]
#0 /Applications/XAMPP/xamppfiles/htdocs/Project (Laravel)/phplaravel/Module_03/vendor/laravel/framework/src/Illuminate/Database/MySqlConnection.php(53): PDOStatement->execute()
#1 /Applications/XAMPP/xamppfiles/htdocs/Project (Laravel)/phplaravel/Module_03/vendor/laravel/framework/src/Illuminate/Database/Connection.php(812): Illuminate\\Database\\MySqlConnection->Illuminate\\Database\\{closure}('insert into `em...', Array)
#2 /Applications/XAMPP/xamppfiles/htdocs/Project (Laravel)/phplaravel/Module_03/vendor/laravel/framework/src/Illuminate/Database/Connection.php(779): Illuminate\\Database\\Connection->runQueryCallback('insert into `em...', Array, Object(Closure))
#3 /Applications/XAMPP/xamppfiles/htdocs/Project (Laravel)/phplaravel/Module_03/vendor/laravel/framework/src/Illuminate/Database/MySqlConnection.php(42): Illuminate\\Database\\Connection->run('insert into `em...', Array, Object(Closure))
#4 /Applications/XAMPP/xamppfiles/htdocs/Project (Laravel)/phplaravel/Module_03/vendor/laravel/framework/src/Illuminate/Database/Query/Processors/MySqlProcessor.php(35): Illuminate\\Database\\MySqlConnection->insert('insert into `em...', Array, 'id')
#5 /Applications/XAMPP/xamppfiles/htdocs/Project (Laravel)/phplaravel/Module_03/vendor/laravel/framework/src/Illuminate/Database/Query/Builder.php(3796): Illuminate\\Database\\Query\\Processors\\MySqlProcessor->processInsertGetId(Object(Illuminate\\Database\\Query\\Builder), 'insert into `em...', Array, 'id')
#6 /Applications/XAMPP/xamppfiles/htdocs/Project (Laravel)/phplaravel/Module_03/vendor/laravel/framework/src/Illuminate/Database/Eloquent/Builder.php(2038): Illuminate\\Database\\Query\\Builder->insertGetId(Array, 'id')
#7 /Applications/XAMPP/xamppfiles/htdocs/Project (Laravel)/phplaravel/Module_03/vendor/laravel/framework/src/Illuminate/Database/Eloquent/Model.php(1358): Illuminate\\Database\\Eloquent\\Builder->__call('insertGetId', Array)
#8 /Applications/XAMPP/xamppfiles/htdocs/Project (Laravel)/phplaravel/Module_03/vendor/laravel/framework/src/Illuminate/Database/Eloquent/Model.php(1323): Illuminate\\Database\\Eloquent\\Model->insertAndSetId(Object(Illuminate\\Database\\Eloquent\\Builder), Array)
#9 /Applications/XAMPP/xamppfiles/htdocs/Project (Laravel)/phplaravel/Module_03/vendor/laravel/framework/src/Illuminate/Database/Eloquent/Model.php(1162): Illuminate\\Database\\Eloquent\\Model->performInsert(Object(Illuminate\\Database\\Eloquent\\Builder))
#10 /Applications/XAMPP/xamppfiles/htdocs/Project (Laravel)/phplaravel/Module_03/routes/web.php(22): Illuminate\\Database\\Eloquent\\Model->save()
#11 /Applications/XAMPP/xamppfiles/htdocs/Project (Laravel)/phplaravel/Module_03/vendor/laravel/framework/src/Illuminate/Routing/CallableDispatcher.php(40): Illuminate\\Routing\\RouteFileRegistrar->{closure}()
#12 /Applications/XAMPP/xamppfiles/htdocs/Project (Laravel)/phplaravel/Module_03/vendor/laravel/framework/src/Illuminate/Routing/Route.php(240): Illuminate\\Routing\\CallableDispatcher->dispatch(Object(Illuminate\\Routing\\Route), Object(Closure))
#13 /Applications/XAMPP/xamppfiles/htdocs/Project (Laravel)/phplaravel/Module_03/vendor/laravel/framework/src/Illuminate/Routing/Route.php(211): Illuminate\\Routing\\Route->runCallable()
#14 /Applications/XAMPP/xamppfiles/htdocs/Project (Laravel)/phplaravel/Module_03/vendor/laravel/framework/src/Illuminate/Routing/Router.php(808): Illuminate\\Routing\\Route->run()
#15 /Applications/XAMPP/xamppfiles/htdocs/Project (Laravel)/phplaravel/Module_03/vendor/laravel/framework/src/Illuminate/Pipeline/Pipeline.php(144): Illuminate\\Routing\\Router->Illuminate\\Routing\\{closure}(Object(Illuminate\\Http\\Request))
#16 /Applications/XAMPP/xamppfiles/htdocs/Project (Laravel)/phplaravel/Module_03/vendor/laravel/framework/src/Illuminate/Routing/Middleware/SubstituteBindings.php(51): Illuminate\\Pipeline\\Pipeline->Illuminate\\Pipeline\\{closure}(Object(Illuminate\\Http\\Request))
#17 /Applications/XAMPP/xamppfiles/htdocs/Project (Laravel)/phplaravel/Module_03/vendor/laravel/framework/src/Illuminate/Pipeline/Pipeline.php(183): Illuminate\\Routing\\Middleware\\SubstituteBindings->handle(Object(Illuminate\\Http\\Request), Object(Closure))
#18 /Applications/XAMPP/xamppfiles/htdocs/Project (Laravel)/phplaravel/Module_03/vendor/laravel/framework/src/Illuminate/Foundation/Http/Middleware/VerifyCsrfToken.php(88): Illuminate\\Pipeline\\Pipeline->Illuminate\\Pipeline\\{closure}(Object(Illuminate\\Http\\Request))
#19 /Applications/XAMPP/xamppfiles/htdocs/Project (Laravel)/phplaravel/Module_03/vendor/laravel/framework/src/Illuminate/Pipeline/Pipeline.php(183): Illuminate\\Foundation\\Http\\Middleware\\VerifyCsrfToken->handle(Object(Illuminate\\Http\\Request), Object(Closure))
#20 /Applications/XAMPP/xamppfiles/htdocs/Project (Laravel)/phplaravel/Module_03/vendor/laravel/framework/src/Illuminate/View/Middleware/ShareErrorsFromSession.php(49): Illuminate\\Pipeline\\Pipeline->Illuminate\\Pipeline\\{closure}(Object(Illuminate\\Http\\Request))
#21 /Applications/XAMPP/xamppfiles/htdocs/Project (Laravel)/phplaravel/Module_03/vendor/laravel/framework/src/Illuminate/Pipeline/Pipeline.php(183): Illuminate\\View\\Middleware\\ShareErrorsFromSession->handle(Object(Illuminate\\Http\\Request), Object(Closure))
#22 /Applications/XAMPP/xamppfiles/htdocs/Project (Laravel)/phplaravel/Module_03/vendor/laravel/framework/src/Illuminate/Session/Middleware/StartSession.php(121): Illuminate\\Pipeline\\Pipeline->Illuminate\\Pipeline\\{closure}(Object(Illuminate\\Http\\Request))
#23 /Applications/XAMPP/xamppfiles/htdocs/Project (Laravel)/phplaravel/Module_03/vendor/laravel/framework/src/Illuminate/Session/Middleware/StartSession.php(64): Illuminate\\Session\\Middleware\\StartSession->handleStatefulRequest(Object(Illuminate\\Http\\Request), Object(Illuminate\\Session\\Store), Object(Closure))
#24 /Applications/XAMPP/xamppfiles/htdocs/Project (Laravel)/phplaravel/Module_03/vendor/laravel/framework/src/Illuminate/Pipeline/Pipeline.php(183): Illuminate\\Session\\Middleware\\StartSession->handle(Object(Illuminate\\Http\\Request), Object(Closure))
#25 /Applications/XAMPP/xamppfiles/htdocs/Project (Laravel)/phplaravel/Module_03/vendor/laravel/framework/src/Illuminate/Cookie/Middleware/AddQueuedCookiesToResponse.php(37): Illuminate\\Pipeline\\Pipeline->Illuminate\\Pipeline\\{closure}(Object(Illuminate\\Http\\Request))
#26 /Applications/XAMPP/xamppfiles/htdocs/Project (Laravel)/phplaravel/Module_03/vendor/laravel/framework/src/Illuminate/Pipeline/Pipeline.php(183): Illuminate\\Cookie\\Middleware\\AddQueuedCookiesToResponse->handle(Object(Illuminate\\Http\\Request), Object(Closure))
#27 /Applications/XAMPP/xamppfiles/htdocs/Project (Laravel)/phplaravel/Module_03/vendor/laravel/framework/src/Illuminate/Cookie/Middleware/EncryptCookies.php(75): Illuminate\\Pipeline\\Pipeline->Illuminate\\Pipeline\\{closure}(Object(Illuminate\\Http\\Request))
#28 /Applications/XAMPP/xamppfiles/htdocs/Project (Laravel)/phplaravel/Module_03/vendor/laravel/framework/src/Illuminate/Pipeline/Pipeline.php(183): Illuminate\\Cookie\\Middleware\\EncryptCookies->handle(Object(Illuminate\\Http\\Request), Object(Closure))
#29 /Applications/XAMPP/xamppfiles/htdocs/Project (Laravel)/phplaravel/Module_03/vendor/laravel/framework/src/Illuminate/Pipeline/Pipeline.php(119): Illuminate\\Pipeline\\Pipeline->Illuminate\\Pipeline\\{closure}(Object(Illuminate\\Http\\Request))
#30 /Applications/XAMPP/xamppfiles/htdocs/Project (Laravel)/phplaravel/Module_03/vendor/laravel/framework/src/Illuminate/Routing/Router.php(807): Illuminate\\Pipeline\\Pipeline->then(Object(Closure))
#31 /Applications/XAMPP/xamppfiles/htdocs/Project (Laravel)/phplaravel/Module_03/vendor/laravel/framework/src/Illuminate/Routing/Router.php(786): Illuminate\\Routing\\Router->runRouteWithinStack(Object(Illuminate\\Routing\\Route), Object(Illuminate\\Http\\Request))
#32 /Applications/XAMPP/xamppfiles/htdocs/Project (Laravel)/phplaravel/Module_03/vendor/laravel/framework/src/Illuminate/Routing/Router.php(750): Illuminate\\Routing\\Router->runRoute(Object(Illuminate\\Http\\Request), Object(Illuminate\\Routing\\Route))
#33 /Applications/XAMPP/xamppfiles/htdocs/Project (Laravel)/phplaravel/Module_03/vendor/laravel/framework/src/Illuminate/Routing/Router.php(739): Illuminate\\Routing\\Router->dispatchToRoute(Object(Illuminate\\Http\\Request))
#34 /Applications/XAMPP/xamppfiles/htdocs/Project (Laravel)/phplaravel/Module_03/vendor/laravel/framework/src/Illuminate/Foundation/Http/Kernel.php(201): Illuminate\\Routing\\Router->dispatch(Object(Illuminate\\Http\\Request))
#35 /Applications/XAMPP/xamppfiles/htdocs/Project (Laravel)/phplaravel/Module_03/vendor/laravel/framework/src/Illuminate/Pipeline/Pipeline.php(144): Illuminate\\Foundation\\Http\\Kernel->Illuminate\\Foundation\\Http\\{closure}(Object(Illuminate\\Http\\Request))
#36 /Applications/XAMPP/xamppfiles/htdocs/Project (Laravel)/phplaravel/Module_03/vendor/laravel/framework/src/Illuminate/Foundation/Http/Middleware/TransformsRequest.php(21): Illuminate\\Pipeline\\Pipeline->Illuminate\\Pipeline\\{closure}(Object(Illuminate\\Http\\Request))
#37 /Applications/XAMPP/xamppfiles/htdocs/Project (Laravel)/phplaravel/Module_03/vendor/laravel/framework/src/Illuminate/Foundation/Http/Middleware/ConvertEmptyStringsToNull.php(31): Illuminate\\Foundation\\Http\\Middleware\\TransformsRequest->handle(Object(Illuminate\\Http\\Request), Object(Closure))
#38 /Applications/XAMPP/xamppfiles/htdocs/Project (Laravel)/phplaravel/Module_03/vendor/laravel/framework/src/Illuminate/Pipeline/Pipeline.php(183): Illuminate\\Foundation\\Http\\Middleware\\ConvertEmptyStringsToNull->handle(Object(Illuminate\\Http\\Request), Object(Closure))
#39 /Applications/XAMPP/xamppfiles/htdocs/Project (Laravel)/phplaravel/Module_03/vendor/laravel/framework/src/Illuminate/Foundation/Http/Middleware/TransformsRequest.php(21): Illuminate\\Pipeline\\Pipeline->Illuminate\\Pipeline\\{closure}(Object(Illuminate\\Http\\Request))
#40 /Applications/XAMPP/xamppfiles/htdocs/Project (Laravel)/phplaravel/Module_03/vendor/laravel/framework/src/Illuminate/Foundation/Http/Middleware/TrimStrings.php(51): Illuminate\\Foundation\\Http\\Middleware\\TransformsRequest->handle(Object(Illuminate\\Http\\Request), Object(Closure))
#41 /Applications/XAMPP/xamppfiles/htdocs/Project (Laravel)/phplaravel/Module_03/vendor/laravel/framework/src/Illuminate/Pipeline/Pipeline.php(183): Illuminate\\Foundation\\Http\\Middleware\\TrimStrings->handle(Object(Illuminate\\Http\\Request), Object(Closure))
#42 /Applications/XAMPP/xamppfiles/htdocs/Project (Laravel)/phplaravel/Module_03/vendor/laravel/framework/src/Illuminate/Http/Middleware/ValidatePostSize.php(27): Illuminate\\Pipeline\\Pipeline->Illuminate\\Pipeline\\{closure}(Object(Illuminate\\Http\\Request))
#43 /Applications/XAMPP/xamppfiles/htdocs/Project (Laravel)/phplaravel/Module_03/vendor/laravel/framework/src/Illuminate/Pipeline/Pipeline.php(183): Illuminate\\Http\\Middleware\\ValidatePostSize->handle(Object(Illuminate\\Http\\Request), Object(Closure))
#44 /Applications/XAMPP/xamppfiles/htdocs/Project (Laravel)/phplaravel/Module_03/vendor/laravel/framework/src/Illuminate/Foundation/Http/Middleware/PreventRequestsDuringMaintenance.php(110): Illuminate\\Pipeline\\Pipeline->Illuminate\\Pipeline\\{closure}(Object(Illuminate\\Http\\Request))
#45 /Applications/XAMPP/xamppfiles/htdocs/Project (Laravel)/phplaravel/Module_03/vendor/laravel/framework/src/Illuminate/Pipeline/Pipeline.php(183): Illuminate\\Foundation\\Http\\Middleware\\PreventRequestsDuringMaintenance->handle(Object(Illuminate\\Http\\Request), Object(Closure))
#46 /Applications/XAMPP/xamppfiles/htdocs/Project (Laravel)/phplaravel/Module_03/vendor/laravel/framework/src/Illuminate/Http/Middleware/HandleCors.php(49): Illuminate\\Pipeline\\Pipeline->Illuminate\\Pipeline\\{closure}(Object(Illuminate\\Http\\Request))
#47 /Applications/XAMPP/xamppfiles/htdocs/Project (Laravel)/phplaravel/Module_03/vendor/laravel/framework/src/Illuminate/Pipeline/Pipeline.php(183): Illuminate\\Http\\Middleware\\HandleCors->handle(Object(Illuminate\\Http\\Request), Object(Closure))
#48 /Applications/XAMPP/xamppfiles/htdocs/Project (Laravel)/phplaravel/Module_03/vendor/laravel/framework/src/Illuminate/Http/Middleware/TrustProxies.php(58): Illuminate\\Pipeline\\Pipeline->Illuminate\\Pipeline\\{closure}(Object(Illuminate\\Http\\Request))
#49 /Applications/XAMPP/xamppfiles/htdocs/Project (Laravel)/phplaravel/Module_03/vendor/laravel/framework/src/Illuminate/Pipeline/Pipeline.php(183): Illuminate\\Http\\Middleware\\TrustProxies->handle(Object(Illuminate\\Http\\Request), Object(Closure))
#50 /Applications/XAMPP/xamppfiles/htdocs/Project (Laravel)/phplaravel/Module_03/vendor/laravel/framework/src/Illuminate/Foundation/Http/Middleware/InvokeDeferredCallbacks.php(22): Illuminate\\Pipeline\\Pipeline->Illuminate\\Pipeline\\{closure}(Object(Illuminate\\Http\\Request))
#51 /Applications/XAMPP/xamppfiles/htdocs/Project (Laravel)/phplaravel/Module_03/vendor/laravel/framework/src/Illuminate/Pipeline/Pipeline.php(183): Illuminate\\Foundation\\Http\\Middleware\\InvokeDeferredCallbacks->handle(Object(Illuminate\\Http\\Request), Object(Closure))
#52 /Applications/XAMPP/xamppfiles/htdocs/Project (Laravel)/phplaravel/Module_03/vendor/laravel/framework/src/Illuminate/Pipeline/Pipeline.php(119): Illuminate\\Pipeline\\Pipeline->Illuminate\\Pipeline\\{closure}(Object(Illuminate\\Http\\Request))
#53 /Applications/XAMPP/xamppfiles/htdocs/Project (Laravel)/phplaravel/Module_03/vendor/laravel/framework/src/Illuminate/Foundation/Http/Kernel.php(176): Illuminate\\Pipeline\\Pipeline->then(Object(Closure))
#54 /Applications/XAMPP/xamppfiles/htdocs/Project (Laravel)/phplaravel/Module_03/vendor/laravel/framework/src/Illuminate/Foundation/Http/Kernel.php(145): Illuminate\\Foundation\\Http\\Kernel->sendRequestThroughRouter(Object(Illuminate\\Http\\Request))
#55 /Applications/XAMPP/xamppfiles/htdocs/Project (Laravel)/phplaravel/Module_03/vendor/laravel/framework/src/Illuminate/Foundation/Application.php(1188): Illuminate\\Foundation\\Http\\Kernel->handle(Object(Illuminate\\Http\\Request))
#56 /Applications/XAMPP/xamppfiles/htdocs/Project (Laravel)/phplaravel/Module_03/public/index.php(17): Illuminate\\Foundation\\Application->handleRequest(Object(Illuminate\\Http\\Request))
#57 /Applications/XAMPP/xamppfiles/htdocs/Project (Laravel)/phplaravel/Module_03/vendor/laravel/framework/src/Illuminate/Foundation/resources/server.php(23): require_once('/Applications/X...')
#58 {main}
"} 
[2024-09-28 18:29:19] local.ERROR: SQLSTATE[HY000] [2002] Connection refused (Connection: mysql, SQL: select * from `sessions` where `id` = EU9B11lGXpMG8JQDPjFiA5hl05QKLuZMl82gvXK3 limit 1) {"exception":"[object] (Illuminate\\Database\\QueryException(code: 2002): SQLSTATE[HY000] [2002] Connection refused (Connection: mysql, SQL: select * from `sessions` where `id` = EU9B11lGXpMG8JQDPjFiA5hl05QKLuZMl82gvXK3 limit 1) at /Applications/XAMPP/xamppfiles/htdocs/Project (Laravel)/phplaravel/Module_06/vendor/laravel/framework/src/Illuminate/Database/Connection.php:825)
[stacktrace]
#0 /Applications/XAMPP/xamppfiles/htdocs/Project (Laravel)/phplaravel/Module_06/vendor/laravel/framework/src/Illuminate/Database/Connection.php(979): Illuminate\\Database\\Connection->runQueryCallback('select * from `...', Array, Object(Closure))
#1 /Applications/XAMPP/xamppfiles/htdocs/Project (Laravel)/phplaravel/Module_06/vendor/laravel/framework/src/Illuminate/Database/Connection.php(958): Illuminate\\Database\\Connection->tryAgainIfCausedByLostConnection(Object(Illuminate\\Database\\QueryException), 'select * from `...', Array, Object(Closure))
#2 /Applications/XAMPP/xamppfiles/htdocs/Project (Laravel)/phplaravel/Module_06/vendor/laravel/framework/src/Illuminate/Database/Connection.php(781): Illuminate\\Database\\Connection->handleQueryException(Object(Illuminate\\Database\\QueryException), 'select * from `...', Array, Object(Closure))
#3 /Applications/XAMPP/xamppfiles/htdocs/Project (Laravel)/phplaravel/Module_06/vendor/laravel/framework/src/Illuminate/Database/Connection.php(398): Illuminate\\Database\\Connection->run('select * from `...', Array, Object(Closure))
#4 /Applications/XAMPP/xamppfiles/htdocs/Project (Laravel)/phplaravel/Module_06/vendor/laravel/framework/src/Illuminate/Database/Query/Builder.php(3130): Illuminate\\Database\\Connection->select('select * from `...', Array, true)
#5 /Applications/XAMPP/xamppfiles/htdocs/Project (Laravel)/phplaravel/Module_06/vendor/laravel/framework/src/Illuminate/Database/Query/Builder.php(3115): Illuminate\\Database\\Query\\Builder->runSelect()
#6 /Applications/XAMPP/xamppfiles/htdocs/Project (Laravel)/phplaravel/Module_06/vendor/laravel/framework/src/Illuminate/Database/Query/Builder.php(3703): Illuminate\\Database\\Query\\Builder->Illuminate\\Database\\Query\\{closure}()
#7 /Applications/XAMPP/xamppfiles/htdocs/Project (Laravel)/phplaravel/Module_06/vendor/laravel/framework/src/Illuminate/Database/Query/Builder.php(3114): Illuminate\\Database\\Query\\Builder->onceWithColumns(Array, Object(Closure))
#8 /Applications/XAMPP/xamppfiles/htdocs/Project (Laravel)/phplaravel/Module_06/vendor/laravel/framework/src/Illuminate/Database/Concerns/BuildsQueries.php(344): Illuminate\\Database\\Query\\Builder->get(Array)
#9 /Applications/XAMPP/xamppfiles/htdocs/Project (Laravel)/phplaravel/Module_06/vendor/laravel/framework/src/Illuminate/Database/Query/Builder.php(3035): Illuminate\\Database\\Query\\Builder->first(Array)
#10 /Applications/XAMPP/xamppfiles/htdocs/Project (Laravel)/phplaravel/Module_06/vendor/laravel/framework/src/Illuminate/Session/DatabaseSessionHandler.php(97): Illuminate\\Database\\Query\\Builder->find('EU9B11lGXpMG8JQ...')
#11 /Applications/XAMPP/xamppfiles/htdocs/Project (Laravel)/phplaravel/Module_06/vendor/laravel/framework/src/Illuminate/Session/Store.php(113): Illuminate\\Session\\DatabaseSessionHandler->read('EU9B11lGXpMG8JQ...')
#12 /Applications/XAMPP/xamppfiles/htdocs/Project (Laravel)/phplaravel/Module_06/vendor/laravel/framework/src/Illuminate/Session/Store.php(101): Illuminate\\Session\\Store->readFromHandler()
#13 /Applications/XAMPP/xamppfiles/htdocs/Project (Laravel)/phplaravel/Module_06/vendor/laravel/framework/src/Illuminate/Session/Store.php(85): Illuminate\\Session\\Store->loadSession()
#14 /Applications/XAMPP/xamppfiles/htdocs/Project (Laravel)/phplaravel/Module_06/vendor/laravel/framework/src/Illuminate/Session/Middleware/StartSession.php(147): Illuminate\\Session\\Store->start()
#15 /Applications/XAMPP/xamppfiles/htdocs/Project (Laravel)/phplaravel/Module_06/vendor/laravel/framework/src/Illuminate/Support/helpers.php(380): Illuminate\\Session\\Middleware\\StartSession->Illuminate\\Session\\Middleware\\{closure}(Object(Illuminate\\Session\\Store))
#16 /Applications/XAMPP/xamppfiles/htdocs/Project (Laravel)/phplaravel/Module_06/vendor/laravel/framework/src/Illuminate/Session/Middleware/StartSession.php(144): tap(Object(Illuminate\\Session\\Store), Object(Closure))
#17 /Applications/XAMPP/xamppfiles/htdocs/Project (Laravel)/phplaravel/Module_06/vendor/laravel/framework/src/Illuminate/Session/Middleware/StartSession.php(116): Illuminate\\Session\\Middleware\\StartSession->startSession(Object(Illuminate\\Http\\Request), Object(Illuminate\\Session\\Store))
#18 /Applications/XAMPP/xamppfiles/htdocs/Project (Laravel)/phplaravel/Module_06/vendor/laravel/framework/src/Illuminate/Session/Middleware/StartSession.php(64): Illuminate\\Session\\Middleware\\StartSession->handleStatefulRequest(Object(Illuminate\\Http\\Request), Object(Illuminate\\Session\\Store), Object(Closure))
#19 /Applications/XAMPP/xamppfiles/htdocs/Project (Laravel)/phplaravel/Module_06/vendor/laravel/framework/src/Illuminate/Pipeline/Pipeline.php(183): Illuminate\\Session\\Middleware\\StartSession->handle(Object(Illuminate\\Http\\Request), Object(Closure))
#20 /Applications/XAMPP/xamppfiles/htdocs/Project (Laravel)/phplaravel/Module_06/vendor/laravel/framework/src/Illuminate/Cookie/Middleware/AddQueuedCookiesToResponse.php(37): Illuminate\\Pipeline\\Pipeline->Illuminate\\Pipeline\\{closure}(Object(Illuminate\\Http\\Request))
#21 /Applications/XAMPP/xamppfiles/htdocs/Project (Laravel)/phplaravel/Module_06/vendor/laravel/framework/src/Illuminate/Pipeline/Pipeline.php(183): Illuminate\\Cookie\\Middleware\\AddQueuedCookiesToResponse->handle(Object(Illuminate\\Http\\Request), Object(Closure))
#22 /Applications/XAMPP/xamppfiles/htdocs/Project (Laravel)/phplaravel/Module_06/vendor/laravel/framework/src/Illuminate/Cookie/Middleware/EncryptCookies.php(75): Illuminate\\Pipeline\\Pipeline->Illuminate\\Pipeline\\{closure}(Object(Illuminate\\Http\\Request))
#23 /Applications/XAMPP/xamppfiles/htdocs/Project (Laravel)/phplaravel/Module_06/vendor/laravel/framework/src/Illuminate/Pipeline/Pipeline.php(183): Illuminate\\Cookie\\Middleware\\EncryptCookies->handle(Object(Illuminate\\Http\\Request), Object(Closure))
#24 /Applications/XAMPP/xamppfiles/htdocs/Project (Laravel)/phplaravel/Module_06/vendor/laravel/framework/src/Illuminate/Pipeline/Pipeline.php(119): Illuminate\\Pipeline\\Pipeline->Illuminate\\Pipeline\\{closure}(Object(Illuminate\\Http\\Request))
#25 /Applications/XAMPP/xamppfiles/htdocs/Project (Laravel)/phplaravel/Module_06/vendor/laravel/framework/src/Illuminate/Routing/Router.php(807): Illuminate\\Pipeline\\Pipeline->then(Object(Closure))
#26 /Applications/XAMPP/xamppfiles/htdocs/Project (Laravel)/phplaravel/Module_06/vendor/laravel/framework/src/Illuminate/Routing/Router.php(786): Illuminate\\Routing\\Router->runRouteWithinStack(Object(Illuminate\\Routing\\Route), Object(Illuminate\\Http\\Request))
#27 /Applications/XAMPP/xamppfiles/htdocs/Project (Laravel)/phplaravel/Module_06/vendor/laravel/framework/src/Illuminate/Routing/Router.php(750): Illuminate\\Routing\\Router->runRoute(Object(Illuminate\\Http\\Request), Object(Illuminate\\Routing\\Route))
#28 /Applications/XAMPP/xamppfiles/htdocs/Project (Laravel)/phplaravel/Module_06/vendor/laravel/framework/src/Illuminate/Routing/Router.php(739): Illuminate\\Routing\\Router->dispatchToRoute(Object(Illuminate\\Http\\Request))
#29 /Applications/XAMPP/xamppfiles/htdocs/Project (Laravel)/phplaravel/Module_06/vendor/laravel/framework/src/Illuminate/Foundation/Http/Kernel.php(201): Illuminate\\Routing\\Router->dispatch(Object(Illuminate\\Http\\Request))
#30 /Applications/XAMPP/xamppfiles/htdocs/Project (Laravel)/phplaravel/Module_06/vendor/laravel/framework/src/Illuminate/Pipeline/Pipeline.php(144): Illuminate\\Foundation\\Http\\Kernel->Illuminate\\Foundation\\Http\\{closure}(Object(Illuminate\\Http\\Request))
#31 /Applications/XAMPP/xamppfiles/htdocs/Project (Laravel)/phplaravel/Module_06/vendor/laravel/framework/src/Illuminate/Foundation/Http/Middleware/TransformsRequest.php(21): Illuminate\\Pipeline\\Pipeline->Illuminate\\Pipeline\\{closure}(Object(Illuminate\\Http\\Request))
#32 /Applications/XAMPP/xamppfiles/htdocs/Project (Laravel)/phplaravel/Module_06/vendor/laravel/framework/src/Illuminate/Foundation/Http/Middleware/ConvertEmptyStringsToNull.php(31): Illuminate\\Foundation\\Http\\Middleware\\TransformsRequest->handle(Object(Illuminate\\Http\\Request), Object(Closure))
#33 /Applications/XAMPP/xamppfiles/htdocs/Project (Laravel)/phplaravel/Module_06/vendor/laravel/framework/src/Illuminate/Pipeline/Pipeline.php(183): Illuminate\\Foundation\\Http\\Middleware\\ConvertEmptyStringsToNull->handle(Object(Illuminate\\Http\\Request), Object(Closure))
#34 /Applications/XAMPP/xamppfiles/htdocs/Project (Laravel)/phplaravel/Module_06/vendor/laravel/framework/src/Illuminate/Foundation/Http/Middleware/TransformsRequest.php(21): Illuminate\\Pipeline\\Pipeline->Illuminate\\Pipeline\\{closure}(Object(Illuminate\\Http\\Request))
#35 /Applications/XAMPP/xamppfiles/htdocs/Project (Laravel)/phplaravel/Module_06/vendor/laravel/framework/src/Illuminate/Foundation/Http/Middleware/TrimStrings.php(51): Illuminate\\Foundation\\Http\\Middleware\\TransformsRequest->handle(Object(Illuminate\\Http\\Request), Object(Closure))
#36 /Applications/XAMPP/xamppfiles/htdocs/Project (Laravel)/phplaravel/Module_06/vendor/laravel/framework/src/Illuminate/Pipeline/Pipeline.php(183): Illuminate\\Foundation\\Http\\Middleware\\TrimStrings->handle(Object(Illuminate\\Http\\Request), Object(Closure))
#37 /Applications/XAMPP/xamppfiles/htdocs/Project (Laravel)/phplaravel/Module_06/vendor/laravel/framework/src/Illuminate/Http/Middleware/ValidatePostSize.php(27): Illuminate\\Pipeline\\Pipeline->Illuminate\\Pipeline\\{closure}(Object(Illuminate\\Http\\Request))
#38 /Applications/XAMPP/xamppfiles/htdocs/Project (Laravel)/phplaravel/Module_06/vendor/laravel/framework/src/Illuminate/Pipeline/Pipeline.php(183): Illuminate\\Http\\Middleware\\ValidatePostSize->handle(Object(Illuminate\\Http\\Request), Object(Closure))
#39 /Applications/XAMPP/xamppfiles/htdocs/Project (Laravel)/phplaravel/Module_06/vendor/laravel/framework/src/Illuminate/Foundation/Http/Middleware/PreventRequestsDuringMaintenance.php(110): Illuminate\\Pipeline\\Pipeline->Illuminate\\Pipeline\\{closure}(Object(Illuminate\\Http\\Request))
#40 /Applications/XAMPP/xamppfiles/htdocs/Project (Laravel)/phplaravel/Module_06/vendor/laravel/framework/src/Illuminate/Pipeline/Pipeline.php(183): Illuminate\\Foundation\\Http\\Middleware\\PreventRequestsDuringMaintenance->handle(Object(Illuminate\\Http\\Request), Object(Closure))
#41 /Applications/XAMPP/xamppfiles/htdocs/Project (Laravel)/phplaravel/Module_06/vendor/laravel/framework/src/Illuminate/Http/Middleware/HandleCors.php(49): Illuminate\\Pipeline\\Pipeline->Illuminate\\Pipeline\\{closure}(Object(Illuminate\\Http\\Request))
#42 /Applications/XAMPP/xamppfiles/htdocs/Project (Laravel)/phplaravel/Module_06/vendor/laravel/framework/src/Illuminate/Pipeline/Pipeline.php(183): Illuminate\\Http\\Middleware\\HandleCors->handle(Object(Illuminate\\Http\\Request), Object(Closure))
#43 /Applications/XAMPP/xamppfiles/htdocs/Project (Laravel)/phplaravel/Module_06/vendor/laravel/framework/src/Illuminate/Http/Middleware/TrustProxies.php(58): Illuminate\\Pipeline\\Pipeline->Illuminate\\Pipeline\\{closure}(Object(Illuminate\\Http\\Request))
#44 /Applications/XAMPP/xamppfiles/htdocs/Project (Laravel)/phplaravel/Module_06/vendor/laravel/framework/src/Illuminate/Pipeline/Pipeline.php(183): Illuminate\\Http\\Middleware\\TrustProxies->handle(Object(Illuminate\\Http\\Request), Object(Closure))
#45 /Applications/XAMPP/xamppfiles/htdocs/Project (Laravel)/phplaravel/Module_06/vendor/laravel/framework/src/Illuminate/Foundation/Http/Middleware/InvokeDeferredCallbacks.php(22): Illuminate\\Pipeline\\Pipeline->Illuminate\\Pipeline\\{closure}(Object(Illuminate\\Http\\Request))
#46 /Applications/XAMPP/xamppfiles/htdocs/Project (Laravel)/phplaravel/Module_06/vendor/laravel/framework/src/Illuminate/Pipeline/Pipeline.php(183): Illuminate\\Foundation\\Http\\Middleware\\InvokeDeferredCallbacks->handle(Object(Illuminate\\Http\\Request), Object(Closure))
#47 /Applications/XAMPP/xamppfiles/htdocs/Project (Laravel)/phplaravel/Module_06/vendor/laravel/framework/src/Illuminate/Pipeline/Pipeline.php(119): Illuminate\\Pipeline\\Pipeline->Illuminate\\Pipeline\\{closure}(Object(Illuminate\\Http\\Request))
#48 /Applications/XAMPP/xamppfiles/htdocs/Project (Laravel)/phplaravel/Module_06/vendor/laravel/framework/src/Illuminate/Foundation/Http/Kernel.php(176): Illuminate\\Pipeline\\Pipeline->then(Object(Closure))
#49 /Applications/XAMPP/xamppfiles/htdocs/Project (Laravel)/phplaravel/Module_06/vendor/laravel/framework/src/Illuminate/Foundation/Http/Kernel.php(145): Illuminate\\Foundation\\Http\\Kernel->sendRequestThroughRouter(Object(Illuminate\\Http\\Request))
#50 /Applications/XAMPP/xamppfiles/htdocs/Project (Laravel)/phplaravel/Module_06/vendor/laravel/framework/src/Illuminate/Foundation/Application.php(1188): Illuminate\\Foundation\\Http\\Kernel->handle(Object(Illuminate\\Http\\Request))
#51 /Applications/XAMPP/xamppfiles/htdocs/Project (Laravel)/phplaravel/Module_06/public/index.php(17): Illuminate\\Foundation\\Application->handleRequest(Object(Illuminate\\Http\\Request))
#52 /Applications/XAMPP/xamppfiles/htdocs/Project (Laravel)/phplaravel/Module_06/vendor/laravel/framework/src/Illuminate/Foundation/resources/server.php(23): require_once('/Applications/X...')
#53 {main}

[previous exception] [object] (PDOException(code: 2002): SQLSTATE[HY000] [2002] Connection refused at /Applications/XAMPP/xamppfiles/htdocs/Project (Laravel)/phplaravel/Module_06/vendor/laravel/framework/src/Illuminate/Database/Connectors/Connector.php:66)
[stacktrace]
#0 /Applications/XAMPP/xamppfiles/htdocs/Project (Laravel)/phplaravel/Module_06/vendor/laravel/framework/src/Illuminate/Database/Connectors/Connector.php(66): PDO->__construct('mysql:host=127....', 'root', Object(SensitiveParameterValue), Array)
#1 /Applications/XAMPP/xamppfiles/htdocs/Project (Laravel)/phplaravel/Module_06/vendor/laravel/framework/src/Illuminate/Database/Connectors/Connector.php(85): Illuminate\\Database\\Connectors\\Connector->createPdoConnection('mysql:host=127....', 'root', '', Array)
#2 /Applications/XAMPP/xamppfiles/htdocs/Project (Laravel)/phplaravel/Module_06/vendor/laravel/framework/src/Illuminate/Database/Connectors/Connector.php(48): Illuminate\\Database\\Connectors\\Connector->tryAgainIfCausedByLostConnection(Object(PDOException), 'mysql:host=127....', 'root', '', Array)
#3 /Applications/XAMPP/xamppfiles/htdocs/Project (Laravel)/phplaravel/Module_06/vendor/laravel/framework/src/Illuminate/Database/Connectors/MySqlConnector.php(24): Illuminate\\Database\\Connectors\\Connector->createConnection('mysql:host=127....', Array, Array)
#4 /Applications/XAMPP/xamppfiles/htdocs/Project (Laravel)/phplaravel/Module_06/vendor/laravel/framework/src/Illuminate/Database/Connectors/ConnectionFactory.php(185): Illuminate\\Database\\Connectors\\MySqlConnector->connect(Array)
#5 [internal function]: Illuminate\\Database\\Connectors\\ConnectionFactory->Illuminate\\Database\\Connectors\\{closure}()
#6 /Applications/XAMPP/xamppfiles/htdocs/Project (Laravel)/phplaravel/Module_06/vendor/laravel/framework/src/Illuminate/Database/Connection.php(1231): call_user_func(Object(Closure))
#7 /Applications/XAMPP/xamppfiles/htdocs/Project (Laravel)/phplaravel/Module_06/vendor/laravel/framework/src/Illuminate/Database/Connection.php(1267): Illuminate\\Database\\Connection->getPdo()
#8 /Applications/XAMPP/xamppfiles/htdocs/Project (Laravel)/phplaravel/Module_06/vendor/laravel/framework/src/Illuminate/Database/Connection.php(512): Illuminate\\Database\\Connection->getReadPdo()
#9 /Applications/XAMPP/xamppfiles/htdocs/Project (Laravel)/phplaravel/Module_06/vendor/laravel/framework/src/Illuminate/Database/Connection.php(407): Illuminate\\Database\\Connection->getPdoForSelect(true)
#10 /Applications/XAMPP/xamppfiles/htdocs/Project (Laravel)/phplaravel/Module_06/vendor/laravel/framework/src/Illuminate/Database/Connection.php(812): Illuminate\\Database\\Connection->Illuminate\\Database\\{closure}('select * from `...', Array)
#11 /Applications/XAMPP/xamppfiles/htdocs/Project (Laravel)/phplaravel/Module_06/vendor/laravel/framework/src/Illuminate/Database/Connection.php(979): Illuminate\\Database\\Connection->runQueryCallback('select * from `...', Array, Object(Closure))
#12 /Applications/XAMPP/xamppfiles/htdocs/Project (Laravel)/phplaravel/Module_06/vendor/laravel/framework/src/Illuminate/Database/Connection.php(958): Illuminate\\Database\\Connection->tryAgainIfCausedByLostConnection(Object(Illuminate\\Database\\QueryException), 'select * from `...', Array, Object(Closure))
#13 /Applications/XAMPP/xamppfiles/htdocs/Project (Laravel)/phplaravel/Module_06/vendor/laravel/framework/src/Illuminate/Database/Connection.php(781): Illuminate\\Database\\Connection->handleQueryException(Object(Illuminate\\Database\\QueryException), 'select * from `...', Array, Object(Closure))
#14 /Applications/XAMPP/xamppfiles/htdocs/Project (Laravel)/phplaravel/Module_06/vendor/laravel/framework/src/Illuminate/Database/Connection.php(398): Illuminate\\Database\\Connection->run('select * from `...', Array, Object(Closure))
#15 /Applications/XAMPP/xamppfiles/htdocs/Project (Laravel)/phplaravel/Module_06/vendor/laravel/framework/src/Illuminate/Database/Query/Builder.php(3130): Illuminate\\Database\\Connection->select('select * from `...', Array, true)
#16 /Applications/XAMPP/xamppfiles/htdocs/Project (Laravel)/phplaravel/Module_06/vendor/laravel/framework/src/Illuminate/Database/Query/Builder.php(3115): Illuminate\\Database\\Query\\Builder->runSelect()
#17 /Applications/XAMPP/xamppfiles/htdocs/Project (Laravel)/phplaravel/Module_06/vendor/laravel/framework/src/Illuminate/Database/Query/Builder.php(3703): Illuminate\\Database\\Query\\Builder->Illuminate\\Database\\Query\\{closure}()
#18 /Applications/XAMPP/xamppfiles/htdocs/Project (Laravel)/phplaravel/Module_06/vendor/laravel/framework/src/Illuminate/Database/Query/Builder.php(3114): Illuminate\\Database\\Query\\Builder->onceWithColumns(Array, Object(Closure))
#19 /Applications/XAMPP/xamppfiles/htdocs/Project (Laravel)/phplaravel/Module_06/vendor/laravel/framework/src/Illuminate/Database/Concerns/BuildsQueries.php(344): Illuminate\\Database\\Query\\Builder->get(Array)
#20 /Applications/XAMPP/xamppfiles/htdocs/Project (Laravel)/phplaravel/Module_06/vendor/laravel/framework/src/Illuminate/Database/Query/Builder.php(3035): Illuminate\\Database\\Query\\Builder->first(Array)
#21 /Applications/XAMPP/xamppfiles/htdocs/Project (Laravel)/phplaravel/Module_06/vendor/laravel/framework/src/Illuminate/Session/DatabaseSessionHandler.php(97): Illuminate\\Database\\Query\\Builder->find('EU9B11lGXpMG8JQ...')
#22 /Applications/XAMPP/xamppfiles/htdocs/Project (Laravel)/phplaravel/Module_06/vendor/laravel/framework/src/Illuminate/Session/Store.php(113): Illuminate\\Session\\DatabaseSessionHandler->read('EU9B11lGXpMG8JQ...')
#23 /Applications/XAMPP/xamppfiles/htdocs/Project (Laravel)/phplaravel/Module_06/vendor/laravel/framework/src/Illuminate/Session/Store.php(101): Illuminate\\Session\\Store->readFromHandler()
#24 /Applications/XAMPP/xamppfiles/htdocs/Project (Laravel)/phplaravel/Module_06/vendor/laravel/framework/src/Illuminate/Session/Store.php(85): Illuminate\\Session\\Store->loadSession()
#25 /Applications/XAMPP/xamppfiles/htdocs/Project (Laravel)/phplaravel/Module_06/vendor/laravel/framework/src/Illuminate/Session/Middleware/StartSession.php(147): Illuminate\\Session\\Store->start()
#26 /Applications/XAMPP/xamppfiles/htdocs/Project (Laravel)/phplaravel/Module_06/vendor/laravel/framework/src/Illuminate/Support/helpers.php(380): Illuminate\\Session\\Middleware\\StartSession->Illuminate\\Session\\Middleware\\{closure}(Object(Illuminate\\Session\\Store))
#27 /Applications/XAMPP/xamppfiles/htdocs/Project (Laravel)/phplaravel/Module_06/vendor/laravel/framework/src/Illuminate/Session/Middleware/StartSession.php(144): tap(Object(Illuminate\\Session\\Store), Object(Closure))
#28 /Applications/XAMPP/xamppfiles/htdocs/Project (Laravel)/phplaravel/Module_06/vendor/laravel/framework/src/Illuminate/Session/Middleware/StartSession.php(116): Illuminate\\Session\\Middleware\\StartSession->startSession(Object(Illuminate\\Http\\Request), Object(Illuminate\\Session\\Store))
#29 /Applications/XAMPP/xamppfiles/htdocs/Project (Laravel)/phplaravel/Module_06/vendor/laravel/framework/src/Illuminate/Session/Middleware/StartSession.php(64): Illuminate\\Session\\Middleware\\StartSession->handleStatefulRequest(Object(Illuminate\\Http\\Request), Object(Illuminate\\Session\\Store), Object(Closure))
#30 /Applications/XAMPP/xamppfiles/htdocs/Project (Laravel)/phplaravel/Module_06/vendor/laravel/framework/src/Illuminate/Pipeline/Pipeline.php(183): Illuminate\\Session\\Middleware\\StartSession->handle(Object(Illuminate\\Http\\Request), Object(Closure))
#31 /Applications/XAMPP/xamppfiles/htdocs/Project (Laravel)/phplaravel/Module_06/vendor/laravel/framework/src/Illuminate/Cookie/Middleware/AddQueuedCookiesToResponse.php(37): Illuminate\\Pipeline\\Pipeline->Illuminate\\Pipeline\\{closure}(Object(Illuminate\\Http\\Request))
#32 /Applications/XAMPP/xamppfiles/htdocs/Project (Laravel)/phplaravel/Module_06/vendor/laravel/framework/src/Illuminate/Pipeline/Pipeline.php(183): Illuminate\\Cookie\\Middleware\\AddQueuedCookiesToResponse->handle(Object(Illuminate\\Http\\Request), Object(Closure))
#33 /Applications/XAMPP/xamppfiles/htdocs/Project (Laravel)/phplaravel/Module_06/vendor/laravel/framework/src/Illuminate/Cookie/Middleware/EncryptCookies.php(75): Illuminate\\Pipeline\\Pipeline->Illuminate\\Pipeline\\{closure}(Object(Illuminate\\Http\\Request))
#34 /Applications/XAMPP/xamppfiles/htdocs/Project (Laravel)/phplaravel/Module_06/vendor/laravel/framework/src/Illuminate/Pipeline/Pipeline.php(183): Illuminate\\Cookie\\Middleware\\EncryptCookies->handle(Object(Illuminate\\Http\\Request), Object(Closure))
#35 /Applications/XAMPP/xamppfiles/htdocs/Project (Laravel)/phplaravel/Module_06/vendor/laravel/framework/src/Illuminate/Pipeline/Pipeline.php(119): Illuminate\\Pipeline\\Pipeline->Illuminate\\Pipeline\\{closure}(Object(Illuminate\\Http\\Request))
#36 /Applications/XAMPP/xamppfiles/htdocs/Project (Laravel)/phplaravel/Module_06/vendor/laravel/framework/src/Illuminate/Routing/Router.php(807): Illuminate\\Pipeline\\Pipeline->then(Object(Closure))
#37 /Applications/XAMPP/xamppfiles/htdocs/Project (Laravel)/phplaravel/Module_06/vendor/laravel/framework/src/Illuminate/Routing/Router.php(786): Illuminate\\Routing\\Router->runRouteWithinStack(Object(Illuminate\\Routing\\Route), Object(Illuminate\\Http\\Request))
#38 /Applications/XAMPP/xamppfiles/htdocs/Project (Laravel)/phplaravel/Module_06/vendor/laravel/framework/src/Illuminate/Routing/Router.php(750): Illuminate\\Routing\\Router->runRoute(Object(Illuminate\\Http\\Request), Object(Illuminate\\Routing\\Route))
#39 /Applications/XAMPP/xamppfiles/htdocs/Project (Laravel)/phplaravel/Module_06/vendor/laravel/framework/src/Illuminate/Routing/Router.php(739): Illuminate\\Routing\\Router->dispatchToRoute(Object(Illuminate\\Http\\Request))
#40 /Applications/XAMPP/xamppfiles/htdocs/Project (Laravel)/phplaravel/Module_06/vendor/laravel/framework/src/Illuminate/Foundation/Http/Kernel.php(201): Illuminate\\Routing\\Router->dispatch(Object(Illuminate\\Http\\Request))
#41 /Applications/XAMPP/xamppfiles/htdocs/Project (Laravel)/phplaravel/Module_06/vendor/laravel/framework/src/Illuminate/Pipeline/Pipeline.php(144): Illuminate\\Foundation\\Http\\Kernel->Illuminate\\Foundation\\Http\\{closure}(Object(Illuminate\\Http\\Request))
#42 /Applications/XAMPP/xamppfiles/htdocs/Project (Laravel)/phplaravel/Module_06/vendor/laravel/framework/src/Illuminate/Foundation/Http/Middleware/TransformsRequest.php(21): Illuminate\\Pipeline\\Pipeline->Illuminate\\Pipeline\\{closure}(Object(Illuminate\\Http\\Request))
#43 /Applications/XAMPP/xamppfiles/htdocs/Project (Laravel)/phplaravel/Module_06/vendor/laravel/framework/src/Illuminate/Foundation/Http/Middleware/ConvertEmptyStringsToNull.php(31): Illuminate\\Foundation\\Http\\Middleware\\TransformsRequest->handle(Object(Illuminate\\Http\\Request), Object(Closure))
#44 /Applications/XAMPP/xamppfiles/htdocs/Project (Laravel)/phplaravel/Module_06/vendor/laravel/framework/src/Illuminate/Pipeline/Pipeline.php(183): Illuminate\\Foundation\\Http\\Middleware\\ConvertEmptyStringsToNull->handle(Object(Illuminate\\Http\\Request), Object(Closure))
#45 /Applications/XAMPP/xamppfiles/htdocs/Project (Laravel)/phplaravel/Module_06/vendor/laravel/framework/src/Illuminate/Foundation/Http/Middleware/TransformsRequest.php(21): Illuminate\\Pipeline\\Pipeline->Illuminate\\Pipeline\\{closure}(Object(Illuminate\\Http\\Request))
#46 /Applications/XAMPP/xamppfiles/htdocs/Project (Laravel)/phplaravel/Module_06/vendor/laravel/framework/src/Illuminate/Foundation/Http/Middleware/TrimStrings.php(51): Illuminate\\Foundation\\Http\\Middleware\\TransformsRequest->handle(Object(Illuminate\\Http\\Request), Object(Closure))
#47 /Applications/XAMPP/xamppfiles/htdocs/Project (Laravel)/phplaravel/Module_06/vendor/laravel/framework/src/Illuminate/Pipeline/Pipeline.php(183): Illuminate\\Foundation\\Http\\Middleware\\TrimStrings->handle(Object(Illuminate\\Http\\Request), Object(Closure))
#48 /Applications/XAMPP/xamppfiles/htdocs/Project (Laravel)/phplaravel/Module_06/vendor/laravel/framework/src/Illuminate/Http/Middleware/ValidatePostSize.php(27): Illuminate\\Pipeline\\Pipeline->Illuminate\\Pipeline\\{closure}(Object(Illuminate\\Http\\Request))
#49 /Applications/XAMPP/xamppfiles/htdocs/Project (Laravel)/phplaravel/Module_06/vendor/laravel/framework/src/Illuminate/Pipeline/Pipeline.php(183): Illuminate\\Http\\Middleware\\ValidatePostSize->handle(Object(Illuminate\\Http\\Request), Object(Closure))
#50 /Applications/XAMPP/xamppfiles/htdocs/Project (Laravel)/phplaravel/Module_06/vendor/laravel/framework/src/Illuminate/Foundation/Http/Middleware/PreventRequestsDuringMaintenance.php(110): Illuminate\\Pipeline\\Pipeline->Illuminate\\Pipeline\\{closure}(Object(Illuminate\\Http\\Request))
#51 /Applications/XAMPP/xamppfiles/htdocs/Project (Laravel)/phplaravel/Module_06/vendor/laravel/framework/src/Illuminate/Pipeline/Pipeline.php(183): Illuminate\\Foundation\\Http\\Middleware\\PreventRequestsDuringMaintenance->handle(Object(Illuminate\\Http\\Request), Object(Closure))
#52 /Applications/XAMPP/xamppfiles/htdocs/Project (Laravel)/phplaravel/Module_06/vendor/laravel/framework/src/Illuminate/Http/Middleware/HandleCors.php(49): Illuminate\\Pipeline\\Pipeline->Illuminate\\Pipeline\\{closure}(Object(Illuminate\\Http\\Request))
#53 /Applications/XAMPP/xamppfiles/htdocs/Project (Laravel)/phplaravel/Module_06/vendor/laravel/framework/src/Illuminate/Pipeline/Pipeline.php(183): Illuminate\\Http\\Middleware\\HandleCors->handle(Object(Illuminate\\Http\\Request), Object(Closure))
#54 /Applications/XAMPP/xamppfiles/htdocs/Project (Laravel)/phplaravel/Module_06/vendor/laravel/framework/src/Illuminate/Http/Middleware/TrustProxies.php(58): Illuminate\\Pipeline\\Pipeline->Illuminate\\Pipeline\\{closure}(Object(Illuminate\\Http\\Request))
#55 /Applications/XAMPP/xamppfiles/htdocs/Project (Laravel)/phplaravel/Module_06/vendor/laravel/framework/src/Illuminate/Pipeline/Pipeline.php(183): Illuminate\\Http\\Middleware\\TrustProxies->handle(Object(Illuminate\\Http\\Request), Object(Closure))
#56 /Applications/XAMPP/xamppfiles/htdocs/Project (Laravel)/phplaravel/Module_06/vendor/laravel/framework/src/Illuminate/Foundation/Http/Middleware/InvokeDeferredCallbacks.php(22): Illuminate\\Pipeline\\Pipeline->Illuminate\\Pipeline\\{closure}(Object(Illuminate\\Http\\Request))
#57 /Applications/XAMPP/xamppfiles/htdocs/Project (Laravel)/phplaravel/Module_06/vendor/laravel/framework/src/Illuminate/Pipeline/Pipeline.php(183): Illuminate\\Foundation\\Http\\Middleware\\InvokeDeferredCallbacks->handle(Object(Illuminate\\Http\\Request), Object(Closure))
#58 /Applications/XAMPP/xamppfiles/htdocs/Project (Laravel)/phplaravel/Module_06/vendor/laravel/framework/src/Illuminate/Pipeline/Pipeline.php(119): Illuminate\\Pipeline\\Pipeline->Illuminate\\Pipeline\\{closure}(Object(Illuminate\\Http\\Request))
#59 /Applications/XAMPP/xamppfiles/htdocs/Project (Laravel)/phplaravel/Module_06/vendor/laravel/framework/src/Illuminate/Foundation/Http/Kernel.php(176): Illuminate\\Pipeline\\Pipeline->then(Object(Closure))
#60 /Applications/XAMPP/xamppfiles/htdocs/Project (Laravel)/phplaravel/Module_06/vendor/laravel/framework/src/Illuminate/Foundation/Http/Kernel.php(145): Illuminate\\Foundation\\Http\\Kernel->sendRequestThroughRouter(Object(Illuminate\\Http\\Request))
#61 /Applications/XAMPP/xamppfiles/htdocs/Project (Laravel)/phplaravel/Module_06/vendor/laravel/framework/src/Illuminate/Foundation/Application.php(1188): Illuminate\\Foundation\\Http\\Kernel->handle(Object(Illuminate\\Http\\Request))
#62 /Applications/XAMPP/xamppfiles/htdocs/Project (Laravel)/phplaravel/Module_06/public/index.php(17): Illuminate\\Foundation\\Application->handleRequest(Object(Illuminate\\Http\\Request))
#63 /Applications/XAMPP/xamppfiles/htdocs/Project (Laravel)/phplaravel/Module_06/vendor/laravel/framework/src/Illuminate/Foundation/resources/server.php(23): require_once('/Applications/X...')
#64 {main}
"} 
[2024-09-28 18:29:20] local.ERROR: SQLSTATE[HY000] [2002] Connection refused (Connection: mysql, SQL: select * from `sessions` where `id` = bxJpXgBybClkG8VnkL9hI4m1b0vgZXRJPzCN8HA0 limit 1) {"exception":"[object] (Illuminate\\Database\\QueryException(code: 2002): SQLSTATE[HY000] [2002] Connection refused (Connection: mysql, SQL: select * from `sessions` where `id` = bxJpXgBybClkG8VnkL9hI4m1b0vgZXRJPzCN8HA0 limit 1) at /Applications/XAMPP/xamppfiles/htdocs/Project (Laravel)/phplaravel/Module_06/vendor/laravel/framework/src/Illuminate/Database/Connection.php:825)
[stacktrace]
#0 /Applications/XAMPP/xamppfiles/htdocs/Project (Laravel)/phplaravel/Module_06/vendor/laravel/framework/src/Illuminate/Database/Connection.php(979): Illuminate\\Database\\Connection->runQueryCallback('select * from `...', Array, Object(Closure))
#1 /Applications/XAMPP/xamppfiles/htdocs/Project (Laravel)/phplaravel/Module_06/vendor/laravel/framework/src/Illuminate/Database/Connection.php(958): Illuminate\\Database\\Connection->tryAgainIfCausedByLostConnection(Object(Illuminate\\Database\\QueryException), 'select * from `...', Array, Object(Closure))
#2 /Applications/XAMPP/xamppfiles/htdocs/Project (Laravel)/phplaravel/Module_06/vendor/laravel/framework/src/Illuminate/Database/Connection.php(781): Illuminate\\Database\\Connection->handleQueryException(Object(Illuminate\\Database\\QueryException), 'select * from `...', Array, Object(Closure))
#3 /Applications/XAMPP/xamppfiles/htdocs/Project (Laravel)/phplaravel/Module_06/vendor/laravel/framework/src/Illuminate/Database/Connection.php(398): Illuminate\\Database\\Connection->run('select * from `...', Array, Object(Closure))
#4 /Applications/XAMPP/xamppfiles/htdocs/Project (Laravel)/phplaravel/Module_06/vendor/laravel/framework/src/Illuminate/Database/Query/Builder.php(3130): Illuminate\\Database\\Connection->select('select * from `...', Array, true)
#5 /Applications/XAMPP/xamppfiles/htdocs/Project (Laravel)/phplaravel/Module_06/vendor/laravel/framework/src/Illuminate/Database/Query/Builder.php(3115): Illuminate\\Database\\Query\\Builder->runSelect()
#6 /Applications/XAMPP/xamppfiles/htdocs/Project (Laravel)/phplaravel/Module_06/vendor/laravel/framework/src/Illuminate/Database/Query/Builder.php(3703): Illuminate\\Database\\Query\\Builder->Illuminate\\Database\\Query\\{closure}()
#7 /Applications/XAMPP/xamppfiles/htdocs/Project (Laravel)/phplaravel/Module_06/vendor/laravel/framework/src/Illuminate/Database/Query/Builder.php(3114): Illuminate\\Database\\Query\\Builder->onceWithColumns(Array, Object(Closure))
#8 /Applications/XAMPP/xamppfiles/htdocs/Project (Laravel)/phplaravel/Module_06/vendor/laravel/framework/src/Illuminate/Database/Concerns/BuildsQueries.php(344): Illuminate\\Database\\Query\\Builder->get(Array)
#9 /Applications/XAMPP/xamppfiles/htdocs/Project (Laravel)/phplaravel/Module_06/vendor/laravel/framework/src/Illuminate/Database/Query/Builder.php(3035): Illuminate\\Database\\Query\\Builder->first(Array)
#10 /Applications/XAMPP/xamppfiles/htdocs/Project (Laravel)/phplaravel/Module_06/vendor/laravel/framework/src/Illuminate/Session/DatabaseSessionHandler.php(97): Illuminate\\Database\\Query\\Builder->find('bxJpXgBybClkG8V...')
#11 /Applications/XAMPP/xamppfiles/htdocs/Project (Laravel)/phplaravel/Module_06/vendor/laravel/framework/src/Illuminate/Session/Store.php(113): Illuminate\\Session\\DatabaseSessionHandler->read('bxJpXgBybClkG8V...')
#12 /Applications/XAMPP/xamppfiles/htdocs/Project (Laravel)/phplaravel/Module_06/vendor/laravel/framework/src/Illuminate/Session/Store.php(101): Illuminate\\Session\\Store->readFromHandler()
#13 /Applications/XAMPP/xamppfiles/htdocs/Project (Laravel)/phplaravel/Module_06/vendor/laravel/framework/src/Illuminate/Session/Store.php(85): Illuminate\\Session\\Store->loadSession()
#14 /Applications/XAMPP/xamppfiles/htdocs/Project (Laravel)/phplaravel/Module_06/vendor/laravel/framework/src/Illuminate/Session/Middleware/StartSession.php(147): Illuminate\\Session\\Store->start()
#15 /Applications/XAMPP/xamppfiles/htdocs/Project (Laravel)/phplaravel/Module_06/vendor/laravel/framework/src/Illuminate/Support/helpers.php(380): Illuminate\\Session\\Middleware\\StartSession->Illuminate\\Session\\Middleware\\{closure}(Object(Illuminate\\Session\\Store))
#16 /Applications/XAMPP/xamppfiles/htdocs/Project (Laravel)/phplaravel/Module_06/vendor/laravel/framework/src/Illuminate/Session/Middleware/StartSession.php(144): tap(Object(Illuminate\\Session\\Store), Object(Closure))
#17 /Applications/XAMPP/xamppfiles/htdocs/Project (Laravel)/phplaravel/Module_06/vendor/laravel/framework/src/Illuminate/Session/Middleware/StartSession.php(116): Illuminate\\Session\\Middleware\\StartSession->startSession(Object(Illuminate\\Http\\Request), Object(Illuminate\\Session\\Store))
#18 /Applications/XAMPP/xamppfiles/htdocs/Project (Laravel)/phplaravel/Module_06/vendor/laravel/framework/src/Illuminate/Session/Middleware/StartSession.php(64): Illuminate\\Session\\Middleware\\StartSession->handleStatefulRequest(Object(Illuminate\\Http\\Request), Object(Illuminate\\Session\\Store), Object(Closure))
#19 /Applications/XAMPP/xamppfiles/htdocs/Project (Laravel)/phplaravel/Module_06/vendor/laravel/framework/src/Illuminate/Pipeline/Pipeline.php(183): Illuminate\\Session\\Middleware\\StartSession->handle(Object(Illuminate\\Http\\Request), Object(Closure))
#20 /Applications/XAMPP/xamppfiles/htdocs/Project (Laravel)/phplaravel/Module_06/vendor/laravel/framework/src/Illuminate/Cookie/Middleware/AddQueuedCookiesToResponse.php(37): Illuminate\\Pipeline\\Pipeline->Illuminate\\Pipeline\\{closure}(Object(Illuminate\\Http\\Request))
#21 /Applications/XAMPP/xamppfiles/htdocs/Project (Laravel)/phplaravel/Module_06/vendor/laravel/framework/src/Illuminate/Pipeline/Pipeline.php(183): Illuminate\\Cookie\\Middleware\\AddQueuedCookiesToResponse->handle(Object(Illuminate\\Http\\Request), Object(Closure))
#22 /Applications/XAMPP/xamppfiles/htdocs/Project (Laravel)/phplaravel/Module_06/vendor/laravel/framework/src/Illuminate/Cookie/Middleware/EncryptCookies.php(75): Illuminate\\Pipeline\\Pipeline->Illuminate\\Pipeline\\{closure}(Object(Illuminate\\Http\\Request))
#23 /Applications/XAMPP/xamppfiles/htdocs/Project (Laravel)/phplaravel/Module_06/vendor/laravel/framework/src/Illuminate/Pipeline/Pipeline.php(183): Illuminate\\Cookie\\Middleware\\EncryptCookies->handle(Object(Illuminate\\Http\\Request), Object(Closure))
#24 /Applications/XAMPP/xamppfiles/htdocs/Project (Laravel)/phplaravel/Module_06/vendor/laravel/framework/src/Illuminate/Pipeline/Pipeline.php(119): Illuminate\\Pipeline\\Pipeline->Illuminate\\Pipeline\\{closure}(Object(Illuminate\\Http\\Request))
#25 /Applications/XAMPP/xamppfiles/htdocs/Project (Laravel)/phplaravel/Module_06/vendor/laravel/framework/src/Illuminate/Routing/Router.php(807): Illuminate\\Pipeline\\Pipeline->then(Object(Closure))
#26 /Applications/XAMPP/xamppfiles/htdocs/Project (Laravel)/phplaravel/Module_06/vendor/laravel/framework/src/Illuminate/Routing/Router.php(786): Illuminate\\Routing\\Router->runRouteWithinStack(Object(Illuminate\\Routing\\Route), Object(Illuminate\\Http\\Request))
#27 /Applications/XAMPP/xamppfiles/htdocs/Project (Laravel)/phplaravel/Module_06/vendor/laravel/framework/src/Illuminate/Routing/Router.php(750): Illuminate\\Routing\\Router->runRoute(Object(Illuminate\\Http\\Request), Object(Illuminate\\Routing\\Route))
#28 /Applications/XAMPP/xamppfiles/htdocs/Project (Laravel)/phplaravel/Module_06/vendor/laravel/framework/src/Illuminate/Routing/Router.php(739): Illuminate\\Routing\\Router->dispatchToRoute(Object(Illuminate\\Http\\Request))
#29 /Applications/XAMPP/xamppfiles/htdocs/Project (Laravel)/phplaravel/Module_06/vendor/laravel/framework/src/Illuminate/Foundation/Http/Kernel.php(201): Illuminate\\Routing\\Router->dispatch(Object(Illuminate\\Http\\Request))
#30 /Applications/XAMPP/xamppfiles/htdocs/Project (Laravel)/phplaravel/Module_06/vendor/laravel/framework/src/Illuminate/Pipeline/Pipeline.php(144): Illuminate\\Foundation\\Http\\Kernel->Illuminate\\Foundation\\Http\\{closure}(Object(Illuminate\\Http\\Request))
#31 /Applications/XAMPP/xamppfiles/htdocs/Project (Laravel)/phplaravel/Module_06/vendor/laravel/framework/src/Illuminate/Foundation/Http/Middleware/TransformsRequest.php(21): Illuminate\\Pipeline\\Pipeline->Illuminate\\Pipeline\\{closure}(Object(Illuminate\\Http\\Request))
#32 /Applications/XAMPP/xamppfiles/htdocs/Project (Laravel)/phplaravel/Module_06/vendor/laravel/framework/src/Illuminate/Foundation/Http/Middleware/ConvertEmptyStringsToNull.php(31): Illuminate\\Foundation\\Http\\Middleware\\TransformsRequest->handle(Object(Illuminate\\Http\\Request), Object(Closure))
#33 /Applications/XAMPP/xamppfiles/htdocs/Project (Laravel)/phplaravel/Module_06/vendor/laravel/framework/src/Illuminate/Pipeline/Pipeline.php(183): Illuminate\\Foundation\\Http\\Middleware\\ConvertEmptyStringsToNull->handle(Object(Illuminate\\Http\\Request), Object(Closure))
#34 /Applications/XAMPP/xamppfiles/htdocs/Project (Laravel)/phplaravel/Module_06/vendor/laravel/framework/src/Illuminate/Foundation/Http/Middleware/TransformsRequest.php(21): Illuminate\\Pipeline\\Pipeline->Illuminate\\Pipeline\\{closure}(Object(Illuminate\\Http\\Request))
#35 /Applications/XAMPP/xamppfiles/htdocs/Project (Laravel)/phplaravel/Module_06/vendor/laravel/framework/src/Illuminate/Foundation/Http/Middleware/TrimStrings.php(51): Illuminate\\Foundation\\Http\\Middleware\\TransformsRequest->handle(Object(Illuminate\\Http\\Request), Object(Closure))
#36 /Applications/XAMPP/xamppfiles/htdocs/Project (Laravel)/phplaravel/Module_06/vendor/laravel/framework/src/Illuminate/Pipeline/Pipeline.php(183): Illuminate\\Foundation\\Http\\Middleware\\TrimStrings->handle(Object(Illuminate\\Http\\Request), Object(Closure))
#37 /Applications/XAMPP/xamppfiles/htdocs/Project (Laravel)/phplaravel/Module_06/vendor/laravel/framework/src/Illuminate/Http/Middleware/ValidatePostSize.php(27): Illuminate\\Pipeline\\Pipeline->Illuminate\\Pipeline\\{closure}(Object(Illuminate\\Http\\Request))
#38 /Applications/XAMPP/xamppfiles/htdocs/Project (Laravel)/phplaravel/Module_06/vendor/laravel/framework/src/Illuminate/Pipeline/Pipeline.php(183): Illuminate\\Http\\Middleware\\ValidatePostSize->handle(Object(Illuminate\\Http\\Request), Object(Closure))
#39 /Applications/XAMPP/xamppfiles/htdocs/Project (Laravel)/phplaravel/Module_06/vendor/laravel/framework/src/Illuminate/Foundation/Http/Middleware/PreventRequestsDuringMaintenance.php(110): Illuminate\\Pipeline\\Pipeline->Illuminate\\Pipeline\\{closure}(Object(Illuminate\\Http\\Request))
#40 /Applications/XAMPP/xamppfiles/htdocs/Project (Laravel)/phplaravel/Module_06/vendor/laravel/framework/src/Illuminate/Pipeline/Pipeline.php(183): Illuminate\\Foundation\\Http\\Middleware\\PreventRequestsDuringMaintenance->handle(Object(Illuminate\\Http\\Request), Object(Closure))
#41 /Applications/XAMPP/xamppfiles/htdocs/Project (Laravel)/phplaravel/Module_06/vendor/laravel/framework/src/Illuminate/Http/Middleware/HandleCors.php(49): Illuminate\\Pipeline\\Pipeline->Illuminate\\Pipeline\\{closure}(Object(Illuminate\\Http\\Request))
#42 /Applications/XAMPP/xamppfiles/htdocs/Project (Laravel)/phplaravel/Module_06/vendor/laravel/framework/src/Illuminate/Pipeline/Pipeline.php(183): Illuminate\\Http\\Middleware\\HandleCors->handle(Object(Illuminate\\Http\\Request), Object(Closure))
#43 /Applications/XAMPP/xamppfiles/htdocs/Project (Laravel)/phplaravel/Module_06/vendor/laravel/framework/src/Illuminate/Http/Middleware/TrustProxies.php(58): Illuminate\\Pipeline\\Pipeline->Illuminate\\Pipeline\\{closure}(Object(Illuminate\\Http\\Request))
#44 /Applications/XAMPP/xamppfiles/htdocs/Project (Laravel)/phplaravel/Module_06/vendor/laravel/framework/src/Illuminate/Pipeline/Pipeline.php(183): Illuminate\\Http\\Middleware\\TrustProxies->handle(Object(Illuminate\\Http\\Request), Object(Closure))
#45 /Applications/XAMPP/xamppfiles/htdocs/Project (Laravel)/phplaravel/Module_06/vendor/laravel/framework/src/Illuminate/Foundation/Http/Middleware/InvokeDeferredCallbacks.php(22): Illuminate\\Pipeline\\Pipeline->Illuminate\\Pipeline\\{closure}(Object(Illuminate\\Http\\Request))
#46 /Applications/XAMPP/xamppfiles/htdocs/Project (Laravel)/phplaravel/Module_06/vendor/laravel/framework/src/Illuminate/Pipeline/Pipeline.php(183): Illuminate\\Foundation\\Http\\Middleware\\InvokeDeferredCallbacks->handle(Object(Illuminate\\Http\\Request), Object(Closure))
#47 /Applications/XAMPP/xamppfiles/htdocs/Project (Laravel)/phplaravel/Module_06/vendor/laravel/framework/src/Illuminate/Pipeline/Pipeline.php(119): Illuminate\\Pipeline\\Pipeline->Illuminate\\Pipeline\\{closure}(Object(Illuminate\\Http\\Request))
#48 /Applications/XAMPP/xamppfiles/htdocs/Project (Laravel)/phplaravel/Module_06/vendor/laravel/framework/src/Illuminate/Foundation/Http/Kernel.php(176): Illuminate\\Pipeline\\Pipeline->then(Object(Closure))
#49 /Applications/XAMPP/xamppfiles/htdocs/Project (Laravel)/phplaravel/Module_06/vendor/laravel/framework/src/Illuminate/Foundation/Http/Kernel.php(145): Illuminate\\Foundation\\Http\\Kernel->sendRequestThroughRouter(Object(Illuminate\\Http\\Request))
#50 /Applications/XAMPP/xamppfiles/htdocs/Project (Laravel)/phplaravel/Module_06/vendor/laravel/framework/src/Illuminate/Foundation/Application.php(1188): Illuminate\\Foundation\\Http\\Kernel->handle(Object(Illuminate\\Http\\Request))
#51 /Applications/XAMPP/xamppfiles/htdocs/Project (Laravel)/phplaravel/Module_06/public/index.php(17): Illuminate\\Foundation\\Application->handleRequest(Object(Illuminate\\Http\\Request))
#52 /Applications/XAMPP/xamppfiles/htdocs/Project (Laravel)/phplaravel/Module_06/vendor/laravel/framework/src/Illuminate/Foundation/resources/server.php(23): require_once('/Applications/X...')
#53 {main}

[previous exception] [object] (PDOException(code: 2002): SQLSTATE[HY000] [2002] Connection refused at /Applications/XAMPP/xamppfiles/htdocs/Project (Laravel)/phplaravel/Module_06/vendor/laravel/framework/src/Illuminate/Database/Connectors/Connector.php:66)
[stacktrace]
#0 /Applications/XAMPP/xamppfiles/htdocs/Project (Laravel)/phplaravel/Module_06/vendor/laravel/framework/src/Illuminate/Database/Connectors/Connector.php(66): PDO->__construct('mysql:host=127....', 'root', Object(SensitiveParameterValue), Array)
#1 /Applications/XAMPP/xamppfiles/htdocs/Project (Laravel)/phplaravel/Module_06/vendor/laravel/framework/src/Illuminate/Database/Connectors/Connector.php(85): Illuminate\\Database\\Connectors\\Connector->createPdoConnection('mysql:host=127....', 'root', '', Array)
#2 /Applications/XAMPP/xamppfiles/htdocs/Project (Laravel)/phplaravel/Module_06/vendor/laravel/framework/src/Illuminate/Database/Connectors/Connector.php(48): Illuminate\\Database\\Connectors\\Connector->tryAgainIfCausedByLostConnection(Object(PDOException), 'mysql:host=127....', 'root', '', Array)
#3 /Applications/XAMPP/xamppfiles/htdocs/Project (Laravel)/phplaravel/Module_06/vendor/laravel/framework/src/Illuminate/Database/Connectors/MySqlConnector.php(24): Illuminate\\Database\\Connectors\\Connector->createConnection('mysql:host=127....', Array, Array)
#4 /Applications/XAMPP/xamppfiles/htdocs/Project (Laravel)/phplaravel/Module_06/vendor/laravel/framework/src/Illuminate/Database/Connectors/ConnectionFactory.php(185): Illuminate\\Database\\Connectors\\MySqlConnector->connect(Array)
#5 [internal function]: Illuminate\\Database\\Connectors\\ConnectionFactory->Illuminate\\Database\\Connectors\\{closure}()
#6 /Applications/XAMPP/xamppfiles/htdocs/Project (Laravel)/phplaravel/Module_06/vendor/laravel/framework/src/Illuminate/Database/Connection.php(1231): call_user_func(Object(Closure))
#7 /Applications/XAMPP/xamppfiles/htdocs/Project (Laravel)/phplaravel/Module_06/vendor/laravel/framework/src/Illuminate/Database/Connection.php(1267): Illuminate\\Database\\Connection->getPdo()
#8 /Applications/XAMPP/xamppfiles/htdocs/Project (Laravel)/phplaravel/Module_06/vendor/laravel/framework/src/Illuminate/Database/Connection.php(512): Illuminate\\Database\\Connection->getReadPdo()
#9 /Applications/XAMPP/xamppfiles/htdocs/Project (Laravel)/phplaravel/Module_06/vendor/laravel/framework/src/Illuminate/Database/Connection.php(407): Illuminate\\Database\\Connection->getPdoForSelect(true)
#10 /Applications/XAMPP/xamppfiles/htdocs/Project (Laravel)/phplaravel/Module_06/vendor/laravel/framework/src/Illuminate/Database/Connection.php(812): Illuminate\\Database\\Connection->Illuminate\\Database\\{closure}('select * from `...', Array)
#11 /Applications/XAMPP/xamppfiles/htdocs/Project (Laravel)/phplaravel/Module_06/vendor/laravel/framework/src/Illuminate/Database/Connection.php(979): Illuminate\\Database\\Connection->runQueryCallback('select * from `...', Array, Object(Closure))
#12 /Applications/XAMPP/xamppfiles/htdocs/Project (Laravel)/phplaravel/Module_06/vendor/laravel/framework/src/Illuminate/Database/Connection.php(958): Illuminate\\Database\\Connection->tryAgainIfCausedByLostConnection(Object(Illuminate\\Database\\QueryException), 'select * from `...', Array, Object(Closure))
#13 /Applications/XAMPP/xamppfiles/htdocs/Project (Laravel)/phplaravel/Module_06/vendor/laravel/framework/src/Illuminate/Database/Connection.php(781): Illuminate\\Database\\Connection->handleQueryException(Object(Illuminate\\Database\\QueryException), 'select * from `...', Array, Object(Closure))
#14 /Applications/XAMPP/xamppfiles/htdocs/Project (Laravel)/phplaravel/Module_06/vendor/laravel/framework/src/Illuminate/Database/Connection.php(398): Illuminate\\Database\\Connection->run('select * from `...', Array, Object(Closure))
#15 /Applications/XAMPP/xamppfiles/htdocs/Project (Laravel)/phplaravel/Module_06/vendor/laravel/framework/src/Illuminate/Database/Query/Builder.php(3130): Illuminate\\Database\\Connection->select('select * from `...', Array, true)
#16 /Applications/XAMPP/xamppfiles/htdocs/Project (Laravel)/phplaravel/Module_06/vendor/laravel/framework/src/Illuminate/Database/Query/Builder.php(3115): Illuminate\\Database\\Query\\Builder->runSelect()
#17 /Applications/XAMPP/xamppfiles/htdocs/Project (Laravel)/phplaravel/Module_06/vendor/laravel/framework/src/Illuminate/Database/Query/Builder.php(3703): Illuminate\\Database\\Query\\Builder->Illuminate\\Database\\Query\\{closure}()
#18 /Applications/XAMPP/xamppfiles/htdocs/Project (Laravel)/phplaravel/Module_06/vendor/laravel/framework/src/Illuminate/Database/Query/Builder.php(3114): Illuminate\\Database\\Query\\Builder->onceWithColumns(Array, Object(Closure))
#19 /Applications/XAMPP/xamppfiles/htdocs/Project (Laravel)/phplaravel/Module_06/vendor/laravel/framework/src/Illuminate/Database/Concerns/BuildsQueries.php(344): Illuminate\\Database\\Query\\Builder->get(Array)
#20 /Applications/XAMPP/xamppfiles/htdocs/Project (Laravel)/phplaravel/Module_06/vendor/laravel/framework/src/Illuminate/Database/Query/Builder.php(3035): Illuminate\\Database\\Query\\Builder->first(Array)
#21 /Applications/XAMPP/xamppfiles/htdocs/Project (Laravel)/phplaravel/Module_06/vendor/laravel/framework/src/Illuminate/Session/DatabaseSessionHandler.php(97): Illuminate\\Database\\Query\\Builder->find('bxJpXgBybClkG8V...')
#22 /Applications/XAMPP/xamppfiles/htdocs/Project (Laravel)/phplaravel/Module_06/vendor/laravel/framework/src/Illuminate/Session/Store.php(113): Illuminate\\Session\\DatabaseSessionHandler->read('bxJpXgBybClkG8V...')
#23 /Applications/XAMPP/xamppfiles/htdocs/Project (Laravel)/phplaravel/Module_06/vendor/laravel/framework/src/Illuminate/Session/Store.php(101): Illuminate\\Session\\Store->readFromHandler()
#24 /Applications/XAMPP/xamppfiles/htdocs/Project (Laravel)/phplaravel/Module_06/vendor/laravel/framework/src/Illuminate/Session/Store.php(85): Illuminate\\Session\\Store->loadSession()
#25 /Applications/XAMPP/xamppfiles/htdocs/Project (Laravel)/phplaravel/Module_06/vendor/laravel/framework/src/Illuminate/Session/Middleware/StartSession.php(147): Illuminate\\Session\\Store->start()
#26 /Applications/XAMPP/xamppfiles/htdocs/Project (Laravel)/phplaravel/Module_06/vendor/laravel/framework/src/Illuminate/Support/helpers.php(380): Illuminate\\Session\\Middleware\\StartSession->Illuminate\\Session\\Middleware\\{closure}(Object(Illuminate\\Session\\Store))
#27 /Applications/XAMPP/xamppfiles/htdocs/Project (Laravel)/phplaravel/Module_06/vendor/laravel/framework/src/Illuminate/Session/Middleware/StartSession.php(144): tap(Object(Illuminate\\Session\\Store), Object(Closure))
#28 /Applications/XAMPP/xamppfiles/htdocs/Project (Laravel)/phplaravel/Module_06/vendor/laravel/framework/src/Illuminate/Session/Middleware/StartSession.php(116): Illuminate\\Session\\Middleware\\StartSession->startSession(Object(Illuminate\\Http\\Request), Object(Illuminate\\Session\\Store))
#29 /Applications/XAMPP/xamppfiles/htdocs/Project (Laravel)/phplaravel/Module_06/vendor/laravel/framework/src/Illuminate/Session/Middleware/StartSession.php(64): Illuminate\\Session\\Middleware\\StartSession->handleStatefulRequest(Object(Illuminate\\Http\\Request), Object(Illuminate\\Session\\Store), Object(Closure))
#30 /Applications/XAMPP/xamppfiles/htdocs/Project (Laravel)/phplaravel/Module_06/vendor/laravel/framework/src/Illuminate/Pipeline/Pipeline.php(183): Illuminate\\Session\\Middleware\\StartSession->handle(Object(Illuminate\\Http\\Request), Object(Closure))
#31 /Applications/XAMPP/xamppfiles/htdocs/Project (Laravel)/phplaravel/Module_06/vendor/laravel/framework/src/Illuminate/Cookie/Middleware/AddQueuedCookiesToResponse.php(37): Illuminate\\Pipeline\\Pipeline->Illuminate\\Pipeline\\{closure}(Object(Illuminate\\Http\\Request))
#32 /Applications/XAMPP/xamppfiles/htdocs/Project (Laravel)/phplaravel/Module_06/vendor/laravel/framework/src/Illuminate/Pipeline/Pipeline.php(183): Illuminate\\Cookie\\Middleware\\AddQueuedCookiesToResponse->handle(Object(Illuminate\\Http\\Request), Object(Closure))
#33 /Applications/XAMPP/xamppfiles/htdocs/Project (Laravel)/phplaravel/Module_06/vendor/laravel/framework/src/Illuminate/Cookie/Middleware/EncryptCookies.php(75): Illuminate\\Pipeline\\Pipeline->Illuminate\\Pipeline\\{closure}(Object(Illuminate\\Http\\Request))
#34 /Applications/XAMPP/xamppfiles/htdocs/Project (Laravel)/phplaravel/Module_06/vendor/laravel/framework/src/Illuminate/Pipeline/Pipeline.php(183): Illuminate\\Cookie\\Middleware\\EncryptCookies->handle(Object(Illuminate\\Http\\Request), Object(Closure))
#35 /Applications/XAMPP/xamppfiles/htdocs/Project (Laravel)/phplaravel/Module_06/vendor/laravel/framework/src/Illuminate/Pipeline/Pipeline.php(119): Illuminate\\Pipeline\\Pipeline->Illuminate\\Pipeline\\{closure}(Object(Illuminate\\Http\\Request))
#36 /Applications/XAMPP/xamppfiles/htdocs/Project (Laravel)/phplaravel/Module_06/vendor/laravel/framework/src/Illuminate/Routing/Router.php(807): Illuminate\\Pipeline\\Pipeline->then(Object(Closure))
#37 /Applications/XAMPP/xamppfiles/htdocs/Project (Laravel)/phplaravel/Module_06/vendor/laravel/framework/src/Illuminate/Routing/Router.php(786): Illuminate\\Routing\\Router->runRouteWithinStack(Object(Illuminate\\Routing\\Route), Object(Illuminate\\Http\\Request))
#38 /Applications/XAMPP/xamppfiles/htdocs/Project (Laravel)/phplaravel/Module_06/vendor/laravel/framework/src/Illuminate/Routing/Router.php(750): Illuminate\\Routing\\Router->runRoute(Object(Illuminate\\Http\\Request), Object(Illuminate\\Routing\\Route))
#39 /Applications/XAMPP/xamppfiles/htdocs/Project (Laravel)/phplaravel/Module_06/vendor/laravel/framework/src/Illuminate/Routing/Router.php(739): Illuminate\\Routing\\Router->dispatchToRoute(Object(Illuminate\\Http\\Request))
#40 /Applications/XAMPP/xamppfiles/htdocs/Project (Laravel)/phplaravel/Module_06/vendor/laravel/framework/src/Illuminate/Foundation/Http/Kernel.php(201): Illuminate\\Routing\\Router->dispatch(Object(Illuminate\\Http\\Request))
#41 /Applications/XAMPP/xamppfiles/htdocs/Project (Laravel)/phplaravel/Module_06/vendor/laravel/framework/src/Illuminate/Pipeline/Pipeline.php(144): Illuminate\\Foundation\\Http\\Kernel->Illuminate\\Foundation\\Http\\{closure}(Object(Illuminate\\Http\\Request))
#42 /Applications/XAMPP/xamppfiles/htdocs/Project (Laravel)/phplaravel/Module_06/vendor/laravel/framework/src/Illuminate/Foundation/Http/Middleware/TransformsRequest.php(21): Illuminate\\Pipeline\\Pipeline->Illuminate\\Pipeline\\{closure}(Object(Illuminate\\Http\\Request))
#43 /Applications/XAMPP/xamppfiles/htdocs/Project (Laravel)/phplaravel/Module_06/vendor/laravel/framework/src/Illuminate/Foundation/Http/Middleware/ConvertEmptyStringsToNull.php(31): Illuminate\\Foundation\\Http\\Middleware\\TransformsRequest->handle(Object(Illuminate\\Http\\Request), Object(Closure))
#44 /Applications/XAMPP/xamppfiles/htdocs/Project (Laravel)/phplaravel/Module_06/vendor/laravel/framework/src/Illuminate/Pipeline/Pipeline.php(183): Illuminate\\Foundation\\Http\\Middleware\\ConvertEmptyStringsToNull->handle(Object(Illuminate\\Http\\Request), Object(Closure))
#45 /Applications/XAMPP/xamppfiles/htdocs/Project (Laravel)/phplaravel/Module_06/vendor/laravel/framework/src/Illuminate/Foundation/Http/Middleware/TransformsRequest.php(21): Illuminate\\Pipeline\\Pipeline->Illuminate\\Pipeline\\{closure}(Object(Illuminate\\Http\\Request))
#46 /Applications/XAMPP/xamppfiles/htdocs/Project (Laravel)/phplaravel/Module_06/vendor/laravel/framework/src/Illuminate/Foundation/Http/Middleware/TrimStrings.php(51): Illuminate\\Foundation\\Http\\Middleware\\TransformsRequest->handle(Object(Illuminate\\Http\\Request), Object(Closure))
#47 /Applications/XAMPP/xamppfiles/htdocs/Project (Laravel)/phplaravel/Module_06/vendor/laravel/framework/src/Illuminate/Pipeline/Pipeline.php(183): Illuminate\\Foundation\\Http\\Middleware\\TrimStrings->handle(Object(Illuminate\\Http\\Request), Object(Closure))
#48 /Applications/XAMPP/xamppfiles/htdocs/Project (Laravel)/phplaravel/Module_06/vendor/laravel/framework/src/Illuminate/Http/Middleware/ValidatePostSize.php(27): Illuminate\\Pipeline\\Pipeline->Illuminate\\Pipeline\\{closure}(Object(Illuminate\\Http\\Request))
#49 /Applications/XAMPP/xamppfiles/htdocs/Project (Laravel)/phplaravel/Module_06/vendor/laravel/framework/src/Illuminate/Pipeline/Pipeline.php(183): Illuminate\\Http\\Middleware\\ValidatePostSize->handle(Object(Illuminate\\Http\\Request), Object(Closure))
#50 /Applications/XAMPP/xamppfiles/htdocs/Project (Laravel)/phplaravel/Module_06/vendor/laravel/framework/src/Illuminate/Foundation/Http/Middleware/PreventRequestsDuringMaintenance.php(110): Illuminate\\Pipeline\\Pipeline->Illuminate\\Pipeline\\{closure}(Object(Illuminate\\Http\\Request))
#51 /Applications/XAMPP/xamppfiles/htdocs/Project (Laravel)/phplaravel/Module_06/vendor/laravel/framework/src/Illuminate/Pipeline/Pipeline.php(183): Illuminate\\Foundation\\Http\\Middleware\\PreventRequestsDuringMaintenance->handle(Object(Illuminate\\Http\\Request), Object(Closure))
#52 /Applications/XAMPP/xamppfiles/htdocs/Project (Laravel)/phplaravel/Module_06/vendor/laravel/framework/src/Illuminate/Http/Middleware/HandleCors.php(49): Illuminate\\Pipeline\\Pipeline->Illuminate\\Pipeline\\{closure}(Object(Illuminate\\Http\\Request))
#53 /Applications/XAMPP/xamppfiles/htdocs/Project (Laravel)/phplaravel/Module_06/vendor/laravel/framework/src/Illuminate/Pipeline/Pipeline.php(183): Illuminate\\Http\\Middleware\\HandleCors->handle(Object(Illuminate\\Http\\Request), Object(Closure))
#54 /Applications/XAMPP/xamppfiles/htdocs/Project (Laravel)/phplaravel/Module_06/vendor/laravel/framework/src/Illuminate/Http/Middleware/TrustProxies.php(58): Illuminate\\Pipeline\\Pipeline->Illuminate\\Pipeline\\{closure}(Object(Illuminate\\Http\\Request))
#55 /Applications/XAMPP/xamppfiles/htdocs/Project (Laravel)/phplaravel/Module_06/vendor/laravel/framework/src/Illuminate/Pipeline/Pipeline.php(183): Illuminate\\Http\\Middleware\\TrustProxies->handle(Object(Illuminate\\Http\\Request), Object(Closure))
#56 /Applications/XAMPP/xamppfiles/htdocs/Project (Laravel)/phplaravel/Module_06/vendor/laravel/framework/src/Illuminate/Foundation/Http/Middleware/InvokeDeferredCallbacks.php(22): Illuminate\\Pipeline\\Pipeline->Illuminate\\Pipeline\\{closure}(Object(Illuminate\\Http\\Request))
#57 /Applications/XAMPP/xamppfiles/htdocs/Project (Laravel)/phplaravel/Module_06/vendor/laravel/framework/src/Illuminate/Pipeline/Pipeline.php(183): Illuminate\\Foundation\\Http\\Middleware\\InvokeDeferredCallbacks->handle(Object(Illuminate\\Http\\Request), Object(Closure))
#58 /Applications/XAMPP/xamppfiles/htdocs/Project (Laravel)/phplaravel/Module_06/vendor/laravel/framework/src/Illuminate/Pipeline/Pipeline.php(119): Illuminate\\Pipeline\\Pipeline->Illuminate\\Pipeline\\{closure}(Object(Illuminate\\Http\\Request))
#59 /Applications/XAMPP/xamppfiles/htdocs/Project (Laravel)/phplaravel/Module_06/vendor/laravel/framework/src/Illuminate/Foundation/Http/Kernel.php(176): Illuminate\\Pipeline\\Pipeline->then(Object(Closure))
#60 /Applications/XAMPP/xamppfiles/htdocs/Project (Laravel)/phplaravel/Module_06/vendor/laravel/framework/src/Illuminate/Foundation/Http/Kernel.php(145): Illuminate\\Foundation\\Http\\Kernel->sendRequestThroughRouter(Object(Illuminate\\Http\\Request))
#61 /Applications/XAMPP/xamppfiles/htdocs/Project (Laravel)/phplaravel/Module_06/vendor/laravel/framework/src/Illuminate/Foundation/Application.php(1188): Illuminate\\Foundation\\Http\\Kernel->handle(Object(Illuminate\\Http\\Request))
#62 /Applications/XAMPP/xamppfiles/htdocs/Project (Laravel)/phplaravel/Module_06/public/index.php(17): Illuminate\\Foundation\\Application->handleRequest(Object(Illuminate\\Http\\Request))
#63 /Applications/XAMPP/xamppfiles/htdocs/Project (Laravel)/phplaravel/Module_06/vendor/laravel/framework/src/Illuminate/Foundation/resources/server.php(23): require_once('/Applications/X...')
#64 {main}
"} 
[2024-09-28 18:29:25] local.ERROR: SQLSTATE[HY000] [2002] Connection refused (Connection: mysql, SQL: select * from `sessions` where `id` = iWdY2NYVlqQHXufGy54KPQ9iexSsezx67dYVzUW7 limit 1) {"exception":"[object] (Illuminate\\Database\\QueryException(code: 2002): SQLSTATE[HY000] [2002] Connection refused (Connection: mysql, SQL: select * from `sessions` where `id` = iWdY2NYVlqQHXufGy54KPQ9iexSsezx67dYVzUW7 limit 1) at /Applications/XAMPP/xamppfiles/htdocs/Project (Laravel)/phplaravel/Module_06/vendor/laravel/framework/src/Illuminate/Database/Connection.php:825)
[stacktrace]
#0 /Applications/XAMPP/xamppfiles/htdocs/Project (Laravel)/phplaravel/Module_06/vendor/laravel/framework/src/Illuminate/Database/Connection.php(979): Illuminate\\Database\\Connection->runQueryCallback('select * from `...', Array, Object(Closure))
#1 /Applications/XAMPP/xamppfiles/htdocs/Project (Laravel)/phplaravel/Module_06/vendor/laravel/framework/src/Illuminate/Database/Connection.php(958): Illuminate\\Database\\Connection->tryAgainIfCausedByLostConnection(Object(Illuminate\\Database\\QueryException), 'select * from `...', Array, Object(Closure))
#2 /Applications/XAMPP/xamppfiles/htdocs/Project (Laravel)/phplaravel/Module_06/vendor/laravel/framework/src/Illuminate/Database/Connection.php(781): Illuminate\\Database\\Connection->handleQueryException(Object(Illuminate\\Database\\QueryException), 'select * from `...', Array, Object(Closure))
#3 /Applications/XAMPP/xamppfiles/htdocs/Project (Laravel)/phplaravel/Module_06/vendor/laravel/framework/src/Illuminate/Database/Connection.php(398): Illuminate\\Database\\Connection->run('select * from `...', Array, Object(Closure))
#4 /Applications/XAMPP/xamppfiles/htdocs/Project (Laravel)/phplaravel/Module_06/vendor/laravel/framework/src/Illuminate/Database/Query/Builder.php(3130): Illuminate\\Database\\Connection->select('select * from `...', Array, true)
#5 /Applications/XAMPP/xamppfiles/htdocs/Project (Laravel)/phplaravel/Module_06/vendor/laravel/framework/src/Illuminate/Database/Query/Builder.php(3115): Illuminate\\Database\\Query\\Builder->runSelect()
#6 /Applications/XAMPP/xamppfiles/htdocs/Project (Laravel)/phplaravel/Module_06/vendor/laravel/framework/src/Illuminate/Database/Query/Builder.php(3703): Illuminate\\Database\\Query\\Builder->Illuminate\\Database\\Query\\{closure}()
#7 /Applications/XAMPP/xamppfiles/htdocs/Project (Laravel)/phplaravel/Module_06/vendor/laravel/framework/src/Illuminate/Database/Query/Builder.php(3114): Illuminate\\Database\\Query\\Builder->onceWithColumns(Array, Object(Closure))
#8 /Applications/XAMPP/xamppfiles/htdocs/Project (Laravel)/phplaravel/Module_06/vendor/laravel/framework/src/Illuminate/Database/Concerns/BuildsQueries.php(344): Illuminate\\Database\\Query\\Builder->get(Array)
#9 /Applications/XAMPP/xamppfiles/htdocs/Project (Laravel)/phplaravel/Module_06/vendor/laravel/framework/src/Illuminate/Database/Query/Builder.php(3035): Illuminate\\Database\\Query\\Builder->first(Array)
#10 /Applications/XAMPP/xamppfiles/htdocs/Project (Laravel)/phplaravel/Module_06/vendor/laravel/framework/src/Illuminate/Session/DatabaseSessionHandler.php(97): Illuminate\\Database\\Query\\Builder->find('iWdY2NYVlqQHXuf...')
#11 /Applications/XAMPP/xamppfiles/htdocs/Project (Laravel)/phplaravel/Module_06/vendor/laravel/framework/src/Illuminate/Session/Store.php(113): Illuminate\\Session\\DatabaseSessionHandler->read('iWdY2NYVlqQHXuf...')
#12 /Applications/XAMPP/xamppfiles/htdocs/Project (Laravel)/phplaravel/Module_06/vendor/laravel/framework/src/Illuminate/Session/Store.php(101): Illuminate\\Session\\Store->readFromHandler()
#13 /Applications/XAMPP/xamppfiles/htdocs/Project (Laravel)/phplaravel/Module_06/vendor/laravel/framework/src/Illuminate/Session/Store.php(85): Illuminate\\Session\\Store->loadSession()
#14 /Applications/XAMPP/xamppfiles/htdocs/Project (Laravel)/phplaravel/Module_06/vendor/laravel/framework/src/Illuminate/Session/Middleware/StartSession.php(147): Illuminate\\Session\\Store->start()
#15 /Applications/XAMPP/xamppfiles/htdocs/Project (Laravel)/phplaravel/Module_06/vendor/laravel/framework/src/Illuminate/Support/helpers.php(380): Illuminate\\Session\\Middleware\\StartSession->Illuminate\\Session\\Middleware\\{closure}(Object(Illuminate\\Session\\Store))
#16 /Applications/XAMPP/xamppfiles/htdocs/Project (Laravel)/phplaravel/Module_06/vendor/laravel/framework/src/Illuminate/Session/Middleware/StartSession.php(144): tap(Object(Illuminate\\Session\\Store), Object(Closure))
#17 /Applications/XAMPP/xamppfiles/htdocs/Project (Laravel)/phplaravel/Module_06/vendor/laravel/framework/src/Illuminate/Session/Middleware/StartSession.php(116): Illuminate\\Session\\Middleware\\StartSession->startSession(Object(Illuminate\\Http\\Request), Object(Illuminate\\Session\\Store))
#18 /Applications/XAMPP/xamppfiles/htdocs/Project (Laravel)/phplaravel/Module_06/vendor/laravel/framework/src/Illuminate/Session/Middleware/StartSession.php(64): Illuminate\\Session\\Middleware\\StartSession->handleStatefulRequest(Object(Illuminate\\Http\\Request), Object(Illuminate\\Session\\Store), Object(Closure))
#19 /Applications/XAMPP/xamppfiles/htdocs/Project (Laravel)/phplaravel/Module_06/vendor/laravel/framework/src/Illuminate/Pipeline/Pipeline.php(183): Illuminate\\Session\\Middleware\\StartSession->handle(Object(Illuminate\\Http\\Request), Object(Closure))
#20 /Applications/XAMPP/xamppfiles/htdocs/Project (Laravel)/phplaravel/Module_06/vendor/laravel/framework/src/Illuminate/Cookie/Middleware/AddQueuedCookiesToResponse.php(37): Illuminate\\Pipeline\\Pipeline->Illuminate\\Pipeline\\{closure}(Object(Illuminate\\Http\\Request))
#21 /Applications/XAMPP/xamppfiles/htdocs/Project (Laravel)/phplaravel/Module_06/vendor/laravel/framework/src/Illuminate/Pipeline/Pipeline.php(183): Illuminate\\Cookie\\Middleware\\AddQueuedCookiesToResponse->handle(Object(Illuminate\\Http\\Request), Object(Closure))
#22 /Applications/XAMPP/xamppfiles/htdocs/Project (Laravel)/phplaravel/Module_06/vendor/laravel/framework/src/Illuminate/Cookie/Middleware/EncryptCookies.php(75): Illuminate\\Pipeline\\Pipeline->Illuminate\\Pipeline\\{closure}(Object(Illuminate\\Http\\Request))
#23 /Applications/XAMPP/xamppfiles/htdocs/Project (Laravel)/phplaravel/Module_06/vendor/laravel/framework/src/Illuminate/Pipeline/Pipeline.php(183): Illuminate\\Cookie\\Middleware\\EncryptCookies->handle(Object(Illuminate\\Http\\Request), Object(Closure))
#24 /Applications/XAMPP/xamppfiles/htdocs/Project (Laravel)/phplaravel/Module_06/vendor/laravel/framework/src/Illuminate/Pipeline/Pipeline.php(119): Illuminate\\Pipeline\\Pipeline->Illuminate\\Pipeline\\{closure}(Object(Illuminate\\Http\\Request))
#25 /Applications/XAMPP/xamppfiles/htdocs/Project (Laravel)/phplaravel/Module_06/vendor/laravel/framework/src/Illuminate/Routing/Router.php(807): Illuminate\\Pipeline\\Pipeline->then(Object(Closure))
#26 /Applications/XAMPP/xamppfiles/htdocs/Project (Laravel)/phplaravel/Module_06/vendor/laravel/framework/src/Illuminate/Routing/Router.php(786): Illuminate\\Routing\\Router->runRouteWithinStack(Object(Illuminate\\Routing\\Route), Object(Illuminate\\Http\\Request))
#27 /Applications/XAMPP/xamppfiles/htdocs/Project (Laravel)/phplaravel/Module_06/vendor/laravel/framework/src/Illuminate/Routing/Router.php(750): Illuminate\\Routing\\Router->runRoute(Object(Illuminate\\Http\\Request), Object(Illuminate\\Routing\\Route))
#28 /Applications/XAMPP/xamppfiles/htdocs/Project (Laravel)/phplaravel/Module_06/vendor/laravel/framework/src/Illuminate/Routing/Router.php(739): Illuminate\\Routing\\Router->dispatchToRoute(Object(Illuminate\\Http\\Request))
#29 /Applications/XAMPP/xamppfiles/htdocs/Project (Laravel)/phplaravel/Module_06/vendor/laravel/framework/src/Illuminate/Foundation/Http/Kernel.php(201): Illuminate\\Routing\\Router->dispatch(Object(Illuminate\\Http\\Request))
#30 /Applications/XAMPP/xamppfiles/htdocs/Project (Laravel)/phplaravel/Module_06/vendor/laravel/framework/src/Illuminate/Pipeline/Pipeline.php(144): Illuminate\\Foundation\\Http\\Kernel->Illuminate\\Foundation\\Http\\{closure}(Object(Illuminate\\Http\\Request))
#31 /Applications/XAMPP/xamppfiles/htdocs/Project (Laravel)/phplaravel/Module_06/vendor/laravel/framework/src/Illuminate/Foundation/Http/Middleware/TransformsRequest.php(21): Illuminate\\Pipeline\\Pipeline->Illuminate\\Pipeline\\{closure}(Object(Illuminate\\Http\\Request))
#32 /Applications/XAMPP/xamppfiles/htdocs/Project (Laravel)/phplaravel/Module_06/vendor/laravel/framework/src/Illuminate/Foundation/Http/Middleware/ConvertEmptyStringsToNull.php(31): Illuminate\\Foundation\\Http\\Middleware\\TransformsRequest->handle(Object(Illuminate\\Http\\Request), Object(Closure))
#33 /Applications/XAMPP/xamppfiles/htdocs/Project (Laravel)/phplaravel/Module_06/vendor/laravel/framework/src/Illuminate/Pipeline/Pipeline.php(183): Illuminate\\Foundation\\Http\\Middleware\\ConvertEmptyStringsToNull->handle(Object(Illuminate\\Http\\Request), Object(Closure))
#34 /Applications/XAMPP/xamppfiles/htdocs/Project (Laravel)/phplaravel/Module_06/vendor/laravel/framework/src/Illuminate/Foundation/Http/Middleware/TransformsRequest.php(21): Illuminate\\Pipeline\\Pipeline->Illuminate\\Pipeline\\{closure}(Object(Illuminate\\Http\\Request))
#35 /Applications/XAMPP/xamppfiles/htdocs/Project (Laravel)/phplaravel/Module_06/vendor/laravel/framework/src/Illuminate/Foundation/Http/Middleware/TrimStrings.php(51): Illuminate\\Foundation\\Http\\Middleware\\TransformsRequest->handle(Object(Illuminate\\Http\\Request), Object(Closure))
#36 /Applications/XAMPP/xamppfiles/htdocs/Project (Laravel)/phplaravel/Module_06/vendor/laravel/framework/src/Illuminate/Pipeline/Pipeline.php(183): Illuminate\\Foundation\\Http\\Middleware\\TrimStrings->handle(Object(Illuminate\\Http\\Request), Object(Closure))
#37 /Applications/XAMPP/xamppfiles/htdocs/Project (Laravel)/phplaravel/Module_06/vendor/laravel/framework/src/Illuminate/Http/Middleware/ValidatePostSize.php(27): Illuminate\\Pipeline\\Pipeline->Illuminate\\Pipeline\\{closure}(Object(Illuminate\\Http\\Request))
#38 /Applications/XAMPP/xamppfiles/htdocs/Project (Laravel)/phplaravel/Module_06/vendor/laravel/framework/src/Illuminate/Pipeline/Pipeline.php(183): Illuminate\\Http\\Middleware\\ValidatePostSize->handle(Object(Illuminate\\Http\\Request), Object(Closure))
#39 /Applications/XAMPP/xamppfiles/htdocs/Project (Laravel)/phplaravel/Module_06/vendor/laravel/framework/src/Illuminate/Foundation/Http/Middleware/PreventRequestsDuringMaintenance.php(110): Illuminate\\Pipeline\\Pipeline->Illuminate\\Pipeline\\{closure}(Object(Illuminate\\Http\\Request))
#40 /Applications/XAMPP/xamppfiles/htdocs/Project (Laravel)/phplaravel/Module_06/vendor/laravel/framework/src/Illuminate/Pipeline/Pipeline.php(183): Illuminate\\Foundation\\Http\\Middleware\\PreventRequestsDuringMaintenance->handle(Object(Illuminate\\Http\\Request), Object(Closure))
#41 /Applications/XAMPP/xamppfiles/htdocs/Project (Laravel)/phplaravel/Module_06/vendor/laravel/framework/src/Illuminate/Http/Middleware/HandleCors.php(49): Illuminate\\Pipeline\\Pipeline->Illuminate\\Pipeline\\{closure}(Object(Illuminate\\Http\\Request))
#42 /Applications/XAMPP/xamppfiles/htdocs/Project (Laravel)/phplaravel/Module_06/vendor/laravel/framework/src/Illuminate/Pipeline/Pipeline.php(183): Illuminate\\Http\\Middleware\\HandleCors->handle(Object(Illuminate\\Http\\Request), Object(Closure))
#43 /Applications/XAMPP/xamppfiles/htdocs/Project (Laravel)/phplaravel/Module_06/vendor/laravel/framework/src/Illuminate/Http/Middleware/TrustProxies.php(58): Illuminate\\Pipeline\\Pipeline->Illuminate\\Pipeline\\{closure}(Object(Illuminate\\Http\\Request))
#44 /Applications/XAMPP/xamppfiles/htdocs/Project (Laravel)/phplaravel/Module_06/vendor/laravel/framework/src/Illuminate/Pipeline/Pipeline.php(183): Illuminate\\Http\\Middleware\\TrustProxies->handle(Object(Illuminate\\Http\\Request), Object(Closure))
#45 /Applications/XAMPP/xamppfiles/htdocs/Project (Laravel)/phplaravel/Module_06/vendor/laravel/framework/src/Illuminate/Foundation/Http/Middleware/InvokeDeferredCallbacks.php(22): Illuminate\\Pipeline\\Pipeline->Illuminate\\Pipeline\\{closure}(Object(Illuminate\\Http\\Request))
#46 /Applications/XAMPP/xamppfiles/htdocs/Project (Laravel)/phplaravel/Module_06/vendor/laravel/framework/src/Illuminate/Pipeline/Pipeline.php(183): Illuminate\\Foundation\\Http\\Middleware\\InvokeDeferredCallbacks->handle(Object(Illuminate\\Http\\Request), Object(Closure))
#47 /Applications/XAMPP/xamppfiles/htdocs/Project (Laravel)/phplaravel/Module_06/vendor/laravel/framework/src/Illuminate/Pipeline/Pipeline.php(119): Illuminate\\Pipeline\\Pipeline->Illuminate\\Pipeline\\{closure}(Object(Illuminate\\Http\\Request))
#48 /Applications/XAMPP/xamppfiles/htdocs/Project (Laravel)/phplaravel/Module_06/vendor/laravel/framework/src/Illuminate/Foundation/Http/Kernel.php(176): Illuminate\\Pipeline\\Pipeline->then(Object(Closure))
#49 /Applications/XAMPP/xamppfiles/htdocs/Project (Laravel)/phplaravel/Module_06/vendor/laravel/framework/src/Illuminate/Foundation/Http/Kernel.php(145): Illuminate\\Foundation\\Http\\Kernel->sendRequestThroughRouter(Object(Illuminate\\Http\\Request))
#50 /Applications/XAMPP/xamppfiles/htdocs/Project (Laravel)/phplaravel/Module_06/vendor/laravel/framework/src/Illuminate/Foundation/Application.php(1188): Illuminate\\Foundation\\Http\\Kernel->handle(Object(Illuminate\\Http\\Request))
#51 /Applications/XAMPP/xamppfiles/htdocs/Project (Laravel)/phplaravel/Module_06/public/index.php(17): Illuminate\\Foundation\\Application->handleRequest(Object(Illuminate\\Http\\Request))
#52 /Applications/XAMPP/xamppfiles/htdocs/Project (Laravel)/phplaravel/Module_06/vendor/laravel/framework/src/Illuminate/Foundation/resources/server.php(23): require_once('/Applications/X...')
#53 {main}

[previous exception] [object] (PDOException(code: 2002): SQLSTATE[HY000] [2002] Connection refused at /Applications/XAMPP/xamppfiles/htdocs/Project (Laravel)/phplaravel/Module_06/vendor/laravel/framework/src/Illuminate/Database/Connectors/Connector.php:66)
[stacktrace]
#0 /Applications/XAMPP/xamppfiles/htdocs/Project (Laravel)/phplaravel/Module_06/vendor/laravel/framework/src/Illuminate/Database/Connectors/Connector.php(66): PDO->__construct('mysql:host=127....', 'root', Object(SensitiveParameterValue), Array)
#1 /Applications/XAMPP/xamppfiles/htdocs/Project (Laravel)/phplaravel/Module_06/vendor/laravel/framework/src/Illuminate/Database/Connectors/Connector.php(85): Illuminate\\Database\\Connectors\\Connector->createPdoConnection('mysql:host=127....', 'root', '', Array)
#2 /Applications/XAMPP/xamppfiles/htdocs/Project (Laravel)/phplaravel/Module_06/vendor/laravel/framework/src/Illuminate/Database/Connectors/Connector.php(48): Illuminate\\Database\\Connectors\\Connector->tryAgainIfCausedByLostConnection(Object(PDOException), 'mysql:host=127....', 'root', '', Array)
#3 /Applications/XAMPP/xamppfiles/htdocs/Project (Laravel)/phplaravel/Module_06/vendor/laravel/framework/src/Illuminate/Database/Connectors/MySqlConnector.php(24): Illuminate\\Database\\Connectors\\Connector->createConnection('mysql:host=127....', Array, Array)
#4 /Applications/XAMPP/xamppfiles/htdocs/Project (Laravel)/phplaravel/Module_06/vendor/laravel/framework/src/Illuminate/Database/Connectors/ConnectionFactory.php(185): Illuminate\\Database\\Connectors\\MySqlConnector->connect(Array)
#5 [internal function]: Illuminate\\Database\\Connectors\\ConnectionFactory->Illuminate\\Database\\Connectors\\{closure}()
#6 /Applications/XAMPP/xamppfiles/htdocs/Project (Laravel)/phplaravel/Module_06/vendor/laravel/framework/src/Illuminate/Database/Connection.php(1231): call_user_func(Object(Closure))
#7 /Applications/XAMPP/xamppfiles/htdocs/Project (Laravel)/phplaravel/Module_06/vendor/laravel/framework/src/Illuminate/Database/Connection.php(1267): Illuminate\\Database\\Connection->getPdo()
#8 /Applications/XAMPP/xamppfiles/htdocs/Project (Laravel)/phplaravel/Module_06/vendor/laravel/framework/src/Illuminate/Database/Connection.php(512): Illuminate\\Database\\Connection->getReadPdo()
#9 /Applications/XAMPP/xamppfiles/htdocs/Project (Laravel)/phplaravel/Module_06/vendor/laravel/framework/src/Illuminate/Database/Connection.php(407): Illuminate\\Database\\Connection->getPdoForSelect(true)
#10 /Applications/XAMPP/xamppfiles/htdocs/Project (Laravel)/phplaravel/Module_06/vendor/laravel/framework/src/Illuminate/Database/Connection.php(812): Illuminate\\Database\\Connection->Illuminate\\Database\\{closure}('select * from `...', Array)
#11 /Applications/XAMPP/xamppfiles/htdocs/Project (Laravel)/phplaravel/Module_06/vendor/laravel/framework/src/Illuminate/Database/Connection.php(979): Illuminate\\Database\\Connection->runQueryCallback('select * from `...', Array, Object(Closure))
#12 /Applications/XAMPP/xamppfiles/htdocs/Project (Laravel)/phplaravel/Module_06/vendor/laravel/framework/src/Illuminate/Database/Connection.php(958): Illuminate\\Database\\Connection->tryAgainIfCausedByLostConnection(Object(Illuminate\\Database\\QueryException), 'select * from `...', Array, Object(Closure))
#13 /Applications/XAMPP/xamppfiles/htdocs/Project (Laravel)/phplaravel/Module_06/vendor/laravel/framework/src/Illuminate/Database/Connection.php(781): Illuminate\\Database\\Connection->handleQueryException(Object(Illuminate\\Database\\QueryException), 'select * from `...', Array, Object(Closure))
#14 /Applications/XAMPP/xamppfiles/htdocs/Project (Laravel)/phplaravel/Module_06/vendor/laravel/framework/src/Illuminate/Database/Connection.php(398): Illuminate\\Database\\Connection->run('select * from `...', Array, Object(Closure))
#15 /Applications/XAMPP/xamppfiles/htdocs/Project (Laravel)/phplaravel/Module_06/vendor/laravel/framework/src/Illuminate/Database/Query/Builder.php(3130): Illuminate\\Database\\Connection->select('select * from `...', Array, true)
#16 /Applications/XAMPP/xamppfiles/htdocs/Project (Laravel)/phplaravel/Module_06/vendor/laravel/framework/src/Illuminate/Database/Query/Builder.php(3115): Illuminate\\Database\\Query\\Builder->runSelect()
#17 /Applications/XAMPP/xamppfiles/htdocs/Project (Laravel)/phplaravel/Module_06/vendor/laravel/framework/src/Illuminate/Database/Query/Builder.php(3703): Illuminate\\Database\\Query\\Builder->Illuminate\\Database\\Query\\{closure}()
#18 /Applications/XAMPP/xamppfiles/htdocs/Project (Laravel)/phplaravel/Module_06/vendor/laravel/framework/src/Illuminate/Database/Query/Builder.php(3114): Illuminate\\Database\\Query\\Builder->onceWithColumns(Array, Object(Closure))
#19 /Applications/XAMPP/xamppfiles/htdocs/Project (Laravel)/phplaravel/Module_06/vendor/laravel/framework/src/Illuminate/Database/Concerns/BuildsQueries.php(344): Illuminate\\Database\\Query\\Builder->get(Array)
#20 /Applications/XAMPP/xamppfiles/htdocs/Project (Laravel)/phplaravel/Module_06/vendor/laravel/framework/src/Illuminate/Database/Query/Builder.php(3035): Illuminate\\Database\\Query\\Builder->first(Array)
#21 /Applications/XAMPP/xamppfiles/htdocs/Project (Laravel)/phplaravel/Module_06/vendor/laravel/framework/src/Illuminate/Session/DatabaseSessionHandler.php(97): Illuminate\\Database\\Query\\Builder->find('iWdY2NYVlqQHXuf...')
#22 /Applications/XAMPP/xamppfiles/htdocs/Project (Laravel)/phplaravel/Module_06/vendor/laravel/framework/src/Illuminate/Session/Store.php(113): Illuminate\\Session\\DatabaseSessionHandler->read('iWdY2NYVlqQHXuf...')
#23 /Applications/XAMPP/xamppfiles/htdocs/Project (Laravel)/phplaravel/Module_06/vendor/laravel/framework/src/Illuminate/Session/Store.php(101): Illuminate\\Session\\Store->readFromHandler()
#24 /Applications/XAMPP/xamppfiles/htdocs/Project (Laravel)/phplaravel/Module_06/vendor/laravel/framework/src/Illuminate/Session/Store.php(85): Illuminate\\Session\\Store->loadSession()
#25 /Applications/XAMPP/xamppfiles/htdocs/Project (Laravel)/phplaravel/Module_06/vendor/laravel/framework/src/Illuminate/Session/Middleware/StartSession.php(147): Illuminate\\Session\\Store->start()
#26 /Applications/XAMPP/xamppfiles/htdocs/Project (Laravel)/phplaravel/Module_06/vendor/laravel/framework/src/Illuminate/Support/helpers.php(380): Illuminate\\Session\\Middleware\\StartSession->Illuminate\\Session\\Middleware\\{closure}(Object(Illuminate\\Session\\Store))
#27 /Applications/XAMPP/xamppfiles/htdocs/Project (Laravel)/phplaravel/Module_06/vendor/laravel/framework/src/Illuminate/Session/Middleware/StartSession.php(144): tap(Object(Illuminate\\Session\\Store), Object(Closure))
#28 /Applications/XAMPP/xamppfiles/htdocs/Project (Laravel)/phplaravel/Module_06/vendor/laravel/framework/src/Illuminate/Session/Middleware/StartSession.php(116): Illuminate\\Session\\Middleware\\StartSession->startSession(Object(Illuminate\\Http\\Request), Object(Illuminate\\Session\\Store))
#29 /Applications/XAMPP/xamppfiles/htdocs/Project (Laravel)/phplaravel/Module_06/vendor/laravel/framework/src/Illuminate/Session/Middleware/StartSession.php(64): Illuminate\\Session\\Middleware\\StartSession->handleStatefulRequest(Object(Illuminate\\Http\\Request), Object(Illuminate\\Session\\Store), Object(Closure))
#30 /Applications/XAMPP/xamppfiles/htdocs/Project (Laravel)/phplaravel/Module_06/vendor/laravel/framework/src/Illuminate/Pipeline/Pipeline.php(183): Illuminate\\Session\\Middleware\\StartSession->handle(Object(Illuminate\\Http\\Request), Object(Closure))
#31 /Applications/XAMPP/xamppfiles/htdocs/Project (Laravel)/phplaravel/Module_06/vendor/laravel/framework/src/Illuminate/Cookie/Middleware/AddQueuedCookiesToResponse.php(37): Illuminate\\Pipeline\\Pipeline->Illuminate\\Pipeline\\{closure}(Object(Illuminate\\Http\\Request))
#32 /Applications/XAMPP/xamppfiles/htdocs/Project (Laravel)/phplaravel/Module_06/vendor/laravel/framework/src/Illuminate/Pipeline/Pipeline.php(183): Illuminate\\Cookie\\Middleware\\AddQueuedCookiesToResponse->handle(Object(Illuminate\\Http\\Request), Object(Closure))
#33 /Applications/XAMPP/xamppfiles/htdocs/Project (Laravel)/phplaravel/Module_06/vendor/laravel/framework/src/Illuminate/Cookie/Middleware/EncryptCookies.php(75): Illuminate\\Pipeline\\Pipeline->Illuminate\\Pipeline\\{closure}(Object(Illuminate\\Http\\Request))
#34 /Applications/XAMPP/xamppfiles/htdocs/Project (Laravel)/phplaravel/Module_06/vendor/laravel/framework/src/Illuminate/Pipeline/Pipeline.php(183): Illuminate\\Cookie\\Middleware\\EncryptCookies->handle(Object(Illuminate\\Http\\Request), Object(Closure))
#35 /Applications/XAMPP/xamppfiles/htdocs/Project (Laravel)/phplaravel/Module_06/vendor/laravel/framework/src/Illuminate/Pipeline/Pipeline.php(119): Illuminate\\Pipeline\\Pipeline->Illuminate\\Pipeline\\{closure}(Object(Illuminate\\Http\\Request))
#36 /Applications/XAMPP/xamppfiles/htdocs/Project (Laravel)/phplaravel/Module_06/vendor/laravel/framework/src/Illuminate/Routing/Router.php(807): Illuminate\\Pipeline\\Pipeline->then(Object(Closure))
#37 /Applications/XAMPP/xamppfiles/htdocs/Project (Laravel)/phplaravel/Module_06/vendor/laravel/framework/src/Illuminate/Routing/Router.php(786): Illuminate\\Routing\\Router->runRouteWithinStack(Object(Illuminate\\Routing\\Route), Object(Illuminate\\Http\\Request))
#38 /Applications/XAMPP/xamppfiles/htdocs/Project (Laravel)/phplaravel/Module_06/vendor/laravel/framework/src/Illuminate/Routing/Router.php(750): Illuminate\\Routing\\Router->runRoute(Object(Illuminate\\Http\\Request), Object(Illuminate\\Routing\\Route))
#39 /Applications/XAMPP/xamppfiles/htdocs/Project (Laravel)/phplaravel/Module_06/vendor/laravel/framework/src/Illuminate/Routing/Router.php(739): Illuminate\\Routing\\Router->dispatchToRoute(Object(Illuminate\\Http\\Request))
#40 /Applications/XAMPP/xamppfiles/htdocs/Project (Laravel)/phplaravel/Module_06/vendor/laravel/framework/src/Illuminate/Foundation/Http/Kernel.php(201): Illuminate\\Routing\\Router->dispatch(Object(Illuminate\\Http\\Request))
#41 /Applications/XAMPP/xamppfiles/htdocs/Project (Laravel)/phplaravel/Module_06/vendor/laravel/framework/src/Illuminate/Pipeline/Pipeline.php(144): Illuminate\\Foundation\\Http\\Kernel->Illuminate\\Foundation\\Http\\{closure}(Object(Illuminate\\Http\\Request))
#42 /Applications/XAMPP/xamppfiles/htdocs/Project (Laravel)/phplaravel/Module_06/vendor/laravel/framework/src/Illuminate/Foundation/Http/Middleware/TransformsRequest.php(21): Illuminate\\Pipeline\\Pipeline->Illuminate\\Pipeline\\{closure}(Object(Illuminate\\Http\\Request))
#43 /Applications/XAMPP/xamppfiles/htdocs/Project (Laravel)/phplaravel/Module_06/vendor/laravel/framework/src/Illuminate/Foundation/Http/Middleware/ConvertEmptyStringsToNull.php(31): Illuminate\\Foundation\\Http\\Middleware\\TransformsRequest->handle(Object(Illuminate\\Http\\Request), Object(Closure))
#44 /Applications/XAMPP/xamppfiles/htdocs/Project (Laravel)/phplaravel/Module_06/vendor/laravel/framework/src/Illuminate/Pipeline/Pipeline.php(183): Illuminate\\Foundation\\Http\\Middleware\\ConvertEmptyStringsToNull->handle(Object(Illuminate\\Http\\Request), Object(Closure))
#45 /Applications/XAMPP/xamppfiles/htdocs/Project (Laravel)/phplaravel/Module_06/vendor/laravel/framework/src/Illuminate/Foundation/Http/Middleware/TransformsRequest.php(21): Illuminate\\Pipeline\\Pipeline->Illuminate\\Pipeline\\{closure}(Object(Illuminate\\Http\\Request))
#46 /Applications/XAMPP/xamppfiles/htdocs/Project (Laravel)/phplaravel/Module_06/vendor/laravel/framework/src/Illuminate/Foundation/Http/Middleware/TrimStrings.php(51): Illuminate\\Foundation\\Http\\Middleware\\TransformsRequest->handle(Object(Illuminate\\Http\\Request), Object(Closure))
#47 /Applications/XAMPP/xamppfiles/htdocs/Project (Laravel)/phplaravel/Module_06/vendor/laravel/framework/src/Illuminate/Pipeline/Pipeline.php(183): Illuminate\\Foundation\\Http\\Middleware\\TrimStrings->handle(Object(Illuminate\\Http\\Request), Object(Closure))
#48 /Applications/XAMPP/xamppfiles/htdocs/Project (Laravel)/phplaravel/Module_06/vendor/laravel/framework/src/Illuminate/Http/Middleware/ValidatePostSize.php(27): Illuminate\\Pipeline\\Pipeline->Illuminate\\Pipeline\\{closure}(Object(Illuminate\\Http\\Request))
#49 /Applications/XAMPP/xamppfiles/htdocs/Project (Laravel)/phplaravel/Module_06/vendor/laravel/framework/src/Illuminate/Pipeline/Pipeline.php(183): Illuminate\\Http\\Middleware\\ValidatePostSize->handle(Object(Illuminate\\Http\\Request), Object(Closure))
#50 /Applications/XAMPP/xamppfiles/htdocs/Project (Laravel)/phplaravel/Module_06/vendor/laravel/framework/src/Illuminate/Foundation/Http/Middleware/PreventRequestsDuringMaintenance.php(110): Illuminate\\Pipeline\\Pipeline->Illuminate\\Pipeline\\{closure}(Object(Illuminate\\Http\\Request))
#51 /Applications/XAMPP/xamppfiles/htdocs/Project (Laravel)/phplaravel/Module_06/vendor/laravel/framework/src/Illuminate/Pipeline/Pipeline.php(183): Illuminate\\Foundation\\Http\\Middleware\\PreventRequestsDuringMaintenance->handle(Object(Illuminate\\Http\\Request), Object(Closure))
#52 /Applications/XAMPP/xamppfiles/htdocs/Project (Laravel)/phplaravel/Module_06/vendor/laravel/framework/src/Illuminate/Http/Middleware/HandleCors.php(49): Illuminate\\Pipeline\\Pipeline->Illuminate\\Pipeline\\{closure}(Object(Illuminate\\Http\\Request))
#53 /Applications/XAMPP/xamppfiles/htdocs/Project (Laravel)/phplaravel/Module_06/vendor/laravel/framework/src/Illuminate/Pipeline/Pipeline.php(183): Illuminate\\Http\\Middleware\\HandleCors->handle(Object(Illuminate\\Http\\Request), Object(Closure))
#54 /Applications/XAMPP/xamppfiles/htdocs/Project (Laravel)/phplaravel/Module_06/vendor/laravel/framework/src/Illuminate/Http/Middleware/TrustProxies.php(58): Illuminate\\Pipeline\\Pipeline->Illuminate\\Pipeline\\{closure}(Object(Illuminate\\Http\\Request))
#55 /Applications/XAMPP/xamppfiles/htdocs/Project (Laravel)/phplaravel/Module_06/vendor/laravel/framework/src/Illuminate/Pipeline/Pipeline.php(183): Illuminate\\Http\\Middleware\\TrustProxies->handle(Object(Illuminate\\Http\\Request), Object(Closure))
#56 /Applications/XAMPP/xamppfiles/htdocs/Project (Laravel)/phplaravel/Module_06/vendor/laravel/framework/src/Illuminate/Foundation/Http/Middleware/InvokeDeferredCallbacks.php(22): Illuminate\\Pipeline\\Pipeline->Illuminate\\Pipeline\\{closure}(Object(Illuminate\\Http\\Request))
#57 /Applications/XAMPP/xamppfiles/htdocs/Project (Laravel)/phplaravel/Module_06/vendor/laravel/framework/src/Illuminate/Pipeline/Pipeline.php(183): Illuminate\\Foundation\\Http\\Middleware\\InvokeDeferredCallbacks->handle(Object(Illuminate\\Http\\Request), Object(Closure))
#58 /Applications/XAMPP/xamppfiles/htdocs/Project (Laravel)/phplaravel/Module_06/vendor/laravel/framework/src/Illuminate/Pipeline/Pipeline.php(119): Illuminate\\Pipeline\\Pipeline->Illuminate\\Pipeline\\{closure}(Object(Illuminate\\Http\\Request))
#59 /Applications/XAMPP/xamppfiles/htdocs/Project (Laravel)/phplaravel/Module_06/vendor/laravel/framework/src/Illuminate/Foundation/Http/Kernel.php(176): Illuminate\\Pipeline\\Pipeline->then(Object(Closure))
#60 /Applications/XAMPP/xamppfiles/htdocs/Project (Laravel)/phplaravel/Module_06/vendor/laravel/framework/src/Illuminate/Foundation/Http/Kernel.php(145): Illuminate\\Foundation\\Http\\Kernel->sendRequestThroughRouter(Object(Illuminate\\Http\\Request))
#61 /Applications/XAMPP/xamppfiles/htdocs/Project (Laravel)/phplaravel/Module_06/vendor/laravel/framework/src/Illuminate/Foundation/Application.php(1188): Illuminate\\Foundation\\Http\\Kernel->handle(Object(Illuminate\\Http\\Request))
#62 /Applications/XAMPP/xamppfiles/htdocs/Project (Laravel)/phplaravel/Module_06/public/index.php(17): Illuminate\\Foundation\\Application->handleRequest(Object(Illuminate\\Http\\Request))
#63 /Applications/XAMPP/xamppfiles/htdocs/Project (Laravel)/phplaravel/Module_06/vendor/laravel/framework/src/Illuminate/Foundation/resources/server.php(23): require_once('/Applications/X...')
#64 {main}
"} 
[2024-09-28 18:29:29] local.ERROR: SQLSTATE[HY000] [2002] Connection refused (Connection: mysql, SQL: select * from `sessions` where `id` = lbpwvOMA84HESoJwiZ76SpFcwtERDdl3uXIdqNCj limit 1) {"exception":"[object] (Illuminate\\Database\\QueryException(code: 2002): SQLSTATE[HY000] [2002] Connection refused (Connection: mysql, SQL: select * from `sessions` where `id` = lbpwvOMA84HESoJwiZ76SpFcwtERDdl3uXIdqNCj limit 1) at /Applications/XAMPP/xamppfiles/htdocs/Project (Laravel)/phplaravel/Module_06/vendor/laravel/framework/src/Illuminate/Database/Connection.php:825)
[stacktrace]
#0 /Applications/XAMPP/xamppfiles/htdocs/Project (Laravel)/phplaravel/Module_06/vendor/laravel/framework/src/Illuminate/Database/Connection.php(979): Illuminate\\Database\\Connection->runQueryCallback('select * from `...', Array, Object(Closure))
#1 /Applications/XAMPP/xamppfiles/htdocs/Project (Laravel)/phplaravel/Module_06/vendor/laravel/framework/src/Illuminate/Database/Connection.php(958): Illuminate\\Database\\Connection->tryAgainIfCausedByLostConnection(Object(Illuminate\\Database\\QueryException), 'select * from `...', Array, Object(Closure))
#2 /Applications/XAMPP/xamppfiles/htdocs/Project (Laravel)/phplaravel/Module_06/vendor/laravel/framework/src/Illuminate/Database/Connection.php(781): Illuminate\\Database\\Connection->handleQueryException(Object(Illuminate\\Database\\QueryException), 'select * from `...', Array, Object(Closure))
#3 /Applications/XAMPP/xamppfiles/htdocs/Project (Laravel)/phplaravel/Module_06/vendor/laravel/framework/src/Illuminate/Database/Connection.php(398): Illuminate\\Database\\Connection->run('select * from `...', Array, Object(Closure))
#4 /Applications/XAMPP/xamppfiles/htdocs/Project (Laravel)/phplaravel/Module_06/vendor/laravel/framework/src/Illuminate/Database/Query/Builder.php(3130): Illuminate\\Database\\Connection->select('select * from `...', Array, true)
#5 /Applications/XAMPP/xamppfiles/htdocs/Project (Laravel)/phplaravel/Module_06/vendor/laravel/framework/src/Illuminate/Database/Query/Builder.php(3115): Illuminate\\Database\\Query\\Builder->runSelect()
#6 /Applications/XAMPP/xamppfiles/htdocs/Project (Laravel)/phplaravel/Module_06/vendor/laravel/framework/src/Illuminate/Database/Query/Builder.php(3703): Illuminate\\Database\\Query\\Builder->Illuminate\\Database\\Query\\{closure}()
#7 /Applications/XAMPP/xamppfiles/htdocs/Project (Laravel)/phplaravel/Module_06/vendor/laravel/framework/src/Illuminate/Database/Query/Builder.php(3114): Illuminate\\Database\\Query\\Builder->onceWithColumns(Array, Object(Closure))
#8 /Applications/XAMPP/xamppfiles/htdocs/Project (Laravel)/phplaravel/Module_06/vendor/laravel/framework/src/Illuminate/Database/Concerns/BuildsQueries.php(344): Illuminate\\Database\\Query\\Builder->get(Array)
#9 /Applications/XAMPP/xamppfiles/htdocs/Project (Laravel)/phplaravel/Module_06/vendor/laravel/framework/src/Illuminate/Database/Query/Builder.php(3035): Illuminate\\Database\\Query\\Builder->first(Array)
#10 /Applications/XAMPP/xamppfiles/htdocs/Project (Laravel)/phplaravel/Module_06/vendor/laravel/framework/src/Illuminate/Session/DatabaseSessionHandler.php(97): Illuminate\\Database\\Query\\Builder->find('lbpwvOMA84HESoJ...')
#11 /Applications/XAMPP/xamppfiles/htdocs/Project (Laravel)/phplaravel/Module_06/vendor/laravel/framework/src/Illuminate/Session/Store.php(113): Illuminate\\Session\\DatabaseSessionHandler->read('lbpwvOMA84HESoJ...')
#12 /Applications/XAMPP/xamppfiles/htdocs/Project (Laravel)/phplaravel/Module_06/vendor/laravel/framework/src/Illuminate/Session/Store.php(101): Illuminate\\Session\\Store->readFromHandler()
#13 /Applications/XAMPP/xamppfiles/htdocs/Project (Laravel)/phplaravel/Module_06/vendor/laravel/framework/src/Illuminate/Session/Store.php(85): Illuminate\\Session\\Store->loadSession()
#14 /Applications/XAMPP/xamppfiles/htdocs/Project (Laravel)/phplaravel/Module_06/vendor/laravel/framework/src/Illuminate/Session/Middleware/StartSession.php(147): Illuminate\\Session\\Store->start()
#15 /Applications/XAMPP/xamppfiles/htdocs/Project (Laravel)/phplaravel/Module_06/vendor/laravel/framework/src/Illuminate/Support/helpers.php(380): Illuminate\\Session\\Middleware\\StartSession->Illuminate\\Session\\Middleware\\{closure}(Object(Illuminate\\Session\\Store))
#16 /Applications/XAMPP/xamppfiles/htdocs/Project (Laravel)/phplaravel/Module_06/vendor/laravel/framework/src/Illuminate/Session/Middleware/StartSession.php(144): tap(Object(Illuminate\\Session\\Store), Object(Closure))
#17 /Applications/XAMPP/xamppfiles/htdocs/Project (Laravel)/phplaravel/Module_06/vendor/laravel/framework/src/Illuminate/Session/Middleware/StartSession.php(116): Illuminate\\Session\\Middleware\\StartSession->startSession(Object(Illuminate\\Http\\Request), Object(Illuminate\\Session\\Store))
#18 /Applications/XAMPP/xamppfiles/htdocs/Project (Laravel)/phplaravel/Module_06/vendor/laravel/framework/src/Illuminate/Session/Middleware/StartSession.php(64): Illuminate\\Session\\Middleware\\StartSession->handleStatefulRequest(Object(Illuminate\\Http\\Request), Object(Illuminate\\Session\\Store), Object(Closure))
#19 /Applications/XAMPP/xamppfiles/htdocs/Project (Laravel)/phplaravel/Module_06/vendor/laravel/framework/src/Illuminate/Pipeline/Pipeline.php(183): Illuminate\\Session\\Middleware\\StartSession->handle(Object(Illuminate\\Http\\Request), Object(Closure))
#20 /Applications/XAMPP/xamppfiles/htdocs/Project (Laravel)/phplaravel/Module_06/vendor/laravel/framework/src/Illuminate/Cookie/Middleware/AddQueuedCookiesToResponse.php(37): Illuminate\\Pipeline\\Pipeline->Illuminate\\Pipeline\\{closure}(Object(Illuminate\\Http\\Request))
#21 /Applications/XAMPP/xamppfiles/htdocs/Project (Laravel)/phplaravel/Module_06/vendor/laravel/framework/src/Illuminate/Pipeline/Pipeline.php(183): Illuminate\\Cookie\\Middleware\\AddQueuedCookiesToResponse->handle(Object(Illuminate\\Http\\Request), Object(Closure))
#22 /Applications/XAMPP/xamppfiles/htdocs/Project (Laravel)/phplaravel/Module_06/vendor/laravel/framework/src/Illuminate/Cookie/Middleware/EncryptCookies.php(75): Illuminate\\Pipeline\\Pipeline->Illuminate\\Pipeline\\{closure}(Object(Illuminate\\Http\\Request))
#23 /Applications/XAMPP/xamppfiles/htdocs/Project (Laravel)/phplaravel/Module_06/vendor/laravel/framework/src/Illuminate/Pipeline/Pipeline.php(183): Illuminate\\Cookie\\Middleware\\EncryptCookies->handle(Object(Illuminate\\Http\\Request), Object(Closure))
#24 /Applications/XAMPP/xamppfiles/htdocs/Project (Laravel)/phplaravel/Module_06/vendor/laravel/framework/src/Illuminate/Pipeline/Pipeline.php(119): Illuminate\\Pipeline\\Pipeline->Illuminate\\Pipeline\\{closure}(Object(Illuminate\\Http\\Request))
#25 /Applications/XAMPP/xamppfiles/htdocs/Project (Laravel)/phplaravel/Module_06/vendor/laravel/framework/src/Illuminate/Routing/Router.php(807): Illuminate\\Pipeline\\Pipeline->then(Object(Closure))
#26 /Applications/XAMPP/xamppfiles/htdocs/Project (Laravel)/phplaravel/Module_06/vendor/laravel/framework/src/Illuminate/Routing/Router.php(786): Illuminate\\Routing\\Router->runRouteWithinStack(Object(Illuminate\\Routing\\Route), Object(Illuminate\\Http\\Request))
#27 /Applications/XAMPP/xamppfiles/htdocs/Project (Laravel)/phplaravel/Module_06/vendor/laravel/framework/src/Illuminate/Routing/Router.php(750): Illuminate\\Routing\\Router->runRoute(Object(Illuminate\\Http\\Request), Object(Illuminate\\Routing\\Route))
#28 /Applications/XAMPP/xamppfiles/htdocs/Project (Laravel)/phplaravel/Module_06/vendor/laravel/framework/src/Illuminate/Routing/Router.php(739): Illuminate\\Routing\\Router->dispatchToRoute(Object(Illuminate\\Http\\Request))
#29 /Applications/XAMPP/xamppfiles/htdocs/Project (Laravel)/phplaravel/Module_06/vendor/laravel/framework/src/Illuminate/Foundation/Http/Kernel.php(201): Illuminate\\Routing\\Router->dispatch(Object(Illuminate\\Http\\Request))
#30 /Applications/XAMPP/xamppfiles/htdocs/Project (Laravel)/phplaravel/Module_06/vendor/laravel/framework/src/Illuminate/Pipeline/Pipeline.php(144): Illuminate\\Foundation\\Http\\Kernel->Illuminate\\Foundation\\Http\\{closure}(Object(Illuminate\\Http\\Request))
#31 /Applications/XAMPP/xamppfiles/htdocs/Project (Laravel)/phplaravel/Module_06/vendor/laravel/framework/src/Illuminate/Foundation/Http/Middleware/TransformsRequest.php(21): Illuminate\\Pipeline\\Pipeline->Illuminate\\Pipeline\\{closure}(Object(Illuminate\\Http\\Request))
#32 /Applications/XAMPP/xamppfiles/htdocs/Project (Laravel)/phplaravel/Module_06/vendor/laravel/framework/src/Illuminate/Foundation/Http/Middleware/ConvertEmptyStringsToNull.php(31): Illuminate\\Foundation\\Http\\Middleware\\TransformsRequest->handle(Object(Illuminate\\Http\\Request), Object(Closure))
#33 /Applications/XAMPP/xamppfiles/htdocs/Project (Laravel)/phplaravel/Module_06/vendor/laravel/framework/src/Illuminate/Pipeline/Pipeline.php(183): Illuminate\\Foundation\\Http\\Middleware\\ConvertEmptyStringsToNull->handle(Object(Illuminate\\Http\\Request), Object(Closure))
#34 /Applications/XAMPP/xamppfiles/htdocs/Project (Laravel)/phplaravel/Module_06/vendor/laravel/framework/src/Illuminate/Foundation/Http/Middleware/TransformsRequest.php(21): Illuminate\\Pipeline\\Pipeline->Illuminate\\Pipeline\\{closure}(Object(Illuminate\\Http\\Request))
#35 /Applications/XAMPP/xamppfiles/htdocs/Project (Laravel)/phplaravel/Module_06/vendor/laravel/framework/src/Illuminate/Foundation/Http/Middleware/TrimStrings.php(51): Illuminate\\Foundation\\Http\\Middleware\\TransformsRequest->handle(Object(Illuminate\\Http\\Request), Object(Closure))
#36 /Applications/XAMPP/xamppfiles/htdocs/Project (Laravel)/phplaravel/Module_06/vendor/laravel/framework/src/Illuminate/Pipeline/Pipeline.php(183): Illuminate\\Foundation\\Http\\Middleware\\TrimStrings->handle(Object(Illuminate\\Http\\Request), Object(Closure))
#37 /Applications/XAMPP/xamppfiles/htdocs/Project (Laravel)/phplaravel/Module_06/vendor/laravel/framework/src/Illuminate/Http/Middleware/ValidatePostSize.php(27): Illuminate\\Pipeline\\Pipeline->Illuminate\\Pipeline\\{closure}(Object(Illuminate\\Http\\Request))
#38 /Applications/XAMPP/xamppfiles/htdocs/Project (Laravel)/phplaravel/Module_06/vendor/laravel/framework/src/Illuminate/Pipeline/Pipeline.php(183): Illuminate\\Http\\Middleware\\ValidatePostSize->handle(Object(Illuminate\\Http\\Request), Object(Closure))
#39 /Applications/XAMPP/xamppfiles/htdocs/Project (Laravel)/phplaravel/Module_06/vendor/laravel/framework/src/Illuminate/Foundation/Http/Middleware/PreventRequestsDuringMaintenance.php(110): Illuminate\\Pipeline\\Pipeline->Illuminate\\Pipeline\\{closure}(Object(Illuminate\\Http\\Request))
#40 /Applications/XAMPP/xamppfiles/htdocs/Project (Laravel)/phplaravel/Module_06/vendor/laravel/framework/src/Illuminate/Pipeline/Pipeline.php(183): Illuminate\\Foundation\\Http\\Middleware\\PreventRequestsDuringMaintenance->handle(Object(Illuminate\\Http\\Request), Object(Closure))
#41 /Applications/XAMPP/xamppfiles/htdocs/Project (Laravel)/phplaravel/Module_06/vendor/laravel/framework/src/Illuminate/Http/Middleware/HandleCors.php(49): Illuminate\\Pipeline\\Pipeline->Illuminate\\Pipeline\\{closure}(Object(Illuminate\\Http\\Request))
#42 /Applications/XAMPP/xamppfiles/htdocs/Project (Laravel)/phplaravel/Module_06/vendor/laravel/framework/src/Illuminate/Pipeline/Pipeline.php(183): Illuminate\\Http\\Middleware\\HandleCors->handle(Object(Illuminate\\Http\\Request), Object(Closure))
#43 /Applications/XAMPP/xamppfiles/htdocs/Project (Laravel)/phplaravel/Module_06/vendor/laravel/framework/src/Illuminate/Http/Middleware/TrustProxies.php(58): Illuminate\\Pipeline\\Pipeline->Illuminate\\Pipeline\\{closure}(Object(Illuminate\\Http\\Request))
#44 /Applications/XAMPP/xamppfiles/htdocs/Project (Laravel)/phplaravel/Module_06/vendor/laravel/framework/src/Illuminate/Pipeline/Pipeline.php(183): Illuminate\\Http\\Middleware\\TrustProxies->handle(Object(Illuminate\\Http\\Request), Object(Closure))
#45 /Applications/XAMPP/xamppfiles/htdocs/Project (Laravel)/phplaravel/Module_06/vendor/laravel/framework/src/Illuminate/Foundation/Http/Middleware/InvokeDeferredCallbacks.php(22): Illuminate\\Pipeline\\Pipeline->Illuminate\\Pipeline\\{closure}(Object(Illuminate\\Http\\Request))
#46 /Applications/XAMPP/xamppfiles/htdocs/Project (Laravel)/phplaravel/Module_06/vendor/laravel/framework/src/Illuminate/Pipeline/Pipeline.php(183): Illuminate\\Foundation\\Http\\Middleware\\InvokeDeferredCallbacks->handle(Object(Illuminate\\Http\\Request), Object(Closure))
#47 /Applications/XAMPP/xamppfiles/htdocs/Project (Laravel)/phplaravel/Module_06/vendor/laravel/framework/src/Illuminate/Pipeline/Pipeline.php(119): Illuminate\\Pipeline\\Pipeline->Illuminate\\Pipeline\\{closure}(Object(Illuminate\\Http\\Request))
#48 /Applications/XAMPP/xamppfiles/htdocs/Project (Laravel)/phplaravel/Module_06/vendor/laravel/framework/src/Illuminate/Foundation/Http/Kernel.php(176): Illuminate\\Pipeline\\Pipeline->then(Object(Closure))
#49 /Applications/XAMPP/xamppfiles/htdocs/Project (Laravel)/phplaravel/Module_06/vendor/laravel/framework/src/Illuminate/Foundation/Http/Kernel.php(145): Illuminate\\Foundation\\Http\\Kernel->sendRequestThroughRouter(Object(Illuminate\\Http\\Request))
#50 /Applications/XAMPP/xamppfiles/htdocs/Project (Laravel)/phplaravel/Module_06/vendor/laravel/framework/src/Illuminate/Foundation/Application.php(1188): Illuminate\\Foundation\\Http\\Kernel->handle(Object(Illuminate\\Http\\Request))
#51 /Applications/XAMPP/xamppfiles/htdocs/Project (Laravel)/phplaravel/Module_06/public/index.php(17): Illuminate\\Foundation\\Application->handleRequest(Object(Illuminate\\Http\\Request))
#52 /Applications/XAMPP/xamppfiles/htdocs/Project (Laravel)/phplaravel/Module_06/vendor/laravel/framework/src/Illuminate/Foundation/resources/server.php(23): require_once('/Applications/X...')
#53 {main}

[previous exception] [object] (PDOException(code: 2002): SQLSTATE[HY000] [2002] Connection refused at /Applications/XAMPP/xamppfiles/htdocs/Project (Laravel)/phplaravel/Module_06/vendor/laravel/framework/src/Illuminate/Database/Connectors/Connector.php:66)
[stacktrace]
#0 /Applications/XAMPP/xamppfiles/htdocs/Project (Laravel)/phplaravel/Module_06/vendor/laravel/framework/src/Illuminate/Database/Connectors/Connector.php(66): PDO->__construct('mysql:host=127....', 'root', Object(SensitiveParameterValue), Array)
#1 /Applications/XAMPP/xamppfiles/htdocs/Project (Laravel)/phplaravel/Module_06/vendor/laravel/framework/src/Illuminate/Database/Connectors/Connector.php(85): Illuminate\\Database\\Connectors\\Connector->createPdoConnection('mysql:host=127....', 'root', '', Array)
#2 /Applications/XAMPP/xamppfiles/htdocs/Project (Laravel)/phplaravel/Module_06/vendor/laravel/framework/src/Illuminate/Database/Connectors/Connector.php(48): Illuminate\\Database\\Connectors\\Connector->tryAgainIfCausedByLostConnection(Object(PDOException), 'mysql:host=127....', 'root', '', Array)
#3 /Applications/XAMPP/xamppfiles/htdocs/Project (Laravel)/phplaravel/Module_06/vendor/laravel/framework/src/Illuminate/Database/Connectors/MySqlConnector.php(24): Illuminate\\Database\\Connectors\\Connector->createConnection('mysql:host=127....', Array, Array)
#4 /Applications/XAMPP/xamppfiles/htdocs/Project (Laravel)/phplaravel/Module_06/vendor/laravel/framework/src/Illuminate/Database/Connectors/ConnectionFactory.php(185): Illuminate\\Database\\Connectors\\MySqlConnector->connect(Array)
#5 [internal function]: Illuminate\\Database\\Connectors\\ConnectionFactory->Illuminate\\Database\\Connectors\\{closure}()
#6 /Applications/XAMPP/xamppfiles/htdocs/Project (Laravel)/phplaravel/Module_06/vendor/laravel/framework/src/Illuminate/Database/Connection.php(1231): call_user_func(Object(Closure))
#7 /Applications/XAMPP/xamppfiles/htdocs/Project (Laravel)/phplaravel/Module_06/vendor/laravel/framework/src/Illuminate/Database/Connection.php(1267): Illuminate\\Database\\Connection->getPdo()
#8 /Applications/XAMPP/xamppfiles/htdocs/Project (Laravel)/phplaravel/Module_06/vendor/laravel/framework/src/Illuminate/Database/Connection.php(512): Illuminate\\Database\\Connection->getReadPdo()
#9 /Applications/XAMPP/xamppfiles/htdocs/Project (Laravel)/phplaravel/Module_06/vendor/laravel/framework/src/Illuminate/Database/Connection.php(407): Illuminate\\Database\\Connection->getPdoForSelect(true)
#10 /Applications/XAMPP/xamppfiles/htdocs/Project (Laravel)/phplaravel/Module_06/vendor/laravel/framework/src/Illuminate/Database/Connection.php(812): Illuminate\\Database\\Connection->Illuminate\\Database\\{closure}('select * from `...', Array)
#11 /Applications/XAMPP/xamppfiles/htdocs/Project (Laravel)/phplaravel/Module_06/vendor/laravel/framework/src/Illuminate/Database/Connection.php(979): Illuminate\\Database\\Connection->runQueryCallback('select * from `...', Array, Object(Closure))
#12 /Applications/XAMPP/xamppfiles/htdocs/Project (Laravel)/phplaravel/Module_06/vendor/laravel/framework/src/Illuminate/Database/Connection.php(958): Illuminate\\Database\\Connection->tryAgainIfCausedByLostConnection(Object(Illuminate\\Database\\QueryException), 'select * from `...', Array, Object(Closure))
#13 /Applications/XAMPP/xamppfiles/htdocs/Project (Laravel)/phplaravel/Module_06/vendor/laravel/framework/src/Illuminate/Database/Connection.php(781): Illuminate\\Database\\Connection->handleQueryException(Object(Illuminate\\Database\\QueryException), 'select * from `...', Array, Object(Closure))
#14 /Applications/XAMPP/xamppfiles/htdocs/Project (Laravel)/phplaravel/Module_06/vendor/laravel/framework/src/Illuminate/Database/Connection.php(398): Illuminate\\Database\\Connection->run('select * from `...', Array, Object(Closure))
#15 /Applications/XAMPP/xamppfiles/htdocs/Project (Laravel)/phplaravel/Module_06/vendor/laravel/framework/src/Illuminate/Database/Query/Builder.php(3130): Illuminate\\Database\\Connection->select('select * from `...', Array, true)
#16 /Applications/XAMPP/xamppfiles/htdocs/Project (Laravel)/phplaravel/Module_06/vendor/laravel/framework/src/Illuminate/Database/Query/Builder.php(3115): Illuminate\\Database\\Query\\Builder->runSelect()
#17 /Applications/XAMPP/xamppfiles/htdocs/Project (Laravel)/phplaravel/Module_06/vendor/laravel/framework/src/Illuminate/Database/Query/Builder.php(3703): Illuminate\\Database\\Query\\Builder->Illuminate\\Database\\Query\\{closure}()
#18 /Applications/XAMPP/xamppfiles/htdocs/Project (Laravel)/phplaravel/Module_06/vendor/laravel/framework/src/Illuminate/Database/Query/Builder.php(3114): Illuminate\\Database\\Query\\Builder->onceWithColumns(Array, Object(Closure))
#19 /Applications/XAMPP/xamppfiles/htdocs/Project (Laravel)/phplaravel/Module_06/vendor/laravel/framework/src/Illuminate/Database/Concerns/BuildsQueries.php(344): Illuminate\\Database\\Query\\Builder->get(Array)
#20 /Applications/XAMPP/xamppfiles/htdocs/Project (Laravel)/phplaravel/Module_06/vendor/laravel/framework/src/Illuminate/Database/Query/Builder.php(3035): Illuminate\\Database\\Query\\Builder->first(Array)
#21 /Applications/XAMPP/xamppfiles/htdocs/Project (Laravel)/phplaravel/Module_06/vendor/laravel/framework/src/Illuminate/Session/DatabaseSessionHandler.php(97): Illuminate\\Database\\Query\\Builder->find('lbpwvOMA84HESoJ...')
#22 /Applications/XAMPP/xamppfiles/htdocs/Project (Laravel)/phplaravel/Module_06/vendor/laravel/framework/src/Illuminate/Session/Store.php(113): Illuminate\\Session\\DatabaseSessionHandler->read('lbpwvOMA84HESoJ...')
#23 /Applications/XAMPP/xamppfiles/htdocs/Project (Laravel)/phplaravel/Module_06/vendor/laravel/framework/src/Illuminate/Session/Store.php(101): Illuminate\\Session\\Store->readFromHandler()
#24 /Applications/XAMPP/xamppfiles/htdocs/Project (Laravel)/phplaravel/Module_06/vendor/laravel/framework/src/Illuminate/Session/Store.php(85): Illuminate\\Session\\Store->loadSession()
#25 /Applications/XAMPP/xamppfiles/htdocs/Project (Laravel)/phplaravel/Module_06/vendor/laravel/framework/src/Illuminate/Session/Middleware/StartSession.php(147): Illuminate\\Session\\Store->start()
#26 /Applications/XAMPP/xamppfiles/htdocs/Project (Laravel)/phplaravel/Module_06/vendor/laravel/framework/src/Illuminate/Support/helpers.php(380): Illuminate\\Session\\Middleware\\StartSession->Illuminate\\Session\\Middleware\\{closure}(Object(Illuminate\\Session\\Store))
#27 /Applications/XAMPP/xamppfiles/htdocs/Project (Laravel)/phplaravel/Module_06/vendor/laravel/framework/src/Illuminate/Session/Middleware/StartSession.php(144): tap(Object(Illuminate\\Session\\Store), Object(Closure))
#28 /Applications/XAMPP/xamppfiles/htdocs/Project (Laravel)/phplaravel/Module_06/vendor/laravel/framework/src/Illuminate/Session/Middleware/StartSession.php(116): Illuminate\\Session\\Middleware\\StartSession->startSession(Object(Illuminate\\Http\\Request), Object(Illuminate\\Session\\Store))
#29 /Applications/XAMPP/xamppfiles/htdocs/Project (Laravel)/phplaravel/Module_06/vendor/laravel/framework/src/Illuminate/Session/Middleware/StartSession.php(64): Illuminate\\Session\\Middleware\\StartSession->handleStatefulRequest(Object(Illuminate\\Http\\Request), Object(Illuminate\\Session\\Store), Object(Closure))
#30 /Applications/XAMPP/xamppfiles/htdocs/Project (Laravel)/phplaravel/Module_06/vendor/laravel/framework/src/Illuminate/Pipeline/Pipeline.php(183): Illuminate\\Session\\Middleware\\StartSession->handle(Object(Illuminate\\Http\\Request), Object(Closure))
#31 /Applications/XAMPP/xamppfiles/htdocs/Project (Laravel)/phplaravel/Module_06/vendor/laravel/framework/src/Illuminate/Cookie/Middleware/AddQueuedCookiesToResponse.php(37): Illuminate\\Pipeline\\Pipeline->Illuminate\\Pipeline\\{closure}(Object(Illuminate\\Http\\Request))
#32 /Applications/XAMPP/xamppfiles/htdocs/Project (Laravel)/phplaravel/Module_06/vendor/laravel/framework/src/Illuminate/Pipeline/Pipeline.php(183): Illuminate\\Cookie\\Middleware\\AddQueuedCookiesToResponse->handle(Object(Illuminate\\Http\\Request), Object(Closure))
#33 /Applications/XAMPP/xamppfiles/htdocs/Project (Laravel)/phplaravel/Module_06/vendor/laravel/framework/src/Illuminate/Cookie/Middleware/EncryptCookies.php(75): Illuminate\\Pipeline\\Pipeline->Illuminate\\Pipeline\\{closure}(Object(Illuminate\\Http\\Request))
#34 /Applications/XAMPP/xamppfiles/htdocs/Project (Laravel)/phplaravel/Module_06/vendor/laravel/framework/src/Illuminate/Pipeline/Pipeline.php(183): Illuminate\\Cookie\\Middleware\\EncryptCookies->handle(Object(Illuminate\\Http\\Request), Object(Closure))
#35 /Applications/XAMPP/xamppfiles/htdocs/Project (Laravel)/phplaravel/Module_06/vendor/laravel/framework/src/Illuminate/Pipeline/Pipeline.php(119): Illuminate\\Pipeline\\Pipeline->Illuminate\\Pipeline\\{closure}(Object(Illuminate\\Http\\Request))
#36 /Applications/XAMPP/xamppfiles/htdocs/Project (Laravel)/phplaravel/Module_06/vendor/laravel/framework/src/Illuminate/Routing/Router.php(807): Illuminate\\Pipeline\\Pipeline->then(Object(Closure))
#37 /Applications/XAMPP/xamppfiles/htdocs/Project (Laravel)/phplaravel/Module_06/vendor/laravel/framework/src/Illuminate/Routing/Router.php(786): Illuminate\\Routing\\Router->runRouteWithinStack(Object(Illuminate\\Routing\\Route), Object(Illuminate\\Http\\Request))
#38 /Applications/XAMPP/xamppfiles/htdocs/Project (Laravel)/phplaravel/Module_06/vendor/laravel/framework/src/Illuminate/Routing/Router.php(750): Illuminate\\Routing\\Router->runRoute(Object(Illuminate\\Http\\Request), Object(Illuminate\\Routing\\Route))
#39 /Applications/XAMPP/xamppfiles/htdocs/Project (Laravel)/phplaravel/Module_06/vendor/laravel/framework/src/Illuminate/Routing/Router.php(739): Illuminate\\Routing\\Router->dispatchToRoute(Object(Illuminate\\Http\\Request))
#40 /Applications/XAMPP/xamppfiles/htdocs/Project (Laravel)/phplaravel/Module_06/vendor/laravel/framework/src/Illuminate/Foundation/Http/Kernel.php(201): Illuminate\\Routing\\Router->dispatch(Object(Illuminate\\Http\\Request))
#41 /Applications/XAMPP/xamppfiles/htdocs/Project (Laravel)/phplaravel/Module_06/vendor/laravel/framework/src/Illuminate/Pipeline/Pipeline.php(144): Illuminate\\Foundation\\Http\\Kernel->Illuminate\\Foundation\\Http\\{closure}(Object(Illuminate\\Http\\Request))
#42 /Applications/XAMPP/xamppfiles/htdocs/Project (Laravel)/phplaravel/Module_06/vendor/laravel/framework/src/Illuminate/Foundation/Http/Middleware/TransformsRequest.php(21): Illuminate\\Pipeline\\Pipeline->Illuminate\\Pipeline\\{closure}(Object(Illuminate\\Http\\Request))
#43 /Applications/XAMPP/xamppfiles/htdocs/Project (Laravel)/phplaravel/Module_06/vendor/laravel/framework/src/Illuminate/Foundation/Http/Middleware/ConvertEmptyStringsToNull.php(31): Illuminate\\Foundation\\Http\\Middleware\\TransformsRequest->handle(Object(Illuminate\\Http\\Request), Object(Closure))
#44 /Applications/XAMPP/xamppfiles/htdocs/Project (Laravel)/phplaravel/Module_06/vendor/laravel/framework/src/Illuminate/Pipeline/Pipeline.php(183): Illuminate\\Foundation\\Http\\Middleware\\ConvertEmptyStringsToNull->handle(Object(Illuminate\\Http\\Request), Object(Closure))
#45 /Applications/XAMPP/xamppfiles/htdocs/Project (Laravel)/phplaravel/Module_06/vendor/laravel/framework/src/Illuminate/Foundation/Http/Middleware/TransformsRequest.php(21): Illuminate\\Pipeline\\Pipeline->Illuminate\\Pipeline\\{closure}(Object(Illuminate\\Http\\Request))
#46 /Applications/XAMPP/xamppfiles/htdocs/Project (Laravel)/phplaravel/Module_06/vendor/laravel/framework/src/Illuminate/Foundation/Http/Middleware/TrimStrings.php(51): Illuminate\\Foundation\\Http\\Middleware\\TransformsRequest->handle(Object(Illuminate\\Http\\Request), Object(Closure))
#47 /Applications/XAMPP/xamppfiles/htdocs/Project (Laravel)/phplaravel/Module_06/vendor/laravel/framework/src/Illuminate/Pipeline/Pipeline.php(183): Illuminate\\Foundation\\Http\\Middleware\\TrimStrings->handle(Object(Illuminate\\Http\\Request), Object(Closure))
#48 /Applications/XAMPP/xamppfiles/htdocs/Project (Laravel)/phplaravel/Module_06/vendor/laravel/framework/src/Illuminate/Http/Middleware/ValidatePostSize.php(27): Illuminate\\Pipeline\\Pipeline->Illuminate\\Pipeline\\{closure}(Object(Illuminate\\Http\\Request))
#49 /Applications/XAMPP/xamppfiles/htdocs/Project (Laravel)/phplaravel/Module_06/vendor/laravel/framework/src/Illuminate/Pipeline/Pipeline.php(183): Illuminate\\Http\\Middleware\\ValidatePostSize->handle(Object(Illuminate\\Http\\Request), Object(Closure))
#50 /Applications/XAMPP/xamppfiles/htdocs/Project (Laravel)/phplaravel/Module_06/vendor/laravel/framework/src/Illuminate/Foundation/Http/Middleware/PreventRequestsDuringMaintenance.php(110): Illuminate\\Pipeline\\Pipeline->Illuminate\\Pipeline\\{closure}(Object(Illuminate\\Http\\Request))
#51 /Applications/XAMPP/xamppfiles/htdocs/Project (Laravel)/phplaravel/Module_06/vendor/laravel/framework/src/Illuminate/Pipeline/Pipeline.php(183): Illuminate\\Foundation\\Http\\Middleware\\PreventRequestsDuringMaintenance->handle(Object(Illuminate\\Http\\Request), Object(Closure))
#52 /Applications/XAMPP/xamppfiles/htdocs/Project (Laravel)/phplaravel/Module_06/vendor/laravel/framework/src/Illuminate/Http/Middleware/HandleCors.php(49): Illuminate\\Pipeline\\Pipeline->Illuminate\\Pipeline\\{closure}(Object(Illuminate\\Http\\Request))
#53 /Applications/XAMPP/xamppfiles/htdocs/Project (Laravel)/phplaravel/Module_06/vendor/laravel/framework/src/Illuminate/Pipeline/Pipeline.php(183): Illuminate\\Http\\Middleware\\HandleCors->handle(Object(Illuminate\\Http\\Request), Object(Closure))
#54 /Applications/XAMPP/xamppfiles/htdocs/Project (Laravel)/phplaravel/Module_06/vendor/laravel/framework/src/Illuminate/Http/Middleware/TrustProxies.php(58): Illuminate\\Pipeline\\Pipeline->Illuminate\\Pipeline\\{closure}(Object(Illuminate\\Http\\Request))
#55 /Applications/XAMPP/xamppfiles/htdocs/Project (Laravel)/phplaravel/Module_06/vendor/laravel/framework/src/Illuminate/Pipeline/Pipeline.php(183): Illuminate\\Http\\Middleware\\TrustProxies->handle(Object(Illuminate\\Http\\Request), Object(Closure))
#56 /Applications/XAMPP/xamppfiles/htdocs/Project (Laravel)/phplaravel/Module_06/vendor/laravel/framework/src/Illuminate/Foundation/Http/Middleware/InvokeDeferredCallbacks.php(22): Illuminate\\Pipeline\\Pipeline->Illuminate\\Pipeline\\{closure}(Object(Illuminate\\Http\\Request))
#57 /Applications/XAMPP/xamppfiles/htdocs/Project (Laravel)/phplaravel/Module_06/vendor/laravel/framework/src/Illuminate/Pipeline/Pipeline.php(183): Illuminate\\Foundation\\Http\\Middleware\\InvokeDeferredCallbacks->handle(Object(Illuminate\\Http\\Request), Object(Closure))
#58 /Applications/XAMPP/xamppfiles/htdocs/Project (Laravel)/phplaravel/Module_06/vendor/laravel/framework/src/Illuminate/Pipeline/Pipeline.php(119): Illuminate\\Pipeline\\Pipeline->Illuminate\\Pipeline\\{closure}(Object(Illuminate\\Http\\Request))
#59 /Applications/XAMPP/xamppfiles/htdocs/Project (Laravel)/phplaravel/Module_06/vendor/laravel/framework/src/Illuminate/Foundation/Http/Kernel.php(176): Illuminate\\Pipeline\\Pipeline->then(Object(Closure))
#60 /Applications/XAMPP/xamppfiles/htdocs/Project (Laravel)/phplaravel/Module_06/vendor/laravel/framework/src/Illuminate/Foundation/Http/Kernel.php(145): Illuminate\\Foundation\\Http\\Kernel->sendRequestThroughRouter(Object(Illuminate\\Http\\Request))
#61 /Applications/XAMPP/xamppfiles/htdocs/Project (Laravel)/phplaravel/Module_06/vendor/laravel/framework/src/Illuminate/Foundation/Application.php(1188): Illuminate\\Foundation\\Http\\Kernel->handle(Object(Illuminate\\Http\\Request))
#62 /Applications/XAMPP/xamppfiles/htdocs/Project (Laravel)/phplaravel/Module_06/public/index.php(17): Illuminate\\Foundation\\Application->handleRequest(Object(Illuminate\\Http\\Request))
#63 /Applications/XAMPP/xamppfiles/htdocs/Project (Laravel)/phplaravel/Module_06/vendor/laravel/framework/src/Illuminate/Foundation/resources/server.php(23): require_once('/Applications/X...')
#64 {main}
"} 
